mutant,DMS_score,DMS_score_bin
A2C,0.08024280712025,1
A2D,0.0707589541463,1
A2Y,0.0864180850128,1
A2V,0.056139271959,1
A2T,0.09091721751255,1
A2S,0.0758003908524,1
A2R,0.0860118328061999,1
A2N,0.09416171095475,1
A2W,0.0380406115151954,1
A2L,0.0886315023927,1
A2K,0.1107166200372,1
A2I,0.0343651918953,1
A2G,0.0567037603166,1
A2F,0.1198138361466,1
A2M,0.123068721884,1
A2E,0.0697758630313,1
S3L,0.04677515970195,1
S3M,0.04615865614805,1
S3N,-0.01002969012917,1
S3P,0.06867423315705,1
S3V,0.07398602491885,1
S3T,0.08850942730125,1
S3W,-0.0283184944715999,1
S3Y,0.0673719219512,1
S3K,0.0864456497933,1
S3Q,0.03282253961035,1
S3I,0.0671500894906,1
S3R,0.0427210345961,1
S3G,-0.0327298248411,1
S3A,-0.0144861314113499,1
S3C,0.0241265483520999,1
S3H,0.04425169354155,1
S3E,0.049296678822,1
S3F,0.03518318243165,1
S3D,0.05004326029375,1
E4T,-0.0255044162417,1
E4S,-0.02817441778735,1
E4R,-0.12125731096785,1
E4Q,-0.0664858517738,1
E4P,-0.1167952090009499,1
E4N,-0.05300861226255,1
E4L,-0.07253852542225,1
E4V,0.012947640689805,1
E4H,-0.023612844661725,1
E4G,-0.0691078054262,1
E4F,-0.1013948846332,1
E4D,-0.031891882872169,1
E4K,-0.0856119571446809,1
E4I,0.02716544758635,1
E4A,-0.05251023697085,1
E4C,0.011775509868625,1
E4Y,-0.0684756734206,1
E4W,-0.4528989113745,0
T5S,0.008863279176405,1
T5A,-0.0365429620964,1
T5C,-0.064371569513,1
T5D,-0.0934107768438,1
T5G,-0.2247001121615,1
T5H,-0.017928995931335,1
T5Q,-0.03862031905315,1
T5I,-0.0073075761367,1
T5L,-0.008298590437535,1
T5M,0.0377460120130999,1
T5N,-0.0225729377753,1
T5P,-0.00577174780463,1
T5E,-0.1233090568985,1
T5Y,-0.09165689894265,1
T5W,-0.1748287955555,1
T5V,-0.03761787095732,1
T5K,0.01545092092525,1
T5R,-0.02998054542055,1
T5F,-0.0211926331327,1
F6K,-0.3863222182545,0
F6I,0.00312888621737,1
F6M,-0.0628536669559,1
F6A,-0.812820253171,0
F6C,-0.151059821679,1
F6D,-1.0473228620275,0
F6E,-1.0798043477125,0
F6G,-0.4669504099115,0
F6Y,-0.00810431894625,1
F6L,-0.1002238492834999,1
F6V,-0.297800339376,1
F6Q,-0.216877352242,1
F6R,-0.2991313606804999,1
F6S,-0.7532227027725,0
F6H,-0.1793330175325,1
F6T,-0.9228907526995,0
F6N,-0.6132237849355,0
F6W,-0.287281756907,1
F6P,-1.059135434924,0
E7Y,-0.1214517705465,1
E7V,-0.1566586981465,1
E7S,-0.0966709294478,1
E7R,-0.519807202088,0
E7Q,-0.1888401809595,1
E7N,-0.0739604424227499,1
E7M,-0.486334949617,0
E7L,-0.23455880148,1
E7K,-0.5058642174870001,0
E7I,-0.0534080662682,1
E7H,-0.195572742202,1
E7G,-0.3668071340185,0
E7F,-0.1749859389475,1
E7D,0.02042585561595,1
E7P,-0.326842656371,0
E7C,-0.1343959853206499,1
E7T,-0.1146964307709999,1
E7A,-0.1633294413025,1
F8A,-0.5714148933465,0
F8E,-1.07406259076,0
F8G,-1.080216653485,0
F8H,-0.2745743473995,1
F8I,-0.1084116577795,1
F8K,-0.9407735877575,0
F8L,-0.247679798033,1
F8M,-0.0999798568042,1
F8N,-0.87499519926,0
F8C,-0.282304619847,1
F8Q,-0.3589406170395,0
F8R,-1.10834874647,0
F8S,-0.610117821291,0
F8T,-0.219360104661,1
F8V,-0.1819312828339999,1
F8W,-0.1310671299054999,1
F8Y,-0.0078249500963,1
F8P,-0.638835510189,0
Q9V,-0.0154064229060499,1
Q9T,0.011949855811025,1
Q9S,0.0057723014596499,1
Q9R,-0.05934756403485,1
Q9P,-0.9472669312055,0
Q9N,0.006102829897785,1
Q9L,-0.02910523704515,1
Q9K,-0.1423388010475,1
Q9G,-0.036015333215505,1
Q9H,-0.07063705571775,1
Q9F,-0.039868032101,1
Q9E,0.04863273595495,1
Q9D,-0.0773891305578,1
Q9C,-0.06595658973655,1
Q9A,-0.04777920114865,1
Q9W,-0.11621333428375,1
Q9I,-0.02222754335678,1
Q9Y,-0.0382155859669499,1
A10P,-0.90564008721,0
A10Q,-0.5438682884375,0
A10W,-0.8661843591425,0
A10N,-0.586321602805,0
A10M,-0.1305358626545,1
A10L,-0.9356548925385,0
A10K,-1.2567745929149998,0
A10I,-0.482661042128,0
A10H,-0.4748570994845,0
A10G,-0.07671930377335,1
A10F,-0.5321223958005,0
A10E,-0.8789091959784999,0
A10R,-1.152541064825,0
A10S,-0.00905620885373,1
A10T,0.0510379166949,1
A10D,-1.2037326643655,0
A10V,-0.07551254327255,1
A10C,-0.09842688685695,1
A10Y,-0.6192701305399999,0
E11A,-0.040355009202305,1
E11C,-0.0296591731596349,1
E11D,-0.120838812258,1
E11F,-0.262443156512,1
E11G,-0.0845991738369,1
E11H,-0.0881974286041499,1
E11I,-0.12143273695675,1
E11K,-0.0836878368648,1
E11L,-0.1392846628345,1
E11N,-0.138788849508,1
E11P,-1.074044546895,0
E11Q,-0.0147865657647999,1
E11M,-0.1152411577735,1
E11S,-0.06862686731235,1
E11T,-0.08835066885635,1
E11Y,-0.08241482653635,1
E11W,-0.2484545651375001,1
E11R,-0.2176924992465,1
E11V,-0.074657600469,1
I12V,-0.0240999926966249,1
I12D,-0.1390389549175,1
I12E,-0.0294516692954,1
I12F,-0.2287651358695,1
I12G,-0.8320013593865,0
I12H,-0.0424445340399,1
I12K,-0.09966384645245,1
I12L,0.01173600960275,1
I12M,-0.0815227754762999,1
I12C,-0.06854722642385,1
I12Q,-0.022059928723485,1
I12R,-0.07236336496725,1
I12S,-0.2097665567229999,1
I12T,-0.0816733681675,1
I12Y,-0.12475340770555,1
I12N,-0.0979635787556,1
I12P,-1.1218292098520002,0
I12A,-0.215445119078,1
T13I,-0.08194138311505,1
T13A,0.0026316063102,1
T13C,-0.034166184883,1
T13D,-0.07136065758875,1
T13E,0.02216732729655,1
T13F,-0.0266373083222999,1
T13Y,-0.0475716448745,1
T13W,-0.9057114488905,0
T13S,-0.0217218868312,1
T13R,-0.0980158545765,1
T13Q,-0.1119293717598,1
T13P,-0.4265158483935,0
T13N,0.0455203514623,1
T13M,-0.01341219822815,1
T13G,-0.05055974022655,1
T13V,-0.08087514326955,1
T13H,-0.1690779609905,1
T13K,-0.16881008102345,1
T13L,-0.11323816819155,1
Q14Y,-0.14771798536265,1
Q14W,-0.3067155369945,0
Q14V,-0.3581437514685,0
Q14T,-0.06155252695475,1
Q14A,-0.01077239404525,1
Q14C,-0.0629699798926999,1
Q14D,-0.0209924914688,1
Q14E,-0.02104667143415,1
Q14F,-1.1854539974690002,0
Q14H,0.01870474653655,1
Q14I,-0.150206753837,1
Q14K,-0.15837761426735,1
Q14L,-0.07834838415175,1
Q14N,-0.050474057808355,1
Q14G,-0.07395195214115,1
Q14M,-0.0634594621198949,1
Q14P,-0.345611858549,0
Q14R,-0.1209021609155,1
Q14S,-0.0919802404308,1
L15W,-0.7943379412549999,0
L15G,-0.4669446331895,0
L15H,-0.579826936943,0
L15I,-0.0051904317013999,1
L15K,-0.750580904754,0
L15V,-0.0257291709372999,1
L15F,-0.0815523342632,1
L15M,-0.0047253992618,1
L15C,0.010778681285285,1
L15A,-0.07218307045385,1
L15T,-0.0488615286756,1
L15S,-0.15951571427,1
L15R,-1.1626243829249998,0
L15Q,-0.4448135354829999,0
L15P,-1.128503050255,0
L15Y,-0.4723682836325,0
L15N,-0.9554812247875,0
L15D,-0.990809786707,0
M16Y,-0.6622507967525,0
M16W,-1.2745341407150002,0
M16C,-0.253075703047,1
M16E,-0.3017459010839999,0
M16Q,-0.0919232763813,1
M16R,-0.12667163148615,1
M16P,-0.999506974841,0
M16S,-0.1231171274585,1
M16D,-0.9163903266575,0
M16V,-0.10161131396525,1
M16N,-0.1561658787702999,1
M16T,-0.000518808082905,1
M16K,-0.1946727035485,1
M16I,-0.0799051308058,1
M16H,-0.247093041451,1
M16G,-0.521852557206,0
M16F,-0.7384533880624999,0
M16A,-0.4350200152589999,0
M16L,-0.0651879831686999,1
S17C,-0.0263618917680449,1
S17D,-0.01850667750195,1
S17E,-0.01999728081255,1
S17F,-0.162141990681,1
S17G,-0.0379011397234499,1
S17A,0.00903280270235,1
S17W,-0.534568225746,0
S17Y,-0.2379676474875,1
S17I,-0.2147374310114999,1
S17V,-0.04827772485205,1
S17T,0.01788364411715,1
S17R,-0.1012859129007,1
S17H,-0.066789442704,1
S17P,-0.192936531538,1
S17N,-0.0676900126761849,1
S17M,-0.2938835033974999,1
S17L,-0.460702494816,0
S17K,-0.06409419601465,1
S17Q,-0.06559864310133,1
L18M,-0.1693134799185,1
L18K,-0.7393137893964999,0
L18I,-0.02741106995438,1
L18H,-0.2342306789665,1
L18E,-0.455874321072,0
L18F,-0.5682623097785,0
L18D,-0.3376382806324999,0
L18C,-0.0803330034163,1
L18A,-0.189141798431,1
L18G,-0.2813714751785,1
L18N,-0.1689046542264999,1
L18P,-0.8887799687925001,0
L18R,-0.5227094858160001,0
L18S,-0.2654828247149999,1
L18T,-0.1031389348553,1
L18V,-0.018136595571495,1
L18W,-1.0756762566775,0
L18Y,-0.8225754896524999,0
L18Q,-0.240567240581,1
I19S,-0.2051683817315,1
I19T,-0.137219804181,1
I19W,-1.2282300730100002,0
I19Y,-0.3534393208355,0
I19N,-0.5190069585525,0
I19R,-1.04870182768,0
I19Q,-0.3085628314474999,0
I19P,-1.11506320397,0
I19M,-0.0973837151221,1
I19V,-0.08368008472855,1
I19K,-0.8462826997859999,0
I19A,-0.157421104714,1
I19C,-0.1380109003855499,1
I19L,-0.0506965486991,1
I19D,-0.786975973621,0
I19F,-0.0423694447328499,1
I19G,-0.504252365294,0
I19H,-0.222305088242,1
I19E,-0.5877384193315001,0
I20H,-0.2454452082835,1
I20Y,-0.08653002358265,1
I20D,-0.8148957498389999,0
I20E,-0.4770197181395,0
I20F,-0.0729593114938,1
I20W,-0.8354084728905,0
I20V,-0.01489034017945,1
I20T,-0.0399398905312,1
I20S,-0.361219879995,0
I20Q,-0.504105607724,0
I20P,-0.9111686917595,0
I20N,-0.282841729792,1
I20M,-0.3027957263695,0
I20A,-0.0311761889208,1
I20L,-1.1263918832850002,0
I20K,-1.08270134839,0
I20G,-0.252667412,1
I20R,-0.936533672517,0
I20C,-0.0468497166796,1
N21P,-1.5273116613100002,0
N21E,-0.190015394253,1
N21H,0.0297958671228,1
N21I,-0.10366207920295,1
N21K,-0.2979225783715,1
N21L,-0.08618556833845,1
N21D,-0.203922000442,1
N21G,-0.213155477362,1
N21Q,-0.04005448902955,1
N21F,-0.1701118950815,1
N21S,-0.06215407631565,1
N21T,-0.2070382311575,1
N21V,-0.1070936368977499,1
N21Y,-0.4891226509945,0
N21A,-0.11909760487335,1
N21M,-0.04768451112855,1
N21C,0.049873290914065,1
N21R,-0.1057821944855,1
T22W,-0.5407736763165001,0
T22V,-0.0882431347962,1
T22R,-0.4612276482904999,0
T22Q,-0.3713626967205,0
T22P,-0.4165224286694999,0
T22N,-0.4803294143295,0
T22M,-0.3403465279034999,0
T22S,-0.1500856789715,1
T22G,-0.358389415797,0
T22I,-0.8532702662684999,0
T22H,-0.585391379849,0
T22E,-0.4704403807765,0
T22D,-1.1132061115295,0
T22C,-0.0597522613451,1
T22A,-0.0608403601984499,1
T22Y,-0.494083901827,0
T22L,-0.3164510081185,0
T22K,-0.4621213778149999,0
V23H,-1.558640800965,0
V23P,-0.9847116866105,0
V23L,0.0069857201506999,1
V23C,5.2168658550001e-05,1
V23T,-0.05588760144625,1
V23S,-0.1749763268645,1
V23R,-1.254697720625,0
V23Q,-0.352568255528,0
V23G,-0.441076748939,0
V23F,-0.329928768592,0
V23E,-0.4376427412095,0
V23A,-0.017246986691755,1
V23D,-1.0757841313249998,0
V23Y,-1.22440526204,0
V23I,-0.0200441425660999,1
V23K,-1.1383779941299998,0
Y24F,-0.0662961062292,1
Y24V,-0.6131473611575,0
Y24E,-1.279422295785,0
Y24S,-0.695186295551,0
Y24R,-1.169438201345,0
Y24Q,-0.8594298643264999,0
Y24P,-1.272408798455,0
Y24N,-0.3794709793355,0
Y24T,-0.5922319566684999,0
Y24K,-1.0257171351099998,0
Y24I,-0.846268123749,0
Y24H,-0.4072133936265,0
Y24G,-1.0149966583285,0
Y24A,-0.7864742580609999,0
Y24C,-0.604095226447,0
Y24D,-1.161472328455,0
Y24L,-0.7884914609305,0
S25P,-0.1237259081381,1
S25N,0.0554613681162,1
S25M,-0.0398252592175,1
S25L,-0.06283879950835,1
S25K,-0.01314768698424,1
S25I,-0.01437697211065,1
S25E,-0.04551116340675,1
S25G,-0.0227322112405999,1
S25F,-0.02784174581565,1
S25D,-0.224228282591,1
S25C,0.016365012214195,1
S25A,0.012517403553245,1
S25H,0.06079056556915,1
S25R,-0.0727527240804,1
S25Q,-0.0132938079594599,1
S25W,-0.0004408739483649,1
S25Y,0.00537182251335,1
S25V,0.0133822155206895,1
S25T,0.00855914079305,1
N26F,-0.07555082361505,1
N26G,0.001071423078295,1
N26H,-0.0791980176123,1
N26I,-0.1222696144336,1
N26K,-0.183646278321,1
N26L,-0.0467864578595,1
N26C,-0.286049827295,1
N26P,-0.5309585947950001,0
N26Q,-0.0394233101556,1
N26R,-0.0737249182314,1
N26S,-0.03268580733935,1
N26T,-0.0110087522951535,1
N26V,-0.0198426762525,1
N26M,-0.1174448110353,1
N26E,0.015929992840646,1
N26Y,-0.010764497222035,1
N26A,-0.05176381486405,1
N26W,-0.03196357545177,1
N26D,-0.00660493223455,1
K27F,-0.07564404526915,1
K27E,-0.040231008266,1
K27D,-0.02473551344145,1
K27R,0.043534253405,1
K27C,-0.04766589234215,1
K27A,-0.022641446671755,1
K27Q,-0.00346689990175,1
K27N,0.0069797826459,1
K27G,-0.01918695732823,1
K27H,-0.0071846831313499,1
K27I,0.0659740038643,1
K27L,-0.0643265725057,1
K27M,-0.194242125685,1
K27P,-0.01341051316085,1
K27S,0.0133743390825999,1
K27T,0.0417984524633,1
K27V,-0.03130722131899,1
K27W,-0.0828493243881,1
K27Y,0.01136552533105,1
E28P,-0.2313668099055,1
E28S,-0.0071748692407999,1
E28T,-0.06167404067275,1
E28V,-0.05253117266235,1
E28W,-0.03122519695615,1
E28Y,-0.03578609171245,1
E28R,-0.1923412236985,1
E28Q,0.0016115820114499,1
E28C,0.0419819471810999,1
E28A,0.01585559356925,1
E28F,0.00266024370455,1
E28G,-0.022471725525695,1
E28H,-0.02317263964191,1
E28I,-0.1814250264635,1
E28K,-0.09282413601035,1
E28L,-0.099939437322,1
E28M,-0.11127495906955,1
E28D,0.020405494997255,1
E28N,-0.039340198543895,1
I29T,-0.0434492075215999,1
I29M,-0.1618644402466,1
I29N,-0.111883286347,1
I29P,-0.02210986858935,1
I29Q,-0.10280569209375,1
I29R,-0.250600705149,1
I29S,-0.0605900352641499,1
I29L,-0.3293427115635,0
I29G,-0.0965236476649,1
I29F,-0.03994874285,1
I29E,-0.2694326701695,1
I29D,-0.1707804030075,1
I29C,0.005132546836435,1
I29A,-0.0455515241509,1
I29K,-0.236761751001,1
I29H,-0.0707573931079,1
I29W,-0.8346310197225,0
I29Y,-0.2917382740504999,1
I29V,0.02117098641486,1
F30C,-0.07475888702825,1
F30V,-0.1084554235744999,1
F30W,-0.0801774889966,1
F30A,-0.0247750625866,1
F30Y,0.0321408406193,1
F30D,-1.1819567429100002,0
F30N,-0.01597042998815,1
F30Q,-0.1770820557645,1
F30T,-0.080218933011,1
F30S,-0.06527243323515,1
F30R,-1.084112135825,0
F30G,-0.07363979184255,1
F30H,-0.020452600968345,1
F30I,-0.3603242156045,0
F30K,-1.043452967624,0
F30L,-0.6240709389970001,0
F30E,-0.7109929483045,0
F30P,-0.4478096818485,0
L31G,-0.0244448695689049,1
L31F,0.0254478684152999,1
L31E,-0.0767362746071,1
L31A,0.021431463471235,1
L31H,-0.0068424158323,1
L31Y,0.0021238897091999,1
L31W,-0.04743628812989,1
L31V,0.04741049053855,1
L31T,0.0203058265384,1
L31S,-0.0003508031791499,1
L31R,-0.9901259183175,0
L31Q,-0.0215353486237,1
L31I,-0.002186787466215,1
L31P,-1.0678138927949998,0
L31N,0.0179811700015,1
L31M,-0.01822852061505,1
L31K,0.0004411781093135,1
L31D,-0.0753512249503,1
R32V,-0.9826275227115,0
R32T,-0.8692420690685,0
R32Q,-0.7555664082954999,0
R32P,-0.9911778627875,0
R32N,-1.137721757105,0
R32L,-1.473701860475,0
R32I,-1.1125916030299998,0
R32H,-0.952459677836,0
R32G,-0.955998229077,0
R32E,-1.27149582716,0
R32D,-0.8792374261864999,0
R32C,-0.9246510599135,0
R32A,-1.0514665133315,0
R32S,-1.1190307545799998,0
R32K,-0.4740885785,0
E33G,-1.12489461357,0
E33R,-1.1509413093825,0
E33P,-1.250120964075,0
E33A,-0.8948393820039999,0
E33S,-1.002438278287,0
E33T,-1.1059571676050002,0
E33V,-1.184315425385,0
E33Y,-1.300784964275,0
E33N,-1.5319455886700002,0
E33D,-1.197589822905,0
E33K,-1.45373154539,0
E33I,-1.172509054535,0
E33H,-1.447321057575,0
E33C,-1.15569929214,0
E33L,-1.22905211235,0
L34N,-0.0077087102343,1
L34M,0.02459330149575,1
L34K,-0.015553256626995,1
L34E,-0.04281782948125,1
L34P,-0.03920195537065,1
L34Q,-0.1993592340185,1
L34S,-0.0043571087086,1
L34T,0.036521103579,1
L34V,-0.0161955242103,1
L34W,-0.1947856533964,1
L34Y,-0.246428504405,1
L34I,0.03393329455685,1
L34H,-0.0616752900708,1
L34R,-0.9653670437975,0
L34F,-0.1671827623605,1
L34D,-0.014850297010315,1
L34C,-0.026561579249125,1
L34A,-0.0002378856303499,1
L34G,-0.0150506333559549,1
I35Y,0.02104725965375,1
I35W,-0.1134785849099999,1
I35V,0.0326565599519999,1
I35T,0.0357825277813999,1
I35S,0.0212686232797,1
I35R,-0.7144464377744999,0
I35Q,-0.00385971964199,1
I35P,-0.02581590550361,1
I35K,-0.0068587440506,1
I35H,-0.01832977739665,1
I35L,0.008806100419155,1
I35E,-0.02025400681046,1
I35D,0.0413792341755,1
I35M,-0.04371211691224,1
I35C,0.07115809019645,1
I35A,0.03415268548845,1
I35F,-0.0244679682446,1
I35N,0.03379586608985,1
I35G,0.042923903196085,1
S36W,-0.0589056191333,1
S36T,-0.0682204057026499,1
S36V,-0.0802986489354,1
S36A,-0.01926975531125,1
S36C,-0.052765692909305,1
S36D,-0.4698809755765,0
S36E,-0.759353804145,0
S36G,-0.00264744585044,1
S36H,-0.4016467996450001,0
S36I,-0.3384348195205,0
S36K,-1.159769365143,0
S36F,-0.4650119826635,0
S36M,-0.335496740275,0
S36Y,-0.3975573869179999,0
S36R,-0.957605836,0
S36Q,-0.8152998176505,0
S36P,-0.7014554160250001,0
S36N,-0.08119802084035,1
S36L,-0.67847251542,0
N37T,-1.302529076975,0
N37W,-1.3289359038850002,0
N37V,-1.48489924043,0
N37A,-1.1726789895999998,0
N37C,-0.950212705571,0
N37S,-1.025662655873,0
N37E,-1.640774289055,0
N37F,-1.1416895180115,0
N37G,-1.0678732857585,0
N37H,-1.276708906145,0
N37I,-1.2901839545799998,0
N37K,-1.1409834050399998,0
N37L,-1.128334607345,0
N37P,-1.106763055631,0
N37D,-0.7342542042525,0
N37Q,-1.0816097839299998,0
N37R,-1.3323051218200002,0
A38L,-0.39281747071,0
A38M,-0.4277937379260001,0
A38N,-0.0429917095498,1
A38Y,-0.413621419395,0
A38S,0.003447494421325,1
A38V,-0.169148599299,1
A38T,-0.0219419774970999,1
A38R,-1.28634230622,0
A38K,-0.2207538526065,1
A38W,-1.150798694575,0
A38I,-0.3925256585995,0
A38P,-0.0459885458303,1
A38G,0.00315681936864,1
A38F,-0.3665022622395,0
A38E,-0.219280948249,1
A38D,0.0021388578595,1
A38C,-0.03475807362035,1
A38Q,-0.238338084787,1
A38H,-0.0053306579900699,1
S39Y,-0.11441716019375,1
S39W,-0.1076103772212,1
S39V,0.01562090324667,1
S39T,-0.0063979067137989,1
S39Q,0.003145065449995,1
S39R,-0.10244946910885,1
S39F,-0.1149521554691,1
S39E,-0.5751393685689999,0
S39P,-0.2030930440949999,1
S39N,-0.0404861109888,1
S39M,-0.05588089623125,1
S39L,-0.056794952162,1
S39K,-0.07564309574555,1
S39I,-0.0239104761542,1
S39H,0.010438402257705,1
S39G,-0.01318475517175,1
S39D,-0.242051986797,1
S39C,0.011765934194895,1
S39A,0.0415054673563,1
D40L,-1.4627121545,0
D40M,-0.837370253037,0
D40P,-0.9171895538525,0
D40Q,-0.8569791602835,0
D40V,-1.1188734192749998,0
D40W,-0.703698585494,0
D40T,-1.3659109659150002,0
D40R,-1.21574164342,0
D40K,-1.1925297057300002,0
D40Y,-0.993131336695,0
D40I,-1.478997821,0
D40S,-1.195335448475,0
D40G,-1.2421465148200002,0
D40A,-1.34838744691,0
D40C,-0.9161975670685,0
D40H,-1.165562861758,0
D40F,-0.920980853338,0
D40E,-1.17545140471,0
A41D,-1.172660218535,0
A41E,-1.0976155651795,0
A41F,-1.154128492615,0
A41H,-1.114651891335,0
A41K,-1.39589015898,0
A41L,-1.115746889395,0
A41C,-0.0983078433704,1
A41M,-1.72223228839,0
A41G,-0.0456396054767499,1
A41N,-0.981872527371,0
A41Y,-1.2515004745499998,0
A41V,-0.4375576877035,0
A41T,-0.014746450957545,1
A41I,-0.751304424325,0
A41R,-1.1398628933,0
A41Q,-1.17397731842,0
A41S,0.02616563798695,1
L42D,0.05907241955675,1
L42E,0.0154212159897,1
L42F,-0.09834328109945,1
L42G,0.0218510627953,1
L42H,0.0050064356440999,1
L42I,0.02311757150705,1
L42K,-0.0494787259179499,1
L42N,0.0484913086942499,1
L42S,0.0173505105042,1
L42W,-0.101445254093,1
L42V,-0.010755348950735,1
L42T,0.041192323009,1
L42R,-0.0005150944328449,1
L42M,-0.0078825193945,1
L42Y,0.0122129483941,1
L42Q,0.00423845280067,1
L42A,0.0289257330814,1
L42P,-0.8612883583165001,0
L42C,0.0403129832111999,1
D43S,-0.05877842192025,1
D43A,-0.1002134737654499,1
D43Y,-0.0631760577692999,1
D43W,-0.06583690300035,1
D43V,-0.1972991165395,1
D43C,-0.0853872673441,1
D43E,-1.23444001641,0
D43F,-0.0655385138542,1
D43G,-0.1778769179944999,1
D43H,-0.0359353027318,1
D43I,-0.08702202973295,1
D43K,-0.0223512427974749,1
D43L,-0.0758083685911499,1
D43M,-0.1667136596674999,1
D43N,0.00861520905135,1
D43P,-0.021444277817,1
D43Q,-0.0875148192378,1
D43T,-0.2566602371754999,1
D43R,-0.02600178328905,1
K44R,-0.010448356546955,1
K44Q,0.02642277011065,1
K44P,-0.05372154944275,1
K44N,-0.00509715801145,1
K44M,-0.132216385139,1
K44L,-0.0290936546526,1
K44S,-0.018122424696215,1
K44T,-0.03706419937215,1
K44W,-0.03941704602415,1
K44Y,-0.05793871634955,1
K44V,-0.02354408022195,1
K44A,0.005599677880635,1
K44C,-0.03132500703595,1
K44D,-0.2888470843365,1
K44I,-0.15104980617245,1
K44F,-0.08396635358245,1
K44G,-0.00781108511075,1
K44H,-0.01340800563325,1
K44E,-0.00946578415802,1
I45V,0.0248905888672,1
I45T,-0.0031883713159705,1
I45S,0.02505783568072,1
I45R,-0.01474276153931,1
I45Q,0.004048592071305,1
I45P,0.0068755605999949,1
I45N,0.05386467724805,1
I45M,0.0148055403772715,1
I45K,-0.0401535223818,1
I45H,-0.0037462409646049,1
I45G,0.00765913694133,1
I45Y,-0.00245318284815,1
I45E,0.04957202738525,1
I45D,0.0603467357789,1
I45C,-0.03217494303305,1
I45A,-0.02677045667215,1
I45L,0.002421654796025,1
I45F,-0.0219654827085499,1
I45W,0.03415962091475,1
R46I,-0.1184016166635,1
R46W,0.01245481304834,1
R46V,-0.12866319485235,1
R46T,-0.09495086488525,1
R46S,-0.150950686309,1
R46Q,-0.0779199509898,1
R46P,-0.1512977799386,1
R46N,-0.10154007892485,1
R46Y,-0.0026270574635499,1
R46M,-0.2023859451525,1
R46K,-0.03564553908289,1
R46A,-0.0794237179018999,1
R46C,-0.1221518148185499,1
R46D,0.010653737785235,1
R46E,-0.01422427547265,1
R46F,0.045786650538055,1
R46G,-0.1826501305255,1
R46L,-0.06034101193405,1
R46H,-0.0210564614638499,1
Y47A,0.01048038087618,1
Y47D,-0.2912962356645,1
Y47W,-0.02640142590425,1
Y47V,0.0072401816683835,1
Y47T,-0.0548331180515,1
Y47S,-0.0313342709621115,1
Y47R,-0.0744187949586999,1
Y47Q,0.05985614520115,1
Y47P,-0.06850528616375,1
Y47C,0.01909387547234,1
Y47N,0.00882042882738,1
Y47L,-0.0305533180274,1
Y47K,-0.174463593816,1
Y47I,0.00772762590605,1
Y47H,0.0145808683618799,1
Y47G,-0.0693664526357,1
Y47F,0.0313567434262,1
Y47E,-0.2030210206354999,1
Y47M,-0.04702727004745,1
K48T,-0.05045950532885,1
K48P,-0.021796511861304,1
K48V,-0.023612179881235,1
K48E,0.03801201428435,1
K48R,0.0001375009346,1
K48A,-0.00805773423283,1
K48C,-0.001302875387585,1
K48D,-0.03610740151105,1
K48W,0.02336358009935,1
K48F,0.005809870215145,1
K48G,0.011391508580845,1
K48H,0.0511874225731,1
K48I,0.0227879298424599,1
K48L,-0.00060020801558,1
K48M,-0.049335698445925,1
K48N,-0.0335372562946,1
K48S,0.015929282978765,1
K48Y,0.03117373962475,1
K48Q,0.008376631133685,1
S49M,-0.07958405073745,1
S49W,-0.01822887741755,1
S49A,0.01522596698086,1
S49Q,0.0339004464676,1
S49P,-0.0382676067160199,1
S49N,-0.011007268126328,1
S49C,-0.01697747491593,1
S49L,0.0033486648348,1
S49K,0.01255491137379,1
S49D,-0.038430227794475,1
S49E,0.00262675597145,1
S49Y,-0.058386747805455,1
S49F,0.00536803411765,1
S49G,-0.0140941925622795,1
S49H,0.0656749150365,1
S49I,-0.00422441621975,1
S49T,-0.0030027297744,1
S49R,-0.0016626594652,1
S49V,0.0519150225364,1
L50Y,0.005825360435475,1
L50W,0.04718421657565,1
L50V,0.00983251936285,1
L50A,0.002597049762315,1
L50C,-0.0430834305626,1
L50D,-0.0507843585885,1
L50E,-0.030594341449,1
L50F,-0.023227256356425,1
L50G,-0.005070165877655,1
L50H,0.04127484921365,1
L50I,0.017899478950925,1
L50M,0.018275305816865,1
L50N,-0.0458593624885,1
L50P,-0.0165363901651299,1
L50Q,-0.00511365664185,1
L50R,-0.007841766233925,1
L50S,0.018235094376005,1
L50T,0.007550881842,1
L50K,-0.031501872789275,1
S51E,0.09986183593885,1
S51A,0.02919957229225,1
S51F,-0.00560841381687,1
S51D,-0.0820831694579549,1
S51H,-0.04048089907715,1
S51I,-0.004894005814085,1
S51K,0.02446043284755,1
S51L,0.00541031996735,1
S51N,-0.0109656064280499,1
S51P,-0.0112268324443,1
S51Q,-0.126070962055,1
S51R,0.0091098809862199,1
S51T,-0.001284431309895,1
S51V,-0.0074734447505,1
S51G,0.006022957481045,1
D52M,0.07567392800775,1
D52R,0.009888607959405,1
D52P,-0.0001991094659,1
D52N,0.0025982100281,1
D52L,0.0158528165408999,1
D52K,0.0597789399894,1
D52T,-0.007736139245625,1
D52S,0.00467521301695,1
D52A,0.0614829641487,1
D52C,0.00969065133109,1
D52G,0.00532513054218,1
D52H,0.04967219609614,1
D52E,-0.03494049815585,1
D52Y,-0.0429224586291999,1
D52W,0.01491089059265,1
D52V,0.008620287867,1
D52I,-0.0270374884139,1
P53C,0.0491908871452,1
P53D,0.0310430930784,1
P53W,0.01847933208125,1
P53A,0.0325240297211,1
P53G,0.01149851554997,1
P53Y,0.0279334078119999,1
P53H,0.05559846077515,1
P53V,-0.0072316438229,1
P53M,-0.010833291162535,1
P53S,0.0123429596717999,1
P53R,-0.002547938865265,1
P53Q,-9.716997910000012e-05,1
P53N,0.01563177028476,1
P53L,0.0123496223636,1
P53E,0.00394015221088,1
P53K,0.0313008256581,1
P53I,0.03208748295015,1
P53T,0.009174079426035,1
P53F,0.01694801457215,1
K54H,0.04895878356165,1
K54P,0.06112622071655,1
K54G,0.0066348558957,1
K54F,0.0055191767507499,1
K54E,-0.00250986811015,1
K54C,0.040871311647915,1
K54A,0.0365197854849,1
K54L,-0.0106300622293999,1
K54M,0.01569705686125,1
K54N,0.0179312946653499,1
K54Q,-0.0160718609688,1
K54D,-0.012660922763775,1
K54S,0.018291547417815,1
K54T,0.030191258499125,1
K54V,-0.02095708132005,1
K54W,-0.0161022024048699,1
K54I,0.0044597380505,1
K54Y,0.01130394481635,1
K54R,0.0032121803742999,1
Q55E,0.0709933823299499,1
Q55C,0.0231773975377,1
Q55I,-0.0004418001524,1
Q55H,0.010674039365085,1
Q55G,0.0024290541811149,1
Q55D,0.09949481873885,1
Q55F,0.02057983072545,1
Q55A,-5.703635754999992e-05,1
Q55L,0.00055793430805,1
Q55Y,0.0610829363211,1
Q55W,0.04143479071115,1
Q55K,0.0364876483015,1
Q55T,0.0141732233492999,1
Q55V,0.0072843403920989,1
Q55R,-0.01658457821975,1
Q55P,-0.00080378670495,1
Q55N,-0.00937425168525,1
Q55M,0.05175000800505,1
Q55S,0.02221315887612,1
L56A,0.00730579693895,1
L56C,0.00825541479345,1
L56D,-0.02167780686925,1
L56E,-0.055541106474,1
L56F,-0.0009899606965,1
L56G,0.0185432572109,1
L56H,0.0622191668425,1
L56I,-0.0019221164600999,1
L56M,-7.788806750499977e-05,1
L56N,0.007511968228725,1
L56P,-0.0224896889143285,1
L56Q,0.03697086630485,1
L56R,-0.0194874431605499,1
L56S,0.023514111025995,1
L56T,0.00761107079055,1
L56V,0.0155205361446499,1
L56K,0.0044596049356999,1
L56W,0.05061657050655,1
L56Y,0.0263313428417,1
E57T,0.0386837958403,1
E57A,0.01004304706165,1
E57C,0.01331478101238,1
E57D,0.00251041975275,1
E57F,-0.023390013879195,1
E57G,-0.0061269674980199,1
E57H,0.0924428771225,1
E57I,0.0168313291746,1
E57K,0.01542340392595,1
E57L,-0.0274112150515999,1
E57M,-0.0342647961467,1
E57N,0.04215291387844,1
E57S,0.01842450157495,1
E57Y,0.0055150632783999,1
E57W,0.03396077856445,1
E57P,-0.02588863891695,1
E57Q,0.00468213328725,1
E57R,-0.005661740523565,1
E57V,-0.026807627503135,1
T58Y,-0.00687642721985,1
T58G,-0.0164823347823,1
T58A,-0.01267564798081,1
T58C,0.06186474896105,1
T58D,-0.01213633720875,1
T58E,-0.0006456373010499,1
T58F,0.068828000976,1
T58H,-0.047369450635,1
T58K,0.0328407190646549,1
T58M,-0.02861022180225,1
T58P,0.02212442278438,1
T58Q,0.04206439038175,1
T58R,0.00904385083731,1
T58S,0.0355104687669,1
T58V,0.017597382798675,1
T58W,-0.0896487386928499,1
T58L,0.0319953115484,1
T58I,0.0312241778487,1
T58N,0.0318353641005,1
E59A,0.04982458590175,1
E59Y,-0.0485700128505,1
E59W,-0.0045225323849,1
E59V,-0.007587155742125,1
E59T,-0.0237984496543,1
E59S,0.011812205520405,1
E59R,-0.012974036363245,1
E59Q,0.05653136044605,1
E59P,-0.051121014531285,1
E59N,0.0286421949180499,1
E59M,0.02169895556935,1
E59L,0.009173532068605,1
E59K,-0.0022487464045999,1
E59I,0.0516146679568,1
E59H,-0.027409155757152,1
E59G,0.02530458274195,1
E59F,0.023001556388505,1
E59D,-0.0503974903445,1
E59C,0.027156222835085,1
P60A,-0.02419546192415,1
P60K,0.024812336328195,1
P60E,-0.0071097164017,1
P60G,0.011951665967,1
P60H,0.02631775401235,1
P60I,0.0247584486941995,1
P60L,0.00399322627665,1
P60M,0.054275849590535,1
P60Q,-0.0245347309235,1
P60R,-0.0171628345811149,1
P60S,0.033165864762995,1
P60D,0.0124513095893499,1
P60T,-0.02922263730815,1
P60V,-0.0044692093068999,1
P60W,0.0433141551695999,1
P60Y,-0.0099690301245,1
P60F,0.00176931128694,1
P60C,0.0002161581925999,1
D61C,0.0011892604953955,1
D61A,0.007969477720195,1
D61E,-0.008468071192065,1
D61W,0.0079441029452,1
D61F,-0.01453034139778,1
D61G,0.01392610554675,1
D61H,0.010979080687815,1
D61I,0.05131203224235,1
D61K,-0.05486350735885,1
D61L,-0.0041228037263,1
D61Y,0.0323403146845499,1
D61N,-0.01500556193785,1
D61Q,-0.0106990830156,1
D61R,0.02035479493994,1
D61S,-0.03306127367075,1
D61T,0.0051072220450999,1
D61V,-0.010447752795425,1
D61P,-0.008729219243995,1
D61M,-0.0259013228578,1
L62D,-0.026398653736605,1
L62C,-0.05035351598505,1
L62F,-0.02771111587721,1
L62E,-0.01079502113036,1
L62A,-0.00502743319251,1
L62W,0.03316050172715,1
L62V,0.002664658516655,1
L62T,0.0349865595703449,1
L62S,-0.016261000117075,1
L62R,-0.0356824222516999,1
L62Y,0.04207936349205,1
L62P,-0.0352759373431,1
L62H,-0.015395667796685,1
L62I,0.033895373338,1
L62Q,0.01926685640885,1
L62G,-0.0085747225964149,1
L62K,0.003531446045145,1
L62M,0.04818261438175,1
L62N,0.07069367749375,1
F63V,0.02492830171545,1
F63T,-0.00185377137943,1
F63S,-0.0156518147583,1
F63R,-0.00570876241318,1
F63Q,-0.005488526334045,1
F63P,-0.0589298414071999,1
F63N,0.0511475175227,1
F63L,-0.02268182701845,1
F63K,-0.01536706744595,1
F63Y,-0.04006489835015,1
F63G,0.00920908808385,1
F63E,0.02494790918533,1
F63D,-0.008881687660875,1
F63C,0.0132629637108449,1
F63A,0.0051332339657299,1
F63H,0.02164430871825,1
I64A,-0.00685670089177,1
I64Y,-0.03800517546365,1
I64W,-0.0473405969811,1
I64T,-0.04735010222085,1
I64S,-0.0281880285913,1
I64C,0.01082470710271,1
I64D,-0.150274627591,1
I64E,-0.03265137632785,1
I64F,-0.0424252157410999,1
I64R,-0.08421829840275,1
I64Q,0.0139035473270499,1
I64P,-0.168209441776,1
I64N,-0.01088491839841,1
I64M,0.01948598169375,1
I64L,-0.0068193482208999,1
I64K,-0.03812995223825,1
I64H,-0.0080921244841,1
I64G,-0.00683230245685,1
I64V,-0.0273276272939099,1
R65I,0.014684030165155,1
R65H,0.01433547749745,1
R65L,-0.021432898907585,1
R65E,0.01121925122851,1
R65M,-0.0014755682608499,1
R65C,0.00766309747999,1
R65F,0.01564650488456,1
R65G,-0.0066002644242749,1
R65Y,0.01326034459325,1
R65W,-0.0392185216193499,1
R65A,0.0322212490974,1
R65T,0.0008057932242499,1
R65S,0.00794816724306,1
R65Q,0.0053885693773,1
R65P,-0.01120958702875,1
R65N,0.010120486267595,1
R65K,-0.027224311029615,1
R65V,0.0509238052169,1
R65D,-0.0283099700301082,1
I66D,-0.405214501509,0
I66E,0.0087875790431484,1
I66F,-0.00412410448665,1
I66G,-0.02680762303955,1
I66N,-0.0495776985176,1
I66K,-0.01900513237938,1
I66L,-0.0258470197459749,1
I66M,-0.05390201849575,1
I66P,-0.0196151980993,1
I66Q,0.0648993688363,1
I66R,-1.09444987636,0
I66S,-0.006291939257955,1
I66T,-0.0365078405865,1
I66H,0.07595058153146,1
I66C,0.0111679665632199,1
I66W,-0.030193211180875,1
I66V,-0.0201492975183,1
I66A,-0.02848587838775,1
I66Y,-0.003167606093235,1
T67K,-0.0279744018817,1
T67A,-0.0028370810034499,1
T67C,-0.034002789360595,1
T67Y,-0.02832574774735,1
T67W,0.0509429426144,1
T67M,-0.03140185151944,1
T67V,0.0099936560449,1
T67S,-0.00739248947341,1
T67Q,0.01769125263852,1
T67L,0.00418202484835,1
T67P,0.0010058392062999,1
T67N,-0.018958980316845,1
T67D,-0.07639132698525,1
T67E,-0.02905710469825,1
T67F,0.0202016985208,1
T67G,-0.0147325777199999,1
T67H,0.0257430523686,1
T67R,-0.0001135292439399,1
T67I,0.00265992015525,1
P68V,-0.00174019456,1
P68Y,-0.10077318507405,1
P68S,0.0254414409835,1
P68R,-0.01815888291715,1
P68Q,-0.025202084462935,1
P68N,-0.008106486488,1
P68M,0.070027520101865,1
P68L,-0.0010327464783915,1
P68T,0.018501092196615,1
P68K,-0.0004218010898,1
P68H,0.0252854170665,1
P68G,0.0098953910689,1
P68F,0.01256428876335,1
P68E,-0.0090468289395999,1
P68D,-0.018539548038095,1
P68C,0.01258117624395,1
P68I,-0.0106704217282499,1
P68W,0.0124142677367,1
P68A,0.037509419107,1
K69A,-0.00786896661025,1
K69L,0.005797039598423,1
K69M,-0.0880503336856499,1
K69N,-0.12396510721435,1
K69P,-0.004979188743855,1
K69Q,-0.0069516657568,1
K69R,0.0033824154701715,1
K69S,0.00150732674038,1
K69T,-0.00858202754491,1
K69V,0.00261599278655,1
K69W,0.006330104439915,1
K69G,-0.00640422921275,1
K69F,-0.0107830733687999,1
K69E,-0.013396373866565,1
K69D,-0.0078256616546499,1
K69C,-0.03896600962145,1
K69H,0.0018801912295999,1
K69I,-0.0066652738759499,1
K69Y,0.0680392727004,1
P70L,-0.02675765492215,1
P70A,-0.0313848868122,1
P70C,-0.02877072448949,1
P70D,0.008620142861912,1
P70E,-0.03230211381725,1
P70F,-0.030155771686195,1
P70G,-0.016978781396405,1
P70H,0.04491135501785,1
P70I,-0.0271915507141,1
P70K,-0.03853771051894,1
P70W,-0.004952408563725,1
P70V,-0.00295055795385,1
P70T,0.00885110477395,1
P70Y,-0.0187312518660999,1
P70Q,-0.0218045238032,1
P70N,-0.06692593237505,1
P70M,0.10324790249115,1
P70S,-0.02217757153945,1
P70R,-0.01281497155429,1
E71A,0.012860653115555,1
E71C,-0.0300356034255,1
E71D,-0.01518602157425,1
E71Y,0.013174563692687,1
E71G,-0.00098783054475,1
E71H,0.02714857638625,1
E71I,0.0193018023523,1
E71F,-0.033516747936095,1
E71L,-0.02227199542781,1
E71M,-0.027813409751235,1
E71N,-0.02511239908841,1
E71P,0.005781556304,1
E71Q,-0.01925636495975,1
E71R,0.00402123823845,1
E71S,-0.0013622347335499,1
E71T,0.0014147238768849,1
E71K,-0.00854875439703,1
E71W,0.0180871811336349,1
E71V,2.258965955000006e-05,1
Q72G,-0.00705165534598,1
Q72H,-0.0232706839340649,1
Q72I,-0.0412149372204,1
Q72K,0.00639989634875,1
Q72L,0.04880688528175,1
Q72S,-0.03156783191695,1
Q72N,-0.0404404109894,1
Q72P,0.0009811929533999,1
Q72R,0.0054827456357,1
Q72T,-0.0234899617070999,1
Q72V,-0.02352220808949,1
Q72W,0.02373919166325,1
Q72Y,0.1059174393071,1
Q72M,-0.0269126947211,1
Q72E,0.016679567211085,1
Q72F,-0.0310317398117604,1
Q72C,0.0044578223539,1
Q72A,-0.01053849995885,1
Q72D,0.01801509058285,1
K73A,-0.0347997672959944,1
K73C,0.01484707950945,1
K73D,0.00233499389915,1
K73E,0.0017990320365655,1
K73F,0.0009156071440449,1
K73G,-0.0189607101629,1
K73H,0.008241055810415,1
K73I,-0.014473605287005,1
K73L,-0.027275073684505,1
K73M,-0.02729706871036,1
K73N,0.03019136705295,1
K73Y,-0.0490659604958,1
K73Q,-0.0550308825111,1
K73R,-0.00922169169677,1
K73S,0.0057406338689049,1
K73T,-0.00253941548865,1
K73V,-0.0099845801646,1
K73W,-0.015401231601435,1
K73P,-0.00214480482235,1
V74N,-0.05798141309028,1
V74M,-0.044165525831525,1
V74L,0.03047004621536,1
V74K,-0.0059408998520999,1
V74I,-0.012257914168415,1
V74E,0.02077298597325,1
V74G,-0.01157577683823,1
V74F,-0.021192025192345,1
V74D,-0.0688250264553499,1
V74C,0.0662336688796999,1
V74A,-0.0489491263517,1
V74H,-0.03628615542025,1
V74Q,-0.017876070533105,1
V74P,-0.3087062011099999,0
V74S,8.853034162500028e-05,1
V74T,-0.01920991661555,1
V74W,0.0061465570204499,1
V74Y,-0.16037822335,1
V74R,0.013867010824035,1
L75D,-0.9932159457795,0
L75E,-0.249892184688,1
L75F,-0.0519564766469,1
L75G,-0.1925320889115,1
L75H,0.0087037839909499,1
L75I,-0.0097899104535,1
L75K,-0.236961569699,1
L75V,-0.06623402442965,1
L75T,-0.0299519126478499,1
L75W,0.034287088550255,1
L75R,-0.8697016605885001,0
L75Q,0.0031158702638399,1
L75P,-0.85681339669,0
L75Y,-0.05709111400483,1
L75M,-0.0172012487382499,1
L75S,-0.0992639856101,1
L75N,-0.2414644066725,1
L75C,-0.020943196134,1
L75A,0.0163146906818999,1
E76D,0.00321964354775,1
E76T,-0.003685029695705,1
E76S,0.0005049433401381,1
E76R,-0.0748188836686,1
E76Q,-0.0396967373191999,1
E76C,-0.0075860090989999,1
E76N,-0.0123678098143,1
E76M,0.08319746635725,1
E76L,-0.03385994143915,1
E76P,-1.04286500995,0
E76I,0.0514419671942,1
E76H,-0.0462201375330999,1
E76A,-0.01844085035502,1
E76V,-0.017299198323,1
E76W,-0.0357324719806999,1
E76Y,0.0132445630609999,1
E76G,-0.0440280717465,1
E76F,-0.04850902252315,1
E76K,-0.013136146170565,1
I77K,-0.0388443971494,1
I77H,-0.0415425275853,1
I77G,-0.03179554705535,1
I77A,0.0035393405978999,1
I77E,-0.1537886003119999,1
I77D,-0.6351925243775001,0
I77C,0.024356174679775,1
I77F,-0.0074741497293299,1
I77L,-0.018153161897555,1
I77N,-0.02357967840504,1
I77P,-0.858233515847,0
I77Q,-0.032035305531645,1
I77R,-0.930637988585,0
I77S,-0.009763989212645,1
I77T,0.0011504555580799,1
I77V,-0.01018711478085,1
I77W,-0.0457757369817,1
I77Y,-0.04275797846665,1
I77M,-0.035883596597,1
R78Y,-0.00277799136345,1
R78W,0.01286252065685,1
R78V,0.0012073490360999,1
R78T,0.0152814443712,1
R78S,0.0123468619542,1
R78P,-0.0210267455315,1
R78N,-0.066591483137005,1
R78F,-0.08721745206985,1
R78L,-0.05610867191705,1
R78K,0.00651811429206,1
R78I,0.00925514108822,1
R78E,-0.0026147719264499,1
R78D,-0.0150549112009,1
R78C,-0.06052085290975,1
R78A,-0.0178106953025049,1
R78M,-0.1280078986375,1
R78Q,0.011681551779005,1
R78H,-0.0026320365908,1
R78G,0.0173281088485999,1
D79V,-0.9821311423255,0
D79T,-1.1984564504400002,0
D79S,-0.4972578197455,0
D79R,-1.1298505347955,0
D79P,-1.007659185383,0
D79N,-1.0187032335635,0
D79L,-0.9969401255115,0
D79K,-1.032044256275,0
D79I,-0.9096795386445,0
D79H,-1.301639123784,0
D79G,-0.972224834075,0
D79F,-1.11969469544,0
D79E,-0.1039648894159,1
D79C,-0.0063418472569,1
D79A,-1.066530375505,0
D79W,-1.0317798526500002,0
D79Y,-0.7904492779615,0
D79Q,-1.0709445692845,0
S80G,0.011313020204145,1
S80Y,-0.01047795735495,1
S80I,0.00298773700305,1
S80K,0.02321533373694,1
S80W,-0.0406642386078,1
S80V,-0.00876004522362,1
S80R,0.01400618695641,1
S80Q,-0.0132427336453549,1
S80P,0.033835644582835,1
S80L,0.0022138424797499,1
S80M,0.05848887969245,1
S80N,0.021139908670875,1
S80T,0.0005582191790999,1
S80F,-0.0195836717345849,1
S80E,0.0010557916318999,1
S80D,0.03096239477005,1
S80C,-0.0138048797863499,1
S80A,0.02331435902295,1
S80H,-0.05071127627885,1
G81I,-0.9793933705655,0
G81Y,-1.518030098295,0
G81H,-0.9780024191185,0
G81R,-0.9601170586325,0
G81W,-1.022182019487,0
G81V,-0.700276812255,0
G81T,-1.029350227246,0
G81D,-1.18681904838,0
G81C,-0.8603406598100001,0
G81S,-0.4404130919605001,0
G81L,-1.0802826426075,0
G81P,-1.033451594176,0
G81A,-0.0542778082653,1
G81K,-0.99937334494,0
G81F,-0.970670768011,0
G81E,-0.977380299142,0
I82A,-0.0306453608213,1
I82C,-0.0216113284155,1
I82D,-0.0781440980231999,1
I82E,-0.019182757515465,1
I82F,-0.053240065828,1
I82G,-0.0375606776089625,1
I82H,-0.02963129714939,1
I82K,-0.07191134511055,1
I82L,-0.0443088373959,1
I82M,-0.0241773450277999,1
I82N,-0.05434541508575,1
I82Q,0.0033368706766,1
I82R,-0.04020780291215,1
I82P,-0.150560775967,1
I82T,0.00675120951988,1
I82V,-0.0395650900731,1
I82W,-0.02138123387006,1
I82S,-0.0160548471978,1
I82Y,-0.0522961475289,1
G83P,-1.11251563878,0
G83L,-1.164380287045,0
G83I,-1.31903292305,0
G83H,-1.0551111740905,0
G83Y,-1.2268847146950002,0
G83T,-0.9938472779085,0
G83Q,-1.008955915521,0
G83F,-0.848822582857,0
G83E,-0.985327974558,0
G83D,-1.162905244451,0
G83C,-0.395421592648,0
G83A,0.0010841475299875,1
G83V,-0.8398693950739999,0
G83S,-0.0020132181407999,1
G83W,-1.561583089205,0
G83R,-1.1134148713599998,0
M84C,0.0134198108046499,1
M84W,-0.969801531637,0
M84V,-0.0376875187228,1
M84T,-0.4038757803695,0
M84S,-0.09173647539015,1
M84A,-0.03418535545695,1
M84R,-1.0630982909525,0
M84Q,-0.0799943596515,1
M84P,-1.079600029235,0
M84N,-0.221118546558,1
M84I,-0.061351384641239,1
M84H,-0.63493768381,0
M84L,-0.0753193979287,1
M84Y,-1.0052286375025,0
M84D,-1.28816011884,0
M84E,0.0421320213871999,1
M84F,-0.03912734658905,1
M84G,-0.04412988558445,1
T85K,-0.189597720811,1
T85P,-0.0794959130752999,1
T85I,-0.09087152249055,1
T85H,-0.126746797247,1
T85G,-0.043634077322,1
T85V,-0.07523378936465,1
T85W,0.03655619199945,1
T85N,-0.0015680072995,1
T85S,-0.0292297395561,1
T85R,-0.012093253411315,1
T85E,-0.0301755933763,1
T85F,-0.05889257312055,1
T85A,-0.04871448823605,1
T85C,-0.0400819755524,1
T85Y,-0.0443016145818,1
T85L,-0.020617438223455,1
T85M,-0.0603783219464499,1
T85Q,-0.0876293417283999,1
T85D,-0.07785282041155,1
K86Q,-0.07518563615105,1
K86P,-0.194315515461,1
K86N,0.0077056968283499,1
K86M,-0.066639335600025,1
K86L,-0.0425769654402,1
K86I,0.07835825105785,1
K86H,-0.119581728993,1
K86G,-0.0481919514585999,1
K86F,-0.1353582291065,1
K86E,-0.0411197896256,1
K86D,0.0796097741073,1
K86T,-0.0752280870125499,1
K86V,-0.0303283177279999,1
K86W,-0.2743870199765,1
K86A,-0.002061450734985,1
K86C,-0.0191819774316255,1
K86Y,-0.1421806446114999,1
K86S,0.007042584288,1
K86R,-0.410798048444,0
A87D,-0.1592518506079999,1
A87W,-0.395442295141,0
A87E,-0.3622718429355,0
A87F,-0.37106932737,0
A87G,-0.1254638615314,1
A87H,-0.3440453953335,0
A87I,-0.06668074601545,1
A87K,-0.446544334559,0
A87L,-0.2750695181679999,1
A87Y,-0.2962687537675,1
A87Q,-0.426530226752,0
A87R,-0.3956430052075,0
A87S,-0.03865467630675,1
A87T,0.04162851738845,1
A87P,-0.01867611654795,1
A87C,-0.044185811259025,1
A87V,-0.0630671949533,1
E88N,0.05234873772055,1
E88A,-0.04838475208775,1
E88C,-0.00607067637765,1
E88F,-0.1201017072475,1
E88G,-0.03363671943435,1
E88H,-0.0298890929962999,1
E88I,-0.11148587698455,1
E88P,-0.2823539214915,1
E88Q,0.025553166668295,1
E88S,-0.012353312891805,1
E88T,-0.0174416430209935,1
E88V,-0.0572933946037,1
E88W,-0.1967185720645,1
E88Y,-0.0641865816782999,1
E88K,0.10391419464185,1
E88L,-0.09214149032835,1
E88M,-0.0217019188868499,1
E88R,-0.036254876279,1
E88D,0.03214424417865,1
L89H,-0.0896705088815,1
L89R,-0.908342488646,0
L89V,-0.02971445547885,1
L89T,-0.0268008089603699,1
L89S,-0.0315677272833499,1
L89Q,-0.069264466414,1
L89P,-1.33147235,0
L89N,0.011807176214075,1
L89W,-0.7493149227439999,0
L89M,0.0292587931437,1
L89I,0.02838879945915,1
L89G,-0.2918753368645,1
L89F,-0.0799152081461,1
L89E,-0.02759115694427,1
L89D,-0.3667767103525,0
L89C,-0.01033911469802,1
L89A,-0.0160339589125849,1
L89K,-0.000838146543215,1
L89Y,-0.05145888193743,1
I90A,-0.1079531894944999,1
I90C,-0.0591374410474,1
I90Q,-0.318209843924,0
I90F,-0.2158644061245,1
I90G,-0.498435173359,0
I90H,-0.08739057063005,1
I90K,-0.144240308177,1
I90L,-0.2590713225805,1
I90M,-0.318959691853,0
I90N,-0.1585611863342499,1
I90P,-0.5052500348305,0
I90R,-0.5270310573345001,0
I90T,-0.14307988925985,1
I90V,-0.09435724046715,1
I90W,-0.4097506168,0
I90S,-0.3905504645845,0
I90D,-1.152491620135,0
I90E,-0.7747794966554999,0
I90Y,-0.2189861931845,1
N91L,-0.1950386441445,1
N91Y,-0.05594473538755,1
N91T,-0.1000862060128,1
N91A,-0.227238160885,1
N91C,-0.1714338082525,1
N91S,-0.2150445034655,1
N91D,-0.4233348404254999,0
N91E,-0.4308304922405,0
N91G,-0.2034097512429999,1
N91R,-0.028315880241,1
N91P,-0.2704085296535,1
N91M,-0.0312014755155,1
N91H,-0.12025236948505,1
N91W,-0.0357587172163499,1
N91I,-0.1658343828475,1
N91F,-0.1418996440225,1
N91V,-0.09444827786595,1
N92T,-0.0753196615476,1
N92V,-0.0352630438351449,1
N92S,-0.0219445319421,1
N92R,-0.4182534164835,0
N92Q,-0.0191561506107,1
N92P,-0.395765875655,0
N92M,0.00670177858515,1
N92L,-0.114934449349,1
N92A,-0.018963810738825,1
N92K,-0.211554001409,1
N92H,-0.01667868176031,1
N92W,-0.5636782287775001,0
N92Y,-0.5392888028964999,0
N92G,-0.04813237839075,1
N92F,-1.1197501184299998,0
N92E,-0.01888976851835,1
N92I,-0.02789103630865,1
N92D,-0.0209671754828,1
L93K,-0.575391319363,0
L93I,-0.0237155818185199,1
L93W,-0.751076769452,0
L93V,-0.0355046603553999,1
L93T,-0.4289100086255,0
L93S,-0.8561085555904999,0
L93R,-0.968226432999,0
L93P,-0.693568665267,0
L93N,-1.016618157577,0
L93Q,-0.6531680213284999,0
L93H,-0.8574267068485001,0
L93G,-0.962448911632,0
L93F,-0.1814603716185,1
L93E,-0.9360357666565,0
L93C,-0.07571300385105,1
L93A,-0.8443002946014999,0
L93M,-0.1349083523715,1
G94Q,-1.009373448483,0
G94Y,-1.1040927804585,0
G94V,-0.7601477846415,0
G94T,-1.008977591021,0
G94S,-0.7312424243790001,0
G94P,-0.981231045337,0
G94R,-0.938210544505,0
G94M,-1.34054148016,0
G94A,-0.7983804480285,0
G94C,-0.885482315471,0
G94E,-1.1067441480400002,0
G94F,-0.8324639469515001,0
G94N,-1.0081695850345,0
G94H,-1.0107012372795,0
G94I,-0.658134281148,0
G94K,-0.832777075178,0
G94L,-0.7896916060295001,0
T95Q,-0.10617693264205,1
T95H,-0.05538618852825,1
T95I,-0.042543984631,1
T95K,-0.0460680610854,1
T95L,-0.3325320075355,0
T95M,-0.0253757004838,1
T95N,-0.0795403816523999,1
T95G,-0.4337406159795,0
T95P,-0.55542690575,0
T95Y,0.0005001676189999,1
T95A,-0.211361985274,1
T95F,-0.05022048848175,1
T95E,-0.04470263550405,1
T95D,-0.5358424929805,0
T95V,-0.0212742133556,1
T95S,-0.03915700067025,1
T95R,-0.09307615581685,1
T95C,-0.01194579768125,1
T95W,0.0245286315895499,1
I96C,-0.7809947877815001,0
I96Y,-1.4054650495725,0
I96D,-0.9310217857025,0
I96E,-0.927402557871,0
I96F,-0.625066196582,0
I96G,-0.9587169389575,0
I96H,-0.9863419033295,0
I96K,-1.155536750558,0
I96L,-0.09352065623925,1
I96M,-0.0118162851397999,1
I96N,-1.523353750285,0
I96P,-1.0014973417565,0
I96Q,-1.0947042465,0
I96R,-0.9267392227565,0
I96S,-1.1365566281685,0
I96T,-1.0495043419135,0
I96V,-0.03451978665913,1
I96A,-0.932741178402,0
A97V,-0.590714031407,0
A97E,-1.074189276826,0
A97F,-1.006378997774,0
A97G,-0.2884594467025,1
A97H,-1.114645226565,0
A97I,-1.2867349675045,0
A97K,-0.9596822532065,0
A97C,-0.1042257476491,1
A97L,-1.0629734935405,0
A97N,-1.498268978,0
A97P,-1.080070785307,0
A97Q,-1.199837991016,0
A97R,-1.134918330385,0
A97S,-0.08613106098625,1
A97T,-0.8218987234355,0
A97M,-1.5992434057149998,0
A97D,-0.927261511044,0
A97W,-1.477192012819,0
A97Y,-1.031570505565,0
K98Y,-0.33524924689,0
K98R,0.013039580935945,1
K98S,-0.0239392139199,1
K98T,-0.0401106090888,1
K98V,-0.1056434885269,1
K98W,-0.05912536037785,1
K98M,-0.0806584132452,1
K98H,-0.0130337628481499,1
K98G,-0.012283609385135,1
K98F,-0.30581131258,0
K98E,-0.00951794823614,1
K98D,-0.061174320446305,1
K98C,0.0025686940653999,1
K98A,-0.0070630523077399,1
K98N,0.01881142449765,1
K98P,-0.9684692395815,0
K98Q,0.0242458660195,1
K98I,-0.4024542099459999,0
K98L,-0.08921866485095,1
S99Y,-0.822656884251,0
S99R,-0.906610108274,0
S99T,-0.11584119430425,1
S99V,-1.38907797891,0
S99Q,-0.9316905612135,0
S99P,-0.939332003795,0
S99W,-1.0254378732679998,0
S99M,-1.27208360456,0
S99C,-0.6341413678045,0
S99D,-1.1284087256255,0
S99E,-0.7045581165674999,0
S99N,-0.6780397300684999,0
S99F,-0.897488100393,0
S99A,-1.03980353085,0
S99H,-1.063797183687,0
S99I,-1.1356719943805,0
S99K,-1.182178731645,0
S99L,-1.04002026705,0
S99G,-0.7083915523565,0
G100D,-0.03701276043384,1
G100L,-1.12027665221,0
G100F,-0.9479145607115,0
G100H,-0.1585069679425,1
G100I,-1.1095540061565,0
G100K,-1.233260043305,0
G100C,-0.3718026480704999,0
G100E,-0.06315132111675,1
G100Q,-0.2201389918285,1
G100R,-1.074623788223,0
G100S,-0.0099548008650463,1
G100T,-0.2035732571855,1
G100V,-0.940166012434,0
G100W,-0.981521824346,0
G100Y,-0.569936990088,0
G100A,-0.1191158704044999,1
G100P,-0.7217116942599999,0
G100N,-0.0983507964742,1
T101S,-0.0145840923242499,1
T101R,-0.945374885882,0
T101W,-0.7785987213765,0
T101P,-1.0597215750605,0
T101Y,-0.8602513640145,0
T101N,-0.834905584996,0
T101M,-0.7050822446095,0
T101L,-0.978421083932,0
T101I,-0.7548560872835,0
T101G,-0.3684613396645,0
T101Q,-0.541922737078,0
T101E,-0.9343621252865,0
T101D,-1.156370315837,0
T101C,-0.544282961003,0
T101A,-0.5475678863044999,0
T101V,-0.3914431451905,0
T101F,-1.024780160069,0
K102A,-0.0562328496088999,1
K102C,-0.0714900277421,1
K102D,-0.519634218538,0
K102E,-0.2973759873845,1
K102F,-0.1614011604597,1
K102G,-0.1349939548145,1
K102H,-0.1022247786078,1
K102I,-0.14872399537255,1
K102N,-0.192820731246,1
K102M,0.0073330717128549,1
K102P,-1.271325198045,0
K102Q,-0.0429077673237,1
K102R,-0.01829416245935,1
K102S,-0.08374606909245,1
K102T,-0.1819375590665,1
K102W,-0.2722406771344999,1
K102Y,-0.1493662967165,1
K102L,-0.0003747256315999,1
K102V,-0.0758123885374,1
A103C,-0.02948483689925,1
A103R,-0.05662840203745,1
A103Y,0.0028798472728,1
A103T,-0.04626328105625,1
A103S,-0.03554851366135,1
A103W,-0.1432226104765,1
A103Q,-0.04115400935525,1
A103P,-0.113580559853,1
A103V,-0.0116340819497,1
A103M,-0.032783583250355,1
A103N,0.02324797359695,1
A103K,-0.00458987132255,1
A103I,-0.01518279188645,1
A103H,0.011359064185145,1
A103G,-0.04115818309295,1
A103F,-0.0651835281492499,1
A103E,-0.41765979989,0
A103D,-0.207370436415,1
A103L,-0.0294279603015999,1
F104L,-0.268269890277,1
F104K,-0.2162939523525,1
F104I,-0.385439956111,0
F104N,-0.1989176287685,1
F104A,-0.0455367082801,1
F104C,-0.027003614434,1
F104D,-0.50467915337,0
F104H,-0.08432652093285,1
F104P,-1.0573396983705,0
F104S,-0.07616420480105,1
F104Y,-0.0677995689705,1
F104W,-0.08993950818235,1
F104V,-0.0382308734867149,1
F104T,-0.0380595918459499,1
F104E,-0.5279321194705,0
F104R,-0.2840228011295,1
F104Q,-0.232549030357,1
F104M,0.01664262323735,1
F104G,-0.359443555282,0
M105C,-0.05027823547985,1
M105T,-0.0537379080735,1
M105W,-0.1067532019227,1
M105V,-0.0435228443388,1
M105S,-0.05594891876545,1
M105Q,-0.1076086443957499,1
M105P,-0.5916719260165,0
M105N,-0.1831945653355,1
M105L,-0.09244037254085,1
M105K,-0.1651053197385,1
M105I,-0.0335604494069,1
M105H,-0.0756125867465,1
M105G,-0.2460503424215,1
M105F,-0.0963645244529999,1
M105E,-0.2767706565305,1
M105D,-0.1689202611585,1
M105Y,-0.1550586238335,1
M105R,-0.06778661452755,1
M105A,-0.03119437585225,1
E106V,-0.1437465499805,1
E106D,-0.0332319402117,1
E106F,-0.2548432383415,1
E106G,-0.108524965359,1
E106H,-0.1708231298655,1
E106I,-0.138201148037,1
E106K,-0.0202810040608,1
E106L,-0.304467116978,0
E106M,-0.2295225089245,1
E106N,-0.115174347859,1
E106P,-0.5011768341685,0
E106Q,-0.0958843877821,1
E106R,-0.0598575291794499,1
E106S,-0.0677427255229499,1
E106T,-0.1215902540365,1
E106C,-0.215998530111,1
E106W,-0.0597245200805,1
E106A,-0.11226979565575,1
E106Y,-0.1844144012915,1
A107C,0.000286524677625,1
A107D,-0.5352269238225,0
A107E,-0.450226730493,0
A107F,-0.031953856706495,1
A107G,-0.1601694169705,1
A107H,-0.0287635147620566,1
A107K,-0.0587749053674499,1
A107T,-0.1191824276973999,1
A107N,-0.124840180719,1
A107P,-0.1342553316515,1
A107Q,-0.1323569165912,1
A107R,-0.0617441636158,1
A107S,-0.1517253699205,1
A107V,-0.0266204755690999,1
A107M,0.0041564624455499,1
A107L,-0.0174358795648,1
A107I,0.033882054549665,1
A107W,-0.1270140705537999,1
A107Y,0.00825187835575,1
L108A,-0.027047670277,1
L108C,-0.03312307099255,1
L108D,-0.1068961556953,1
L108E,-0.311676273256,0
L108F,-0.0364440751301999,1
L108G,-0.1407689582729999,1
L108H,-0.0632211947745,1
L108K,-0.123896288719,1
L108M,-0.02019707121915,1
L108I,0.0055012512239349,1
L108P,-0.2697228122925,1
L108Q,-0.08598381981905,1
L108R,-0.1244961286865,1
L108S,-0.0583810374477,1
L108T,-0.03015083400255,1
L108V,-0.01727020650928,1
L108W,0.02438168121141,1
L108Y,0.0014158059735799,1
L108N,-0.172879287863,1
S109R,-0.0113779682678449,1
S109Y,-0.0053936884026999,1
S109W,-0.06690307813345,1
S109V,-0.01342111165158,1
S109T,-0.03360073525855,1
S109D,-0.0760516214502,1
S109Q,-0.0280042481143,1
S109N,-0.004512010963,1
S109P,-1.130080424645,0
S109E,-0.07590246867035,1
S109F,-0.03202441090603,1
S109G,-0.00191700304255,1
S109A,-0.018387922759725,1
S109H,0.027794129019015,1
S109K,-0.03163304433495,1
S109C,-0.02697122948705,1
S109L,-0.02434701247575,1
S109M,0.05008939111,1
S109I,-0.0296141652083499,1
A110R,-0.03288790459135,1
A110Q,-0.024433684209265,1
A110L,0.0067075004006499,1
A110P,-0.6242485087245,0
A110N,0.0024737107959999,1
A110M,0.1428286590265,1
A110I,0.00552851581751,1
A110F,0.00715322111925,1
A110C,0.0009398557510499,1
A110D,-0.0349574045545,1
A110E,-0.021756583901465,1
A110G,-0.02047426016154,1
A110V,-0.0061140411581499,1
A110W,-0.00744432934585,1
A110Y,0.01096027209155,1
A110T,-0.015559916151095,1
A110K,0.03488404940654,1
A110H,0.01735330108745,1
A110S,-0.010614211068055,1
G111Y,-0.03394041244965,1
G111S,-0.047695225946,1
G111R,-0.0670368102282,1
G111Q,-0.0801875147773999,1
G111N,-0.04075127690285,1
G111M,-0.1032514935867,1
G111L,-0.0764664980917499,1
G111A,-0.0376139382641,1
G111C,-0.05840442929525,1
G111D,-0.2510226798825,1
G111E,-0.161579849216,1
G111F,-0.0499172635185,1
G111W,-0.02544596453605,1
G111K,-0.0674398434839499,1
G111H,-0.0807328815645,1
G111I,-0.0914317691026,1
G111T,-0.06776372105095,1
G111V,-0.0639047194875,1
G111P,-0.1937439600555,1
A112W,0.0062525147381,1
A112F,-0.0743312215368999,1
A112D,-0.081372263693,1
A112C,-0.039540944183435,1
A112Y,-0.11055426249855,1
A112G,-0.005916126631562,1
A112H,-0.0962784149977,1
A112I,-0.0560399516408,1
A112K,0.014503669118595,1
A112L,-0.0460775946402,1
A112N,-0.03251035132735,1
A112P,-0.1354293079062,1
A112Q,-0.04150220692825,1
A112R,-0.0690533990607,1
A112S,-0.0397629127534,1
A112T,-0.11348726042255,1
A112V,0.0092210456251499,1
A112E,-0.04945979232925,1
D113N,-0.1128943774865,1
D113K,-0.2535635166784999,1
D113M,-0.08710344047405,1
D113L,-0.03537431849125,1
D113W,-0.0581670534101,1
D113R,-0.16651141575,1
D113S,-0.01536930670095,1
D113T,-0.01006457058005,1
D113V,-0.07183741056165,1
D113Y,-0.0876862825322,1
D113I,-0.0141789299206,1
D113P,-0.05025312084015,1
D113H,-0.06882222063735,1
D113Q,-0.06903063877425,1
D113F,-0.0484003990774,1
D113E,-0.0633015329126999,1
D113C,-0.05086374503055,1
D113A,-0.03952920999695,1
D113G,-0.0217584417045999,1
V114C,-0.0833320817622,1
V114D,-0.10473496726945,1
V114E,-0.00259590355385,1
V114F,0.0210928820653,1
V114G,-0.0787795061901499,1
V114H,-0.036601994340045,1
V114I,0.0072759235904699,1
V114K,-0.10351878788275,1
V114A,-0.01569371802153,1
V114Y,-0.02110198176244,1
V114W,-0.0044209986947,1
V114S,-0.0682109885080499,1
V114R,-0.08654094067185,1
V114Q,-0.06708786693185,1
V114P,-0.0290576437903549,1
V114N,-0.0786327418406499,1
V114M,-0.00971668541845,1
V114L,-0.0318520653322,1
V114T,-0.0493949547741,1
S115E,-0.03703476422332,1
S115D,0.01472971881064,1
S115P,-0.1255699840765,1
S115L,-0.0298927403879,1
S115M,0.03585830791575,1
S115N,-0.02446533331835,1
S115H,0.0664015156996,1
S115Q,-0.0852585866847999,1
S115R,-0.05750010415015,1
S115T,-0.0209468817921899,1
S115V,-0.06842763939825,1
S115W,-0.1517812210204,1
S115Y,-0.06625080962785,1
S115C,-0.0375511301489499,1
S115A,-0.0239701561111,1
S115G,-0.018753210598715,1
S115F,-0.1104230356933999,1
S115K,-0.12596416253995,1
S115I,-0.0357175753315,1
M116K,-0.914502554165,0
M116I,0.0165649185370999,1
M116H,-0.2936022456935,1
M116G,-0.0389361692873,1
M116F,-0.05713963495035,1
M116E,-0.4230372571544999,0
M116D,-0.962282622113,0
M116C,-0.0136963542362999,1
M116A,-0.04747287168205,1
M116N,-0.1565031168177,1
M116Y,-0.0593519813243499,1
M116W,-0.226693662085,1
M116V,-0.0445517324988,1
M116T,0.01295172099541,1
M116S,-0.0568678248279,1
M116R,-0.7690617491255001,0
M116Q,-0.07351261078405,1
M116P,-0.0635889479058,1
M116L,-0.10231902622255,1
I117T,-0.257165941418,1
I117Y,-1.0044856723285,0
I117W,-0.918261597728,0
I117V,-0.0625739933955,1
I117S,-0.358844678513,0
I117E,-0.655944528534,0
I117Q,-0.921507635708,0
I117A,-0.2373368262204999,1
I117C,-0.1523638260465,1
I117D,-1.070611234181,0
I117F,-0.5562719497065001,0
I117G,-0.7373766529144999,0
I117R,-0.5009030334815,0
I117K,-0.09676380243845,1
I117L,-0.10054149811825,1
I117M,-0.2522439256565,1
I117N,-0.2072662862819999,1
I117P,-1.023944388502,0
I117H,-0.5018688278035,0
G118R,-0.9422285722595,0
G118S,-1.073877264209,0
G118T,-1.0164268096275,0
G118V,-1.173958849475,0
G118W,-0.944495480841,0
G118Y,-1.1788765363125,0
G118Q,-1.0773980711715,0
G118P,-1.0749074308415,0
G118N,-1.2360464692400002,0
G118L,-0.8679453329575001,0
G118K,-0.638682886424,0
G118I,-1.208605141445,0
G118H,-1.16384266172,0
G118F,-1.192940675735,0
G118E,-1.022565772105,0
G118D,-0.9898075618705,0
G118C,-1.04864958125,0
G118A,-0.954741370027,0
Q119C,-0.01426234325205,1
Q119D,-0.1621257316805,1
Q119E,-0.4948111252965,0
Q119F,-0.152340562901,1
Q119G,-0.8555240419245,0
Q119S,-0.07752382723165,1
Q119I,-0.4706645221814999,0
Q119K,-0.2211512916635,1
Q119L,-0.1997687898315,1
Q119M,-0.1027928653483,1
Q119N,-0.0492450875221,1
Q119P,-0.832615035,0
Q119R,-0.1377311382684999,1
Q119V,-0.367508606077,0
Q119W,-0.1920864277345,1
Q119A,-0.0351349479472,1
Q119H,-0.08589799935425,1
Q119Y,-0.14819330536095,1
Q119T,-0.13878405520615,1
F120W,-0.6183173412155,0
F120M,-0.2029262696395,1
F120N,-0.8918755860159999,0
F120P,-1.014586186008,0
F120Q,-0.7300471426474999,0
F120R,-1.1465003641005,0
F120S,-0.875703887406,0
F120T,-0.886310995581,0
F120V,-1.1950097489285,0
F120L,-0.4994273071819999,0
F120I,-1.101788988253,0
F120G,-1.0029909347165,0
F120E,-0.997672307615,0
F120C,-0.349717130724,0
F120A,-0.9233283153825,0
F120Y,-0.0642455918455,1
F120H,-0.3447579970255,0
F120K,-0.90358885436,0
G121E,-0.8461495424415,0
G121W,-1.047295184099,0
G121Y,-1.061314903105,0
G121H,-1.4463515997549998,0
G121C,-1.1569536419855,0
G121A,-0.9267726861695,0
G121I,-1.0826477666,0
G121K,-0.8393657269395001,0
G121L,-0.9521039814185,0
G121F,-1.14404471412,0
G121R,-1.367038413459,0
G121S,-0.96533610653,0
G121T,-1.13348313421,0
G121V,-1.10486345002,0
G121P,-0.965398824244,0
V122S,-0.8910940223575,0
V122R,-1.0062145227365,0
V122Q,-0.7949821851700001,0
V122P,-1.11115646252,0
V122N,-0.6611634485205,0
V122M,-0.0030054216063499,1
V122L,-0.0333864036925,1
V122I,-0.0063599322913499,1
V122H,-0.8298198842344999,0
V122G,-0.981372669223,0
V122E,-0.940066645994,0
V122D,-0.847677383709,0
V122C,-0.1253432215693,1
V122A,-0.878893483478,0
V122K,-1.0670458688150002,0
V122F,-0.5148217530365,0
V122W,-1.525213790085,0
V122T,-0.0755571706637,1
G123A,-1.1220362066365002,0
G123Y,-1.30471369748,0
G123V,-1.017651343181,0
G123T,-1.21678709534,0
G123S,-1.20864472931,0
G123R,-1.293965455115,0
G123Q,-1.37027983447,0
G123P,-1.15490096563,0
G123N,-1.0720036572865,0
G123L,-1.70015724179,0
G123K,-0.9644797906975,0
G123I,-0.8473414956245001,0
G123H,-1.4765630070050002,0
G123F,-1.5961712911,0
G123E,-0.786576832061,0
G123D,-0.9994751305905,0
G123C,-1.490424870255,0
F124A,-0.5182893007639999,0
F124C,-0.440450694218,0
F124E,-0.1387246352484999,1
F124Y,-0.15835736911545,1
F124W,-0.4658363147895001,0
F124V,-0.10518558695565,1
F124T,-0.4479866012755,0
F124S,-0.7713074071075,0
F124R,-1.1307008335100002,0
F124Q,-0.6853857426545,0
F124P,-1.270327317745,0
F124N,-1.3519885026499998,0
F124M,-0.210532536572,1
F124L,-0.127098708899,1
F124K,-0.999560753998,0
F124I,-0.1354299719755,1
F124H,-0.52379221391,0
F124G,-0.6376439541615,0
F124D,-0.7141284118100001,0
Y125C,-1.030204729598,0
Y125V,-0.7168436224860001,0
Y125K,-1.107379418195,0
Y125D,-0.6849480244835,0
Y125E,-0.6453604992249999,0
Y125F,-0.10169306173185,1
Y125G,-1.2098320347,0
Y125H,-1.39599226554,0
Y125I,-1.118503027432,0
Y125L,-0.1519831395265,1
Y125M,-0.1945453632885,1
Y125N,-1.081181899861,0
Y125P,-0.9038656771235,0
Y125Q,-1.101751541715,0
Y125S,-0.9842731371435,0
Y125T,-0.7545949592575,0
Y125A,-0.8383346761135,0
Y125W,-1.2674770628749998,0
Y125R,-1.0356709886555,0
S126W,-1.12117429583,0
S126V,-0.0675283029099,1
S126T,-0.1251977267155,1
S126R,-1.4351655457,0
S126Q,-0.9507811981025,0
S126P,-1.347785087945,0
S126N,-0.3568257624329999,0
S126M,-1.05216926172,0
S126A,0.02061976620403,1
S126F,-0.495009176373,0
S126G,-0.04531473807155,1
S126H,-0.8844356891545001,0
S126I,-0.1228531684493,1
S126K,-0.9916775211335,0
S126C,-0.0523611452011999,1
S126L,-0.783127149744,0
S126E,-0.922249034452,0
S126D,-1.3725271810500002,0
L127E,-0.01039693390995,1
L127N,-0.016000354138125,1
L127D,0.03057372254405,1
L127A,-0.02054008062899,1
L127C,-0.0292044633992249,1
L127Y,-0.1540157754475,1
L127W,-1.21373998789,0
L127T,-0.00590163339392,1
L127S,-0.009481175306875,1
L127R,-1.2309938882,0
L127V,0.010305271047985,1
L127P,-0.0462005271965,1
L127M,-0.0597333108001999,1
L127K,-0.599442795281,0
L127I,-0.00568780124455,1
L127H,-0.8615348478614999,0
L127G,-0.0049021187781069,1
L127F,-0.1546922344169999,1
L127Q,0.0167380569897,1
F128Q,-1.098948182115,0
F128Y,-0.043903780912835,1
F128W,0.0231855271963,1
F128V,-0.9620170916135,0
F128T,-1.373854968595,0
F128S,-0.854217065966,0
F128R,-1.129196931365,0
F128P,-1.041902612865,0
F128K,-1.193732383033,0
F128M,-0.3632265511855,0
F128N,-0.8820378209209999,0
F128C,-0.3070958795855,0
F128D,-1.158858868365,0
F128E,-1.154030519735,0
F128A,-0.319714270192,0
F128H,-0.14409385595175,1
F128I,-0.8678326097519999,0
F128L,-0.4946465431785,0
F128G,-0.2061600292145,1
L129I,-0.127671862119,1
L129A,-1.374781913065,0
L129C,-0.800551725519,0
L129D,-0.1394944898525,1
L129E,-0.1886100408755,1
L129F,-0.2356900356855,1
L129G,-1.358690331725,0
L129H,-0.6948788398995001,0
L129K,-1.25053270431,0
L129M,-0.840515147982,0
L129N,-1.408083828715,0
L129W,-0.7832781731035,0
L129Y,-0.161548154286,1
L129T,-1.1205155253794998,0
L129V,-0.590361637486,0
L129P,-0.16125906070535,1
L129Q,-0.9616588764855,0
L129R,-1.173592085657,0
L129S,-1.205780436625,0
V130Y,-0.7890345231155,0
V130S,0.0023731473041999,1
V130R,-1.51984782915,0
V130Q,-0.4516249624905,0
V130P,-0.00783715022015,1
V130N,-0.0565062588853499,1
V130M,-0.216765449732,1
V130L,-0.146296197628,1
V130I,-0.00095248283945,1
V130G,-0.013747054099605,1
V130F,-0.4651402376885,0
V130E,-0.18088918516,1
V130D,-0.0250965886912,1
V130T,-0.007052362469035,1
V130W,-0.945273428369,0
V130K,-1.1010687837005,0
V130H,-0.920526934899,0
V130C,0.02389780259968,1
V130A,-0.00852482836865,1
A131D,-0.08742271027411,1
A131Y,-0.980055274315,0
A131W,-1.3283753252,0
A131V,0.01008087317966,1
A131T,0.0057717298103,1
A131S,0.01447621455334,1
A131R,-1.0256205566415,0
A131Q,-0.1446588824495,1
A131P,-0.83353236886,0
A131N,-0.1023213724571,1
A131L,-0.05509700652095,1
A131K,-1.1803882451145,0
A131I,0.01740297795175,1
A131H,-0.193875692263,1
A131G,-0.0017911649268895,1
A131F,-0.470903644609,0
A131E,-0.3348896034025,0
A131M,-0.07636386883065,1
A131C,-0.03444540374705,1
D132T,-0.01382246211417,1
D132L,-0.0515300778949,1
D132E,0.01709159059975,1
D132F,-0.030245576844325,1
D132G,-0.003006092012965,1
D132H,0.0248303962225499,1
D132I,-0.04524167416966,1
D132K,0.014036737737435,1
D132C,0.029752130529,1
D132N,0.0030405354676,1
D132Q,-0.00443142281155,1
D132R,0.00158239944518,1
D132S,0.025910186337375,1
D132V,0.0077834626383299,1
D132W,-0.0156124358635,1
D132Y,-0.00224853596505,1
D132P,-0.019867412194205,1
D132A,-0.0035153961014949,1
R133Y,0.04948067948385,1
R133W,0.047192227629735,1
R133C,0.0350828188075999,1
R133A,-0.012830696191885,1
R133V,0.0075315181459,1
R133T,0.0465882375859,1
R133S,0.02004516194815,1
R133P,-0.00381369477625,1
R133N,0.04634072572835,1
R133M,0.0211125750295,1
R133Q,-0.023048168177955,1
R133K,-0.027636687592315,1
R133I,-0.02573860395335,1
R133H,0.02674619987895,1
R133G,0.01906175602535,1
R133F,0.00071873293395,1
R133E,0.01180811393599,1
R133L,-0.003952809932425,1
V134M,-0.0984837694338999,1
V134S,-0.0094393707051,1
V134R,-1.3226430109499998,0
V134Q,-0.130975066228,1
V134P,-0.1972139248624999,1
V134N,-0.04297484575175,1
V134L,-0.0281927405106,1
V134A,0.0289641446650999,1
V134I,-0.054355108611423,1
V134H,-1.409347134295,0
V134G,-0.0087596436742999,1
V134F,-0.3615632467244999,0
V134E,-0.5914224643045001,0
V134C,-0.07891601581525,1
V134W,-1.431036350995,0
V134K,-1.109203189605,0
V134T,0.0060222924936,1
V134D,-0.4664562227555,0
Q135Y,-0.02463628300179,1
Q135W,0.0160715311797,1
Q135C,-0.007947301558325,1
Q135D,-0.0327935948494,1
Q135E,0.0051119856879499,1
Q135F,0.011433588768805,1
Q135G,-0.00461606517335,1
Q135H,-0.02498280985585,1
Q135I,-0.02619151561745,1
Q135A,0.02078785188785,1
Q135L,-0.0258028519197,1
Q135M,-0.04754501645785,1
Q135N,-0.00991644912341,1
Q135P,-0.5173428132144999,0
Q135R,-0.0062522952003,1
Q135S,0.0077994093669499,1
Q135T,-0.0442701761977,1
Q135K,0.017166464091325,1
Q135V,-0.0349226309119,1
V136L,0.00928289688597,1
V136M,-0.030645953341,1
V136N,-0.0464693934011,1
V136P,-0.7582247894815,0
V136Q,-0.3612915591755,0
V136R,-1.025254964897,0
V136S,-0.0258636949868,1
V136F,-0.00305601920227,1
V136Y,-0.126977770812,1
V136G,-0.1558449133465,1
V136E,-0.0188201778188,1
V136D,-0.5620566496515,0
V136C,-0.01597805525395,1
V136A,-0.0009509453840499,1
V136K,-0.985821249591,0
V136W,-1.237020055805,0
V136I,0.028466421629755,1
V136H,-0.03721081396715,1
V136T,-0.0114826731074999,1
I137Y,-0.0223211943865099,1
I137W,-0.0312125019505,1
I137V,-0.019986546940365,1
I137T,0.0352078491203299,1
I137S,0.03836093318435,1
I137R,0.00591810681606,1
I137P,-0.397477774196,0
I137N,-0.01293224138285,1
I137M,0.0112135500689599,1
I137A,0.01894635909155,1
I137C,-0.0172772892125999,1
I137D,-0.06094240175205,1
I137E,-0.05969721299755,1
I137Q,-0.01766896527635,1
I137G,0.0007855831541999,1
I137F,-0.0009627555499999,1
I137L,-0.0774222377776499,1
I137H,0.002264345946,1
I137K,-0.0250061851200499,1
S138E,-0.1245038552926999,1
S138W,-0.3018008471705,0
S138V,-0.0046962591831899,1
S138T,0.0029495459431999,1
S138R,-1.454219194625,0
S138Q,-1.50880664018,0
S138P,0.0001486791107499,1
S138N,0.0024455295296799,1
S138M,-0.179374849534,1
S138L,-0.146698994981,1
S138K,-1.2543624713,0
S138I,-0.03272078421695,1
S138H,-0.936729899474,0
S138Y,-1.082950813545,0
S138A,0.01176527471898,1
S138C,0.0362001329859,1
S138D,-0.09294452956525,1
S138G,0.0439446356336065,1
S138F,-0.4663336236685001,0
K139Y,0.01985528420661,1
K139W,0.0642546043982,1
K139V,0.01744567156155,1
K139T,0.0101497705857665,1
K139S,0.00772363516135,1
K139R,0.0571925032584,1
K139N,0.02072756777295,1
K139F,0.01021377226315,1
K139M,0.0201968831304,1
K139L,0.00920776358106,1
K139I,-0.0059882731532149,1
K139H,0.0400634479913,1
K139G,-0.00149298129745,1
K139E,-0.0335377912747,1
K139D,0.0281622641255,1
K139C,-0.0153910818421499,1
K139A,-0.0294011339076999,1
K139P,-0.390982526094,0
K139Q,0.02118026057405,1
S140E,0.023991291977045,1
S140Y,0.0419059381991,1
S140F,0.01204844753789,1
S140V,-0.0748763317592,1
S140W,-0.02437666361295,1
S140C,-0.0033170347940499,1
S140A,-0.0042757392640499,1
S140G,0.01265896353385,1
S140H,0.0369027324442,1
S140I,-0.0614340810928,1
S140K,0.0074626140958499,1
S140D,0.0037794946492499,1
S140L,-0.01676438142937,1
S140M,0.06535964469235,1
S140P,0.0134664784105,1
S140Q,0.01729915850644,1
S140R,-0.0053323636232049,1
S140T,0.0108952707188749,1
N141P,0.0281926563068499,1
N141Q,-0.0130451572012,1
N141R,0.0137277091385849,1
N141S,-0.011523151239135,1
N141T,-0.0066962002496999,1
N141V,0.0093240360565,1
N141W,-0.008919666324955,1
N141Y,-0.0156220158017,1
N141H,-0.0037472610806,1
N141I,0.0761667246269,1
N141M,0.0943716762796,1
N141G,0.013763747082575,1
N141F,-0.0025556947917,1
N141E,0.003390775657665,1
N141C,-0.0032693299414515,1
N141A,-0.01924357491735,1
N141K,-0.01830275706409,1
N141D,-0.01115301505885,1
N141L,-0.0082941576218999,1
D142W,-0.04544966882815,1
D142Y,0.0424641923264,1
D142V,0.015409843541805,1
D142T,-0.0405190321272,1
D142E,-0.0090873932368499,1
D142C,-0.01795727338745,1
D142S,0.0090174853474855,1
D142R,-0.02488976737605,1
D142Q,-0.00367519446235,1
D142A,0.01894577152845,1
D142N,-0.0306276565106,1
D142M,0.03263068683059,1
D142L,-0.007994565084835,1
D142K,-0.0409525293834,1
D142I,0.0369882576754,1
D142H,-0.0242110256225,1
D142F,-0.0118279645064,1
D142P,0.00440889856367,1
D142G,-0.0274407036394,1
D143N,-0.5067886778965001,0
D143P,-0.5272278779105,0
D143Q,-0.3977676577755,0
D143V,-0.5039847994605,0
D143T,-0.4278850011535,0
D143M,-0.7698481373235001,0
D143S,-0.4386938322649999,0
D143L,-0.489488506447,0
D143C,-0.4077343654215,0
D143I,-0.4916504957379999,0
D143H,-0.5056423688195,0
D143G,-0.4885032213030001,0
D143F,-0.5354997763775,0
D143E,-0.1795484621125,1
D143A,-0.526058512389,0
D143W,-0.4715225830664999,0
D143K,-0.447425446971,0
D143Y,-0.5054180823475001,0
D143R,-0.419695164574,0
E144L,0.0030516232663999,1
E144V,-0.05527923758205,1
E144W,-0.2300308938834999,1
E144Y,-0.015523091462665,1
E144R,-0.3897443006865,0
E144M,0.0706737553083,1
E144Q,-0.04960261045465,1
E144P,-0.3019936293425,0
E144N,-0.0018966402268,1
E144K,-0.4172429946235,0
E144S,-0.00109072469225,1
E144T,-0.0658195329421,1
E144I,-0.0481705977456,1
E144H,0.0060506235109999,1
E144G,-0.0385984452276,1
E144F,-0.11582246641645,1
E144D,-0.0706317607648,1
E144C,-0.0657406967243,1
E144A,-0.0599121446847,1
Q145H,-0.0359638651284,1
Q145Y,-0.01527382997195,1
Q145K,-0.0031113799687999,1
Q145W,0.002905306826895,1
Q145G,0.02638562934625,1
Q145M,0.0595469635276,1
Q145N,0.00363431678295,1
Q145L,0.0294897758317499,1
Q145F,0.00249380327215,1
Q145I,0.05234473374075,1
Q145D,0.01441238367959,1
Q145V,0.01289051091901,1
Q145T,0.06389950213925,1
Q145S,0.02529485483805,1
Q145R,0.04646431247485,1
Q145P,0.0028838807889,1
Q145E,0.0867600077869999,1
Q145C,0.0027998036647499,1
Q145A,0.00023668040525,1
Y146R,-0.5459339135800001,0
Y146S,-0.00053496107475,1
Y146T,-0.00957159532615,1
Y146P,-0.2365243638565,1
Y146G,-0.0173011730263499,1
Y146F,0.04248546729855,1
Y146C,-0.0614316246959,1
Y146E,-0.06455279806515,1
Y146A,-0.041147374566935,1
Y146I,-0.04828942985951,1
Y146K,-0.253495853058,1
Y146N,0.0500148627620899,1
Y146Q,-0.0504623841808,1
Y146H,-0.022718680944045,1
Y146D,-0.0486682533128,1
Y146M,0.0100542965920999,1
Y146W,-0.09408380561935,1
Y146V,-0.00907025322415,1
Y146L,-0.00121577539385,1
I147Y,-0.01325126619945,1
I147W,0.06102212100335,1
I147V,-0.00561956742638,1
I147T,-0.00919314775685,1
I147S,0.0144172777341,1
I147Q,-0.00544053102385,1
I147P,-1.151342424805,0
I147C,0.006380012754795,1
I147A,-0.00628559883625,1
I147L,0.01756309007654,1
I147K,0.0066339920484499,1
I147H,0.0632458685451,1
I147G,0.0287295825215499,1
I147F,-0.021675889658515,1
I147E,0.0451955648521,1
I147D,0.0569690608823,1
I147N,-0.0018200428917,1
I147M,-0.01009196543679,1
I147R,0.04134969486315,1
W148Y,-0.0548082255456999,1
W148K,-0.8399094402814999,0
W148I,-0.722706045281,0
W148H,-0.292476082622,1
W148L,-0.12323571400595,1
W148F,-0.07649630696885,1
W148E,-0.5221584543195,0
W148D,-0.36651350831,0
W148C,-0.8077550507775,0
W148A,-0.5981694035815,0
W148G,-1.05608784376,0
W148M,-0.0721006169976,1
W148N,-0.7028031370435,0
W148P,-1.0319344831164998,0
W148Q,-0.5586811929169999,0
W148R,-1.328902884295,0
W148S,-1.1259706667275,0
W148T,-1.016078849033,0
W148V,-0.8532210527099999,0
E149L,0.0427803626375,1
E149M,0.0232194279754999,1
E149N,0.08976579354495,1
E149P,-1.3658937915849998,0
E149Q,0.00934259554085,1
E149R,-0.01107007657395,1
E149T,-0.0015367579354,1
E149V,0.00451122491804,1
E149K,0.004671447479885,1
E149I,-0.0010528599148499,1
E149H,-0.00455506963533,1
E149G,0.0081795344079499,1
E149F,0.021626854998325,1
E149D,0.0032479557451999,1
E149C,0.0223487078645499,1
E149A,-0.0177745516958999,1
E149W,0.02642572358035,1
E149Y,-0.02093341704659,1
E149S,0.00108625062117,1
S150Y,-0.2421052818115,1
S150V,-0.0956197402839,1
S150W,-0.4557279540955,0
S150T,0.05925876475075,1
S150L,-1.125282074725,0
S150A,-0.04795036170205,1
S150C,-0.09546750040395,1
S150D,-0.1010647854189,1
S150E,-0.3978162448025,0
S150F,-0.4031986401715,0
S150R,-0.0860988255308499,1
S150Q,-0.5308283858264999,0
S150M,-1.1554562256215,0
S150P,-1.1213339390465,0
S150G,-0.1367544896025,1
S150N,-0.132919978713,1
S150H,-0.266159946068,1
S150I,-0.7921817450575,0
S150K,-0.07253222402885,1
N151S,0.05072902324045,1
N151V,-0.0119383845795,1
N151T,0.01805232998985,1
N151R,0.0731366086411,1
N151M,0.03442269319735,1
N151P,0.0165322181842,1
N151L,0.01956704839175,1
N151K,0.00063176232505,1
N151I,-0.02693941616505,1
N151Q,-0.0028817735956,1
N151F,-0.012342237229505,1
N151A,0.00619657899449,1
N151E,-0.0094439394421499,1
N151D,-0.02932578936,1
N151C,0.03944746716245,1
N151H,0.1317550304138,1
N151Y,-0.152244800859,1
N151G,0.038275631639,1
A152S,0.0263415801828,1
A152T,0.04327461240875,1
A152V,-0.0614902742402,1
A152W,-1.410441785425,0
A152Y,-0.0910326237954,1
A152R,-0.0037850253944,1
A152C,-0.0199813010266,1
A152D,0.003755315852,1
A152E,-0.010917289763825,1
A152F,-0.514141531807,0
A152G,-0.0186662200975999,1
A152H,0.033495590281382,1
A152I,-0.0118187531254999,1
A152K,0.0116911461731,1
A152M,-0.5382632981705,0
A152N,-0.02179137427205,1
A152P,0.0012398968166449,1
A152Q,0.00597093647785,1
A152L,-0.3022703392455,0
G153C,-0.081231877808,1
G153A,-0.0510258949834,1
G153E,-0.0491907854386,1
G153Y,-0.0529473326511,1
G153W,-0.1563157409759999,1
G153V,-0.3373989387765,0
G153T,-0.05880380151815,1
G153S,-0.007869697522976,1
G153Q,-0.0760404334814,1
G153P,-0.1057519614074,1
G153N,0.00579151352915,1
G153R,-0.0972050505328,1
G153K,-0.02535206335005,1
G153I,-0.851779135208,0
G153H,-0.016929298734715,1
G153F,-0.3336301051385,0
G153D,0.0037337687249499,1
G153L,-0.6195931567324999,0
G154M,-0.08077256610255,1
G154W,-0.0405530278061,1
G154Y,-0.02154364562077,1
G154T,-0.05380572634365,1
G154S,-0.0935740091751499,1
G154R,-0.13952523978845,1
G154Q,-0.0100195977329,1
G154P,-0.1027155694188999,1
G154N,-0.11759670253935,1
G154L,-0.0688395094187,1
G154V,-0.0265670958522949,1
G154I,-0.13712448411605,1
G154H,0.0283712497563149,1
G154F,-0.0636203948184,1
G154E,-0.09100982183575,1
G154D,-0.03744513267515,1
G154C,-0.0459280723382,1
G154A,-0.05646618042755,1
G154K,-0.1388705299775,1
S155V,0.02218158383148,1
S155T,0.01261906613167,1
S155P,-0.0786363655951,1
S155N,0.010636972148155,1
S155M,0.03990303719205,1
S155L,0.02838710099275,1
S155K,0.00302469904632,1
S155R,-0.0138699735338,1
S155H,-0.02879491939955,1
S155I,-0.0145103841905399,1
S155W,-0.0273797293197,1
S155C,0.0213550903203499,1
S155A,0.00342630758232,1
S155Y,-0.0156930522176499,1
S155E,-0.0329540793632,1
S155F,-0.08260487817185,1
S155G,0.00630552731214,1
S155D,-0.038517567510045,1
F156A,-0.4631603993215,0
F156C,-0.4553453729455,0
F156D,-1.118321228709,0
F156E,-1.145812420899,0
F156G,-0.8042237507700001,0
F156H,-0.35465859624,0
F156I,-0.30054165456,0
F156M,-0.09524865368095,1
F156N,-0.6818091764045,0
F156P,-1.04199759898,0
F156R,-1.22127663175,0
F156S,-0.730808922676,0
F156T,-1.006017286871,0
F156V,-0.9137698479365,0
F156Y,-0.0538155462613,1
F156K,-1.326769236565,0
F156Q,-1.01212884669,0
F156W,-1.1864347254549998,0
F156L,-0.5775960394249999,0
T157Y,0.00732984286387,1
T157W,0.01765347205165,1
T157V,-0.03156964348955,1
T157S,-0.004923345427795,1
T157R,-0.015253150215195,1
T157Q,0.04179695802015,1
T157P,-0.6271154842535,0
T157N,0.042878585665985,1
T157L,-0.0137119960676499,1
T157M,0.0089143803671349,1
T157I,0.0214334343635,1
T157H,-0.0075803336814499,1
T157G,-0.0072938306905,1
T157F,0.014492702520045,1
T157E,0.016280239005,1
T157D,0.0318670102493,1
T157C,0.01931312819145,1
T157A,-0.0066520005787999,1
T157K,-0.008086936156925,1
V158C,-0.03651837108845,1
V158Q,-0.22403350743495,1
V158A,-0.0185944559928,1
V158D,-0.9895989116745,0
V158R,-0.807291391664,0
V158I,-0.01559532080165,1
V158E,-0.3071832258505,0
V158F,-0.2657294920945,1
V158H,-0.8012460729135,0
V158K,-1.019688047635,0
V158L,-0.0309203131680999,1
V158M,-0.02643113939315,1
V158G,-0.6339529062654999,0
V158P,-1.13634415872,0
V158Y,-0.6553067438439999,0
V158W,-0.962694365482,0
V158T,-0.0046053589920915,1
V158S,-0.0479790166976,1
V158N,-0.07012801056035,1
T159L,0.0150905607119,1
T159A,0.04699812339245,1
T159C,0.004104946282435,1
T159D,-0.0390997076915,1
T159E,-0.02689838981656,1
T159F,0.007827996450455,1
T159G,0.03769815823925,1
T159I,-0.023093218231,1
T159K,0.03867501489425,1
T159M,0.05104000093765,1
T159H,0.0407898969883,1
T159P,-0.009880230195475,1
T159Y,0.0526562366666,1
T159W,0.028939988753,1
T159V,0.00836056115283,1
T159N,0.05016240553785,1
T159R,0.0336901173539,1
T159Q,-0.0167786684128499,1
T159S,0.0052005965631449,1
L160Y,-0.006285115092495,1
L160K,-0.04846475930855,1
L160M,0.0566119306161,1
L160N,-0.0992128980833,1
L160H,0.0660427184053999,1
L160G,-0.0016925832334999,1
L160F,0.0328115418295,1
L160E,0.015582723700815,1
L160D,0.0336235171675999,1
L160A,0.019963659595655,1
L160P,0.04547492409175,1
L160I,0.05256350997125,1
L160R,-0.0140731883403,1
L160S,0.006945687637885,1
L160T,-0.033528486488,1
L160V,0.006535480050225,1
L160W,0.03122999970965,1
L160C,0.02435610426248,1
L160Q,-0.0174281599427,1
D161K,-0.04047235444665,1
D161M,-0.101681075687,1
D161C,-0.0088547508434569,1
D161E,-0.0047816227637999,1
D161F,0.014324771075375,1
D161A,-0.02013044429575,1
D161G,0.0007247851834575,1
D161Y,0.06560343454065,1
D161W,0.00052751034785,1
D161L,0.009855972158665,1
D161I,0.009516486519455,1
D161T,-0.0463544251751999,1
D161N,-0.009795199529745,1
D161V,0.01584466260925,1
D161P,0.0354131188027,1
D161Q,0.0404049296405,1
D161R,0.0077161081389899,1
D161H,-0.0461944593286,1
D161S,-0.00462372119855,1
E162T,0.0085981912211,1
E162P,0.00365199171735,1
E162V,0.02160926182985,1
E162C,0.08248914075102,1
E162N,0.05628760491595,1
E162L,-0.0003273443283099,1
E162K,0.002665241907565,1
E162H,-0.0829567787445,1
E162G,0.0196918901943499,1
E162D,-0.09308729580355,1
E162A,-0.0138369051727499,1
E162I,-0.0312713625907,1
E162S,-0.008404578588765,1
E162R,-0.03769379798542,1
V163I,0.0037844597679499,1
V163S,0.0389647097884,1
V163R,0.0313739901811,1
V163Q,0.02438902752625,1
V163P,0.007860815578995,1
V163N,0.04197236319505,1
V163M,-0.0066042156949,1
V163L,0.0011434054213,1
V163K,0.0294674149501,1
V163H,0.03302510344705,1
V163G,0.0119905350818999,1
V163F,0.0234671499773,1
V163E,0.09547786643775,1
V163D,0.0115033128241,1
V163T,-0.0108457897238715,1
V163C,0.0667235055391999,1
V163Y,0.02935960786765,1
V163A,0.02819208130355,1
N164D,0.01577919859818,1
N164E,0.01130598365618,1
N164F,-0.01889849496815,1
N164G,0.018865318072,1
N164H,0.01217341368225,1
N164I,0.01071204475897,1
N164Y,-0.03129795171735,1
N164V,0.00025408525165,1
N164L,0.0399841677724999,1
N164M,0.0349617810452499,1
N164P,0.006311581986185,1
N164Q,0.0498395960688,1
N164R,0.0068655301431999,1
N164S,0.0366023207313,1
N164T,0.0187736196168,1
N164W,0.178020416002,1
N164K,-0.009273132497295,1
N164C,-0.03758336665025,1
N164A,-0.0087385161506,1
E165H,-0.00346131573645,1
E165D,0.015195474208,1
E165C,-0.0068294692241499,1
E165A,0.0277935499882999,1
E165I,-0.052952696807835,1
E165K,-0.0100183457091499,1
E165L,0.04773119574465,1
E165M,0.016349638653235,1
E165N,0.03820634761175,1
E165Q,0.06511771604295,1
E165R,-0.010120482073005,1
E165S,0.019800629312175,1
E165T,0.0037407152248,1
E165V,-0.04391695113935,1
E165W,0.00829145566429,1
E165Y,0.07009208987785,1
E165P,-0.000551448968227,1
E165F,0.0076332744045,1
E165G,0.00985217162646,1
R166G,0.02657178959485,1
R166A,0.0014781110055999,1
R166C,0.0256834268719,1
R166D,0.02503379840875,1
R166E,-0.0461233352501,1
R166F,-0.0745738698090699,1
R166H,0.0533293993546,1
R166I,0.0175243885035999,1
R166K,0.0562887005881,1
R166L,0.0088856832171,1
R166M,0.00916484135135,1
R166N,0.0726095860436,1
R166Q,0.0108851281774499,1
R166P,-0.00078053450325,1
R166T,0.01361077331602,1
R166V,0.00291685275711,1
R166Y,-0.0174305395625499,1
R166S,0.0041633905582,1
I167P,0.01089901930385,1
I167M,-0.03803994177545,1
I167Y,0.1016240569097,1
I167W,-0.02145474556475,1
I167L,-0.01966955160715,1
I167V,-0.0111230837888949,1
I167T,0.01870133302045,1
I167S,-0.0165501183599999,1
I167R,-0.0040248045661,1
I167Q,0.0350430621743,1
I167K,0.03960728637845,1
I167G,-0.00101729826579,1
I167H,-0.0029488750664,1
I167E,0.0185951385888499,1
I167C,0.043405809113465,1
I167A,0.01130304825005,1
I167F,0.027480174967,1
I167N,0.02181477595926,1
I167D,-0.04225979688775,1
G168A,0.008092459710675,1
G168Y,-0.02600795685517,1
G168V,0.0017008117468999,1
G168S,-0.008395041627155,1
G168R,0.0219074060682189,1
G168P,0.0184778912067,1
G168N,0.05020618714555,1
G168T,-0.012687572327015,1
G168K,0.04299557495015,1
G168C,-0.1516532531765,1
G168L,0.0318380843042499,1
G168D,-0.0063263890876499,1
G168E,0.0796145248402,1
G168Q,-0.01000843805685,1
G168F,-0.01000541592695,1
G168H,-0.0177073117001049,1
G168I,-0.01328152750845,1
R169M,-0.0095919524669,1
R169K,-0.01656248581546,1
R169P,0.0078886408160999,1
R169C,-0.0445442569703,1
R169D,0.04804397819355,1
R169E,0.03458171243393,1
R169F,-0.0131876403516449,1
R169G,0.01869879934605,1
R169L,-0.00600842152465,1
R169A,0.04346950937035,1
R169N,0.0440293787835599,1
R169I,-0.0017311769279,1
R169Y,0.0546356547979,1
R169W,-0.0066083484276099,1
R169V,-0.0130582741051,1
R169T,-0.016268111034655,1
R169S,-0.00157944349625,1
R169Q,-0.02869717520525,1
R169H,0.017117640886655,1
G170S,-0.0041459519808,1
G170R,-0.255351453227,1
G170A,0.0190208214348,1
G170C,0.00017626539141,1
G170E,-0.0866984851316,1
G170D,-0.0796851586834,1
G170L,-0.0553523862633,1
G170N,-0.0281415001968499,1
G170F,-0.0746704740262499,1
G170Y,-0.1476418663005,1
G170V,-0.0424178971888,1
G170T,-0.0377411591500599,1
G170P,-0.9894000823015,0
G170Q,0.0016529202354499,1
G170K,-0.01345638129676,1
G170I,-0.14459325456085,1
G170H,-0.02151968452782,1
T171F,-0.0798672472705,1
T171D,0.0012604072597499,1
T171G,-0.0525178492952,1
T171H,-0.0889788986324,1
T171I,-0.0272842529839,1
T171C,0.01756717889385,1
T171A,-0.0581437757431,1
T171E,-0.274352970881,1
T171K,-0.97564896445,0
T171S,-0.00744519837708,1
T171M,-0.05576625631745,1
T171N,0.01780023447995,1
T171P,-0.2172958779565,1
T171Q,-0.329309872014,0
T171R,-1.2026332332999998,0
T171V,0.0102242775815249,1
T171W,-0.1397677294655,1
T171Y,0.0295016780208499,1
T171L,-0.0319103194482,1
I172D,-0.01795964294165,1
I172C,0.0113371660152999,1
I172A,-0.034208459077848,1
I172H,0.0922231967248,1
I172E,0.02095867315295,1
I172W,0.0471537754434,1
I172V,0.0030059326646999,1
I172T,-0.00896523062143,1
I172S,0.02041722766375,1
I172R,-0.0182487271412,1
I172Q,0.0084832289973999,1
I172Y,0.01042507327004,1
I172N,-0.018500689308215,1
I172M,0.0005264599846,1
I172L,-0.0157870532255,1
I172K,-0.02317407861817,1
I172G,-0.035718815924,1
I172F,-0.09144552562825,1
I172P,-0.4923058644080001,0
L173E,-0.03171183204585,1
L173F,-0.02822075251955,1
L173G,-0.0509846776249,1
L173Y,-0.0902847591702,1
L173W,-1.500429505225,0
L173V,-0.03339509561725,1
L173Q,-0.05958931067125,1
L173S,-0.0211167917925499,1
L173R,-1.097431696466,0
L173P,-1.0191629689264998,0
L173H,-0.01453350458285,1
L173N,-0.0580795951131,1
L173D,-0.475955860991,0
L173T,-0.0455630041574999,1
L173C,-0.04002925615032,1
L173I,0.0109996489657,1
L173K,-0.07191630177425,1
L173A,0.01762252297565,1
R174C,-0.0302492490868,1
R174D,-0.0827286731472499,1
R174E,-0.02226585083915,1
R174F,-0.00013138085065,1
R174G,-0.1055619509458999,1
R174I,-0.03358264569995,1
R174K,0.00549671516465,1
R174L,-0.0127616013481,1
R174M,-0.0237750399483,1
R174N,-0.04407380539435,1
R174P,-0.996128422053,0
R174Q,0.01336915478505,1
R174S,-0.0326964394974,1
R174H,-0.0049734304397999,1
R174V,-0.010311583043265,1
R174T,-0.005510885835085,1
R174A,0.0506736669296999,1
R174W,-0.096567709629,1
R174Y,-0.05193962090895,1
L175F,-0.043734708633495,1
L175Y,-0.60468539395,0
L175W,-1.6365748819,0
L175V,0.009040738072055,1
L175T,0.0390767389910999,1
L175S,-0.0187874387571899,1
L175R,-1.2356375106900002,0
L175Q,0.00234721622355,1
L175P,-0.1450151606774999,1
L175N,-0.03661106673105,1
L175C,-0.0414153864482149,1
L175D,-0.8593478130775001,0
L175K,-0.113965536423,1
L175I,0.0186839414091,1
L175H,-0.0499429916801,1
L175G,-0.0178120473438,1
L175E,-0.258825485909,1
L175A,0.01552035961495,1
F176R,0.0117183098931,1
F176K,0.0194515566264,1
F176N,0.04217951655826,1
F176L,-0.009162568348245,1
F176S,0.0091877319612999,1
F176I,0.012422608587,1
F176H,-0.02763090941275,1
F176G,0.0024734206130999,1
F176E,-0.02859632695145,1
F176D,-0.032398303549,1
F176C,-0.016307604203245,1
F176A,0.0737070570894,1
F176T,-0.0185624829807,1
F176V,-0.0073560748814386,1
F176W,0.0693818863486,1
F176Y,0.0061483318598499,1
F176P,-0.04692061382015,1
F176Q,0.00275389775935,1
L177H,-0.013322396640285,1
L177W,-0.05869019791615,1
L177I,-0.00011682414445,1
L177F,0.03104320540949,1
L177E,0.00073566035894,1
L177D,-0.0115215150899999,1
L177C,0.03074286493415,1
L177A,-0.0403239194158,1
L177G,0.01951448285102,1
L177Y,0.0268366369762599,1
L177K,0.02647746533865,1
L177N,0.02707648591825,1
L177P,0.04061050506795,1
L177Q,0.051273789190105,1
L177R,-0.01421437578515,1
L177S,-0.0522614059958,1
L177T,-0.11012698407605,1
L177V,0.020329999430885,1
L177M,0.08845014895715,1
K178Q,-0.0358663294982099,1
K178P,-0.0374720694192053,1
K178N,-0.02308091053295,1
K178L,0.0053868609715005,1
K178I,-0.0343613286564,1
K178H,-0.0671889128058,1
K178G,0.02321608523987,1
K178F,-0.00623848738575,1
K178W,0.0827954824187,1
K178T,-0.0089473319862,1
K178V,-0.0234648715228149,1
K178Y,-0.03380861037201,1
K178D,0.006563244448125,1
K178C,-0.008393727551065,1
K178A,-0.01424085331836,1
K178R,0.04131782979915,1
K178E,-0.01560391112865,1
K178S,0.014956955584975,1
D179N,0.05156250866035,1
D179P,0.0263101194746,1
D179M,0.09131991019525,1
D179E,0.0066508895888999,1
D179F,-0.00527446646406,1
D179G,0.025913278435485,1
D179H,0.0010428552569,1
D179Q,0.0019517720538,1
D179R,0.0212143801221999,1
D179S,0.01239112976976,1
D179T,-0.06830453104965,1
D179V,0.01398896553181,1
D179W,-0.07234220599045,1
D179Y,0.0421734738044,1
D179C,0.012664022022845,1
D179L,0.005620781133,1
D179A,0.01988290216057,1
D179K,-0.002035259062295,1
D179I,-0.0106241111844,1
D180I,-0.02371453763425,1
D180Q,-0.0590008820103,1
D180R,-0.0654311450525,1
D180S,0.021562892343405,1
D180V,-0.00819149686825,1
D180W,-0.1694496563674999,1
D180P,-0.0239674979597684,1
D180N,0.0568395095981999,1
D180M,0.008822920441295,1
D180L,-0.04063571380595,1
D180A,0.03344761197595,1
D180C,-0.009077303505985,1
D180E,-0.01419203692674,1
D180K,-0.07982275620725,1
D180H,-0.0177803951480239,1
D180F,-0.0590187421214499,1
D180T,0.0171021058859,1
D180G,0.00138748857885,1
D180Y,-0.0973789478766,1
Q181V,0.01805068057015,1
Q181D,0.05233233802815,1
Q181E,-0.002628589781967,1
Q181F,-0.05275857395015,1
Q181G,0.03377519442145,1
Q181H,0.00909098895575,1
Q181I,0.0096022708908,1
Q181W,-0.06022883299925,1
Q181K,-0.0255520629131,1
Q181M,0.02144486874915,1
Q181N,0.029191964890485,1
Q181P,-0.02170081110613,1
Q181R,-0.0698212077935,1
Q181S,-0.0494737341501999,1
Q181T,-0.1156028314405,1
Q181C,0.0073061814215,1
Q181L,0.0118525717571499,1
Q181A,0.02132539326075,1
L182M,0.0409652017471999,1
L182N,0.02653448208605,1
L182Y,0.00781863321201,1
L182W,0.0497964153141,1
L182T,0.00925458269283,1
L182S,0.013257369271165,1
L182R,-0.006432810486,1
L182Q,0.0119137924937,1
L182P,0.0035724275530355,1
L182A,-0.0027049574268,1
L182C,0.02744491406875,1
L182V,-0.04904936621913,1
L182E,0.0130051619236,1
L182D,-0.0496989874403499,1
L182K,0.02772935322265,1
L182I,0.0173267603003,1
L182H,-0.0700658791743999,1
L182F,-0.0042219473515,1
L182G,-0.011964088789635,1
E183Q,0.00182849938155,1
E183K,-0.01702332306386,1
E183P,-0.00673473466435,1
E183S,0.0337623154879,1
E183T,-0.0128413412501415,1
E183N,-0.0619392996296,1
E183V,-0.02400066991425,1
E183L,0.0095071202074,1
E183W,-0.02588683408445,1
E183R,-0.03746753574735,1
E183I,-0.0630823147409,1
E183F,-0.0448728423445,1
E183G,-0.005737265291505,1
E183Y,-0.022342092852005,1
E183A,-0.0086538290770499,1
E183C,-0.05527094439805,1
E183D,-0.0309150499094,1
E183H,-0.0675168167442649,1
Y184K,-0.0163231475994,1
Y184L,-0.0145458685036449,1
Y184M,0.0512835599348,1
Y184R,0.001725708458915,1
Y184Q,-0.0662532478251999,1
Y184I,-0.01310637258215,1
Y184F,0.0166245314155999,1
Y184G,-0.01254141425545,1
Y184E,-0.1910456082379,1
Y184A,0.006204664765995,1
Y184N,0.01675064471695,1
Y184C,-0.0307529300158499,1
Y184H,-0.0854288191241745,1
Y184P,-0.04444501259945,1
Y184V,-0.041255340382245,1
Y184W,-0.0792199751882,1
Y184T,-0.0132541953192499,1
Y184S,0.005889658040775,1
L185A,-0.013974503369385,1
L185C,0.04631533094655,1
L185D,0.0043579364298999,1
L185E,0.00170739116805,1
L185F,0.00548704645384,1
L185G,0.031636354883585,1
L185H,0.051374472292785,1
L185K,0.0134471056927199,1
L185I,-0.0286934710320999,1
L185P,-0.013416826465125,1
L185Q,-0.06997658057555,1
L185R,-0.0024660959701,1
L185S,-0.0347541846069,1
L185T,0.0403786840171999,1
L185V,0.02244750869555,1
L185W,0.0016010099134499,1
L185Y,-0.0152493946870499,1
L185N,0.01306892231787,1
E186Y,0.061811738208,1
E186V,0.016365039406715,1
E186W,-0.016355430331185,1
E186T,-0.000208563362,1
E186D,0.0298418702602849,1
E186R,-0.024906532514775,1
E186C,0.0162697185292,1
E186S,0.001281881469515,1
E186A,-0.0155079102923,1
E186F,0.0501438038315,1
E186G,-0.0058874618094999,1
E186I,-0.1099625384551,1
E186H,-0.04007334413325,1
E186L,-0.01222146393075,1
E186M,-0.0092073009219,1
E186N,0.0288359657885,1
E186P,-0.0069149474533999,1
E186Q,0.00432494941155,1
E186K,-0.0538524284611999,1
E187I,-0.052994824308,1
E187G,-0.002900192993705,1
E187H,-0.07871419239295,1
E187K,0.0404648891076,1
E187V,0.0104295485617,1
E187N,-0.00877708066065,1
E187P,0.007186431054395,1
E187Y,-0.07025096397775,1
E187W,0.0499206267613399,1
E187T,-0.0176970275450549,1
E187S,-0.0176272930687,1
E187L,-0.0097952185509549,1
E187F,0.016027593277,1
E187Q,-0.0183505948057,1
E187C,0.0819257795454,1
E187D,0.0743889465264499,1
E187A,0.0397852891479499,1
E187R,0.0389605974674,1
K188E,0.04646246844855,1
K188F,0.03369277552975,1
K188G,-0.0008783912448499,1
K188H,-0.05954417813015,1
K188I,-0.01566328138305,1
K188L,-0.0177003689941699,1
K188M,-0.13607347783175,1
K188P,0.06339853601545,1
K188D,0.030795341311,1
K188Q,0.04458022024355,1
K188R,0.028013719004075,1
K188S,0.0264301544114399,1
K188T,0.0007111897102349,1
K188V,-0.02370693664711,1
K188N,0.10099086235155,1
K188C,-0.0632245472971999,1
K188A,0.007600462401545,1
K188Y,-0.03145140244855,1
K188W,0.10371539585,1
R189S,0.0174140555345999,1
R189T,-0.02904077098565,1
R189V,0.058413368701315,1
R189W,-0.01388173352066,1
R189Y,-0.0664970623750999,1
R189Q,-0.0011060971547,1
R189A,-0.01352850124276,1
R189C,-0.02307886983085,1
R189N,-0.0027929482606999,1
R189F,-0.0195918734769,1
R189G,0.0047516827676499,1
R189H,-0.00410939788995,1
R189I,0.00561837606646,1
R189P,-0.0354104454789,1
R189K,0.02051017596445,1
R189L,0.037719457074425,1
R189E,0.0647659417927,1
R189D,-0.043324510650535,1
I190V,-0.0094243941749,1
I190W,-0.02804507256935,1
I190R,-0.0068664339289499,1
I190Q,-0.0126488700505,1
I190P,-0.0004933792709999,1
I190N,0.06038082672765,1
I190M,0.033597223585055,1
I190L,-0.03803399046565,1
I190S,0.0320299506783499,1
I190K,-0.0446183717038,1
I190G,0.009021445122475,1
I190F,0.0109722735345699,1
I190E,-0.02932617005035,1
I190D,0.0105867986927,1
I190C,-0.020781159819673,1
I190A,-0.016059134133575,1
I190H,-0.0506802263253,1
I190T,-0.0023221496845,1
K191D,-0.0198321649259999,1
K191Y,0.04523030936265,1
K191C,-0.08079990558875,1
K191A,-0.002701354179845,1
K191F,-0.0430112168497,1
K191G,-0.01901120860659,1
K191I,-0.06717458062035,1
K191L,-0.0466670465831999,1
K191M,-0.0078145950857,1
K191N,0.0813355090476,1
K191P,-0.01465650525978,1
K191Q,0.02751103377855,1
K191R,0.0372811362093,1
K191S,0.0287376005617,1
K191T,0.0320097866095,1
K191V,0.00201131969904,1
K191W,-0.0089225329785999,1
K191E,-0.003054247664455,1
K191H,0.01480805621545,1
E192Y,-0.0073832810441499,1
E192C,0.013821747794,1
E192W,-0.09565529603382,1
E192V,0.010868445758275,1
E192T,-0.0310185266257999,1
E192S,0.0134868570459599,1
E192R,-0.03220716829675,1
E192Q,-0.01293383863909,1
E192P,0.0015937308898499,1
E192N,0.015331410184265,1
E192A,-0.01582288934335,1
E192L,0.0143042796518,1
E192K,-0.05337647461005,1
E192I,-0.0567355503266,1
E192M,-0.0270463521828499,1
E192H,-0.06382514606515,1
E192G,-0.0068487623205499,1
E192D,-0.0136963694803,1
V193M,-0.064108328759,1
V193N,-0.05657951907159,1
V193P,-0.01152263704849,1
V193Q,-0.0758298561808,1
V193T,0.03530949712435,1
V193S,-0.0006452918638499,1
V193K,-0.02681475111619,1
V193W,-0.3297089955805,0
V193Y,-0.2036515332205,1
V193R,-0.0808662802643,1
V193I,0.0050561777374449,1
V193L,-0.0446234903657499,1
V193G,-0.00180163535155,1
V193H,-0.10225697420025,1
V193A,-0.028615155925505,1
V193C,-0.0074565817161499,1
V193F,-0.1926117159675,1
V193E,-0.1519823731955,1
V193D,-0.06738919169989,1
I194C,0.03258797768305,1
I194D,-0.0009048393712999,1
I194E,-0.03611604424455,1
I194F,0.03423018806727,1
I194G,4.676833049999108e-07,1
I194H,-0.03201875264799,1
I194L,-0.03044384859315,1
I194M,-0.08349249511245,1
I194N,0.0033331150526999,1
I194A,0.0266903539198,1
I194Y,0.0135434644531,1
I194W,0.0405002221914,1
I194V,0.01575230550195,1
I194T,0.00559215805895,1
I194S,-0.05552393116915,1
I194R,-0.033304574083,1
I194P,-0.0400188996311999,1
I194Q,0.00313074191747,1
I194K,-0.04849589973895,1
K195Y,0.0036442928662499,1
K195D,-0.0399024795851,1
K195C,0.0129007349010999,1
K195A,-0.04546206729455,1
K195E,0.0075356852997499,1
K195F,0.03811850373899,1
K195G,-0.0019461400137,1
K195I,-0.01811033056975,1
K195L,-0.0362119562481,1
K195H,0.0016963639693299,1
K195N,0.0084480260339,1
K195P,-0.09269937522115,1
K195Q,-0.012764073382235,1
K195R,0.030086719647535,1
K195S,-0.002372794658815,1
K195T,-0.0045741405449999,1
K195V,-0.0175365198302149,1
K195W,-0.0284857717677,1
K195M,-0.1236028770784,1
R196P,-0.5230917925495,0
R196Y,-0.086137661553821,1
R196W,-0.1707191907225499,1
R196V,0.03913733867205,1
R196T,0.01088349854265,1
R196S,0.011495847809,1
R196N,-0.02411429542315,1
R196Q,0.0300835583529,1
R196K,0.01768234838356,1
R196A,-0.00864838304695,1
R196I,-0.01926372270756,1
R196H,0.033777162721735,1
R196G,-0.0149735580272,1
R196F,-0.0362040302177,1
R196C,-0.0463547288455499,1
R196D,0.00624987352565,1
R196L,-0.01687415226741,1
R196E,-0.0017466125751499,1
H197F,-0.0537042434626,1
H197A,-0.0798614799429,1
H197D,-0.1903531610235,1
H197C,0.00223962151065,1
H197G,-0.205398883354,1
H197E,-0.2120724981205,1
H197I,-0.393266870089,0
H197M,-0.13292731664,1
H197L,-0.05921573997525,1
H197N,-0.0286549887095499,1
H197P,-0.9205243526595,0
H197Q,-0.015707748398885,1
H197R,-0.028442482707015,1
H197S,-0.07484799273605,1
H197T,-0.0903463785796,1
H197V,-0.183179878778,1
H197Y,0.0135523482774,1
H197K,-0.1304811773206,1
H197W,-0.05176947334585,1
S198N,0.04336363601625,1
S198P,-1.037837980653,0
S198V,-0.34014124521,0
S198F,-0.168739622965,1
S198E,-0.267996987174,1
S198D,-0.07546962362935,1
S198C,-0.0620765307418499,1
S198A,-0.0564679476842,1
S198I,-0.0840778712318999,1
S198K,-0.5122150253985001,0
S198L,-0.08399668788805,1
S198Y,-0.11894929556675,1
S198W,-0.08039570827085,1
S198T,-0.05618866553405,1
S198R,-0.206045844618,1
S198Q,-0.012216455079,1
S198G,-0.182866454436,1
S198H,0.0353331050659,1
S198M,-0.08046526448285,1
E199G,0.0002613070951999,1
E199Y,-0.03673002275983,1
E199W,0.01962116675245,1
E199V,-0.00062038205215,1
E199T,-0.0210194467453,1
E199S,-0.0061438396141805,1
E199R,-0.2331790423745,1
E199Q,-0.017460196945,1
E199P,-0.01561724008075,1
E199A,-0.00662682289932,1
E199C,-0.0298520866542499,1
E199N,0.0201544424491,1
E199M,0.0500212831855999,1
E199L,-0.0296635047067,1
E199K,-0.1237412612442,1
E199I,0.0139191464643449,1
E199F,-0.094193437520445,1
E199H,-0.002411368233465,1
E199D,0.01928601819975,1
F200R,-0.132237728166,1
F200I,-0.3576003358824999,0
F200T,-0.2274655585839999,1
F200V,-0.282052492945,1
F200W,-0.037238903688045,1
F200Y,-0.05539897961075,1
F200Q,-0.20552982638,1
F200S,-0.1520727533685,1
F200P,-0.129402333639,1
F200H,-0.1545691738508,1
F200M,0.0581867768963,1
F200K,-0.321570641346,0
F200A,-0.04088357733255,1
F200D,-1.149303124352,0
F200E,-0.5298643376065,0
F200G,-0.1216185997749999,1
F200C,-0.04681442372985,1
F200L,-0.06233874672775,1
F200N,-0.00531954285192,1
V201L,-0.0075538072729499,1
V201M,-0.170217174864,1
V201Y,-0.1344973825119,1
V201N,-0.0271506958239499,1
V201Q,-0.0944749774201499,1
V201R,-0.7583895241865,0
V201S,-0.0121348570973999,1
V201T,0.032378951150375,1
V201W,-0.6961089697425,0
V201K,-0.1146855166017,1
V201C,0.0419378431623,1
V201E,-0.0823157068847,1
V201I,-0.03551791528384,1
V201F,-0.04095785657385,1
V201H,0.0078100436766,1
V201D,-0.1287183308987,1
V201P,-0.2102826796315,1
V201A,0.045534383843,1
V201G,-0.05330072005975,1
A202V,0.058595590258,1
A202C,-0.168246174906,1
A202S,0.02201446802624,1
A202T,0.026961547550315,1
A202D,0.0594175301820999,1
A202R,-0.02404535532075,1
A202Q,0.026411340243369,1
A202P,-0.0114384980788449,1
A202N,0.02146122080172,1
A202L,-0.177675826672,1
A202K,-0.0895777079691499,1
A202I,-0.0943421424206499,1
A202E,0.0016437941886565,1
A202G,-0.013217684891395,1
A202H,0.03980681902025,1
A202Y,-0.134583621685,1
A202W,-0.006904241700965,1
Y203G,-0.0821333115919999,1
Y203C,-0.316538311138,0
Y203F,-0.0306858809022,1
Y203D,0.0024595862929999,1
Y203W,-0.02824285767159,1
Y203E,-0.0645559742971999,1
Y203T,-0.2947228059665,1
Y203S,-0.1422366953934999,1
Y203R,-0.04701936488375,1
Y203Q,0.0040375206151,1
Y203P,-0.05060891651685,1
Y203N,0.02747610561103,1
Y203L,-0.0353094523854,1
Y203K,0.00189828919475,1
Y203I,-0.03301873845895,1
Y203H,0.0064387997478575,1
Y203A,-0.04818145957485,1
Y203V,-0.0450343514194499,1
P204C,0.0255416878164,1
P204F,4.752441389500005e-05,1
P204E,0.00413434768885,1
P204G,-0.0052550009856,1
P204H,0.0072767237167749,1
P204I,0.034536189957205,1
P204K,-0.0154301950902,1
P204Q,-0.03920801204215,1
P204R,-0.041424929196,1
P204S,-0.0006322579875499,1
P204T,-0.0033454369078,1
P204V,0.028159441108685,1
P204D,-0.0436366348217,1
P204L,-0.03032544537315,1
P204M,0.0537029045187,1
P204N,-0.0092680502392649,1
P204A,-0.014629869114,1
P204Y,0.03043808073485,1
I205W,-0.1639665006645,1
I205V,0.03700662646005,1
I205T,0.01029982796187,1
I205S,-0.013595112491515,1
I205R,-0.0067253087228,1
I205Q,0.05247751680074,1
I205P,-0.0658615703397,1
I205N,0.0241914078536959,1
I205L,-0.01389164149065,1
I205K,0.00038537615211,1
I205G,-0.11106939592575,1
I205F,-0.0406856904634,1
I205E,0.02225496083705,1
I205D,-0.4883040038319999,0
I205C,-0.0363266769513,1
I205A,0.0230874838142099,1
I205Y,-0.049853466909915,1
I205H,-0.018398925967415,1
I205M,0.0418094673659,1
Q206A,0.07208402634395,1
Q206C,0.0403645754403,1
Q206D,0.06521931988905,1
Q206E,0.0115104966117999,1
Q206G,-0.0044674500523865,1
Q206F,0.006040552539915,1
Q206H,0.09508988256455,1
Q206Y,-0.05075134117021,1
Q206W,-0.05217308723915,1
Q206V,0.01074509303408,1
Q206S,0.012657159540135,1
Q206R,-0.0029611014295535,1
Q206T,0.0071497731441999,1
Q206N,-0.01279677021375,1
Q206M,0.00026662940985,1
Q206L,0.011443103266805,1
Q206K,0.04078870474075,1
Q206I,-0.0078963609909499,1
Q206P,-0.10793711970185,1
L207F,-0.0325404947918,1
L207A,0.01514383498975,1
L207C,0.00829267200829,1
L207D,-0.0374283839923499,1
L207E,0.03530429787211,1
L207G,0.0229714815487,1
L207Q,0.025975960034245,1
L207I,-0.03422179837545,1
L207Y,0.0256453311797,1
L207W,-0.049290318722455,1
L207V,0.018050098283345,1
L207T,-0.0055098488536845,1
L207H,0.0394554098588,1
L207S,0.0051817234955,1
L207K,0.03837995138315,1
L207R,0.0015888891173699,1
L207M,0.00767391036785,1
L207N,0.0535584569542,1
L207P,-0.921680912119,0
V208G,0.011465755923055,1
V208F,0.05207142969805,1
V208C,-0.034272213307685,1
V208A,-0.02079012835795,1
V208Y,-0.04287956368775,1
V208E,0.0187196877308499,1
V208W,0.05926582141115,1
V208S,0.0292123766927299,1
V208R,0.015958195067735,1
V208Q,-0.0582903704286,1
V208P,0.0405658782526,1
V208N,0.0591512039680999,1
V208M,0.0488682923029,1
V208L,-0.0046708696646999,1
V208K,-0.00961966713351,1
V208I,0.013769531347125,1
V208H,0.0231239824816,1
V208T,-0.02715793283425,1
V208D,-0.0207206163693,1
V209N,-0.0414469097655,1
V209F,-0.0086116792016,1
V209I,0.06117678774365,1
V209H,0.025041956407,1
V209P,0.0028731287286849,1
V209M,0.0979986068846,1
V209G,0.02791698593805,1
V209Q,0.0209149037027,1
V209E,0.0221164490902,1
V209S,0.010425223096165,1
V209T,0.01209831470835,1
V209W,-0.02671035926896,1
V209Y,-0.00242362178725,1
V209K,-0.0339980696461,1
V209D,-0.0597894725493,1
V209C,-0.0441808869211,1
V209A,0.0097877022542099,1
V209R,0.0178512782781549,1
V209L,0.03680112766494,1
T210G,0.0212746791802,1
T210A,0.029760777656595,1
T210Y,-0.00753915505225,1
T210V,0.003820424734515,1
T210S,-0.0335978829801,1
T210R,0.0331961788147495,1
T210Q,0.0131570589582,1
T210P,0.02683385406934,1
T210N,-0.03206820108,1
T210M,0.0414400991551,1
T210W,-0.0155717036482,1
T210K,-0.01686595727801,1
T210I,0.01423494598895,1
T210H,0.0098826352845,1
T210F,0.03587619110005,1
T210E,0.01385565523425,1
T210D,0.0301430019269,1
T210C,0.0071672733977775,1
T210L,-0.02961025846235,1
K211I,-0.0213390569957,1
K211H,-0.1592077489682,1
K211G,-0.0117743101195249,1
K211F,-0.0378259315956,1
K211E,-0.0072422110751,1
K211D,-0.0863415481915,1
K211C,0.024461661446595,1
K211V,-0.0231867094762,1
K211Y,-0.01163847984925,1
K211W,-0.00306035042775,1
K211T,-0.04515460624422,1
K211S,-0.008470180906335,1
K211R,-0.01822181152125,1
K211L,0.0145214085111,1
K211Q,-0.00589239500505,1
K211A,-0.0003973617795849,1
K211M,0.07675934505375,1
K211P,0.018473034062285,1
K211N,-0.02248567449674,1
E212W,-0.00187349560445,1
E212A,-0.0067496602742449,1
E212C,-0.082550336942,1
E212D,0.0258004829074,1
E212G,0.0061555561485299,1
E212H,-0.0026068921738765,1
E212K,-0.0037008857328,1
E212Y,0.020479784159155,1
E212R,0.00173463688715,1
E212M,0.06349986572195,1
E212N,0.02215747343522,1
E212P,-0.00336380413675,1
E212Q,-0.0337082237498805,1
E212S,-0.018472749590345,1
E212T,-0.010530033552,1
E212V,0.00170219937615,1
E212L,-0.021460375009275,1
V213S,0.03042689762285,1
V213R,0.03977533103285,1
V213P,-0.011354990106045,1
V213N,0.04545694100665,1
V213M,0.0412542597715,1
V213L,0.027931985770688,1
V213T,-0.01274727457845,1
V213Q,-0.0099465032867,1
V213Y,-0.0343435377043499,1
V213K,0.00325703606155,1
V213W,-0.016805653491075,1
V213A,-0.0122587556855349,1
V213C,-0.0047156773510699,1
V213E,0.00117819080545,1
V213G,0.0266920174173,1
V213H,-0.0086614283544,1
V213I,0.0212743622409,1
E214V,-0.0061250240992749,1
E214G,0.01460230047375,1
E214F,0.013420426198095,1
E214Y,0.03769890137155,1
E214T,-0.0029053539834325,1
E214C,-0.0008950032785499,1
E214A,0.01088060614315,1
E214I,-0.01872642721702,1
E214D,-0.013725738483615,1
E214K,0.01467103289805,1
E214H,-0.0106697873585499,1
E214M,0.021824004092745,1
E214S,-0.010245287748155,1
E214R,0.01012999990786,1
E214Q,0.03128973360043,1
E214P,0.013582911562035,1
E214N,0.04267824789635,1
E214W,-0.018385756337321,1
E214L,0.006779336419995,1
K215V,-0.02448405564202,1
K215A,0.00896719699523,1
K215C,0.00989815175294,1
K215D,-0.01384453149245,1
K215Y,-0.08132857646205,1
K215T,-0.04912171695199,1
K215H,0.01870375729626,1
K215S,-0.0041790150918,1
K215R,0.002034614243305,1
K215Q,-0.0544714009246,1
K215I,0.00575221180725,1
K215L,0.0252655748444599,1
K215N,-0.0269256537237499,1
K215P,0.01177626789317,1
K215G,0.0121958211314,1
K215E,-0.023114771125404,1
E216F,0.02450861733185,1
E216Y,-0.0039817513452,1
E216C,-0.01398414839195,1
E216A,0.0328396970207,1
E216G,0.0062471284337,1
E216H,0.0073890241866899,1
E216I,-0.00287890995165,1
E216K,-0.010444362841495,1
E216L,0.01279535733499,1
E216N,-0.02230119947162,1
E216P,-0.00028462177068,1
E216Q,0.015431591336,1
E216R,0.010749182180625,1
E216S,-0.0077348250227099,1
E216T,-0.0001240885185499,1
E216V,0.0194027839073,1
E216W,0.031989667052025,1
E216D,0.0127556989906,1
V217L,0.0277849459669,1
V217F,0.007741178273,1
V217E,0.0464110685572499,1
V217D,0.01288575872628,1
V217C,0.00123137342115,1
V217A,0.0128018758739,1
V217I,-0.00203759014855,1
V217K,-0.0336118780347999,1
V217N,-0.0364992621719,1
V217P,0.00799586854033,1
V217Q,0.03877476117245,1
V217R,0.02014647979288,1
V217S,0.02184803255205,1
V217T,0.0025364235584999,1
V217W,0.02929217415125,1
V217H,0.05630397909565,1
V217G,0.00070928655102,1
P218Y,0.010772667701095,1
P218D,0.0152231362388,1
P218E,-0.0043545368960299,1
P218W,0.01000593247227,1
P218F,0.01994666255485,1
P218G,0.00118253946053,1
P218H,0.03812704267215,1
P218I,0.0076816036249999,1
P218K,0.03107819698375,1
P218C,0.0297842480872,1
P218L,0.027864007253265,1
P218M,-0.02113208457516,1
P218N,0.0294609140402999,1
P218Q,0.02080108467075,1
P218R,-0.0047153422821499,1
P218V,0.03824204387115,1
P218T,0.004567020158125,1
P218S,0.0107624347145799,1
P218A,0.00869482583255,1
I219Y,0.0322530592253,1
I219W,0.0077988399820999,1
I219V,-0.0047796965240499,1
I219T,-0.01750162584505,1
I219S,0.011233082217515,1
I219R,0.00965963007524,1
I219Q,-0.01480699828135,1
I219M,-0.0081852450765211,1
I219N,0.006655882916255,1
I219L,0.01413459798155,1
I219H,0.04208497853301,1
I219G,0.012853115277128,1
I219F,0.0010094616213099,1
I219D,0.0176997899859,1
I219C,0.02813386565885,1
I219A,0.0337234398231,1
I219P,0.01773786571248,1
I219E,0.0182868753693349,1
I219K,-0.012248090191565,1
P220L,-0.0038364974072499,1
P220C,0.03125364721729,1
P220W,-0.00145156119495,1
P220V,0.0165835657406849,1
P220T,0.043714262312,1
P220S,0.02220509418175,1
P220R,0.010305376093705,1
P220A,0.01459399216775,1
P220Q,0.10265513632055,1
P220M,-0.0936885260794,1
P220D,0.031692863221,1
P220K,-0.01682344514665,1
P220I,0.0047521988805999,1
P220H,-0.0055858560977499,1
P220G,-0.00474333316684,1
P220N,-0.0092135758076499,1
P220F,0.0136842835682499,1
P220E,0.0222189239031,1
E221A,-0.01640281941815,1
E221D,-0.0154897393458499,1
E221V,0.02276622835005,1
E221T,-0.08418295418075,1
E221C,-0.0039385785866499,1
E221I,-0.05597819508145,1
E221G,0.026809078586035,1
E221R,0.02883215179935,1
E223A,0.01258302455724,1
E223C,0.01123009442977,1
E223G,0.001850553222165,1
E223H,-0.0023418927599499,1
E223I,0.014947008774915,1
E223R,0.0048767289676364,1
E223K,0.02796117083665,1
E223P,0.0048258756908809,1
E223N,0.03635420146735,1
E223F,0.0247491225406,1
E223Q,0.0401654601133975,1
E223S,-0.006914250175775,1
E223M,0.0710941160803999,1
E223Y,0.00100096746125,1
E223L,-0.0001586869273505,1
E223T,0.03590718491695,1
E223V,0.0582533855136,1
K224C,-0.002623370818,1
K224Y,0.0397882277895,1
K224W,-0.023076804803,1
K224V,0.00812789189422,1
K224T,-0.0089300233445949,1
K224S,0.003833404413725,1
K224R,0.0303563072958,1
K224Q,-0.02483697397525,1
K224P,-0.008578601651475,1
K224I,0.016081868355995,1
K224H,0.056602058623347,1
K224G,-0.00859051767962,1
K224F,-0.04705275911905,1
K224E,0.0120809444903749,1
K224D,-0.0019196649033499,1
K224N,0.00916878787411,1
K224L,-0.0190673683052,1
K224A,-0.0038491961188,1
K225Y,-0.0134549993258,1
K225C,-0.03203793507595,1
K225D,-0.0294588142976,1
K225E,-0.015339310049145,1
K225F,0.04203474307235,1
K225G,0.023926669483135,1
K225H,-0.00058743680645,1
K225I,0.04997890434547,1
K225A,-0.002654703821475,1
K225L,0.00901767507835,1
K225N,-0.0051934882416825,1
K225P,0.002108395523655,1
K225Q,0.03072114500555,1
K225R,-0.0129574654796,1
K225S,0.0194838323288,1
K225T,-0.00317088163935,1
K225V,0.01334275378628,1
K225M,0.0310074871718,1
K225W,-0.0472305045619,1
D226T,0.012297349831255,1
D226V,0.01596263815205,1
D226W,-0.007786753344226,1
D226Y,0.0114617760283,1
D226S,0.0188915204123665,1
D226R,0.0320845722274,1
D226P,-0.008465769978695,1
D226N,0.03886856729175,1
D226M,-0.10116551820565,1
D226L,0.0693582302054,1
D226I,0.0091258787588999,1
D226G,0.0338634033941,1
D226F,-0.0611882899244,1
D226A,0.010671581647745,1
E227H,0.0289820040125,1
E227P,0.0263914280254,1
E227A,0.00798597572041,1
E227C,0.030094990972075,1
E227D,0.06371839531025,1
E227Q,0.0131647187605499,1
E227R,-0.0017511336122615,1
E227S,-0.0273108853129999,1
E227T,0.039441420806435,1
E227V,0.0523691360413,1
E227Y,0.0273629097205619,1
E227F,0.01577346667585,1
E227L,0.00023994586337,1
E227K,0.0310448612266899,1
E227I,0.005421143050554,1
E227G,0.00478734723149,1
E227M,-0.03088491876956,1
E227N,-0.0031338984700999,1
E228A,-0.0084312004555,1
E228R,-0.0015030957624,1
E228S,-0.0467836192282,1
E228T,0.004589181275385,1
E228V,0.0250266008910499,1
E228W,0.02181182069691,1
E228Y,0.0125653437558999,1
E228N,-0.00518941921492,1
E228M,0.0594846262731499,1
E228L,-0.021710968919865,1
E228K,0.0052758997199599,1
E228I,-0.00884893424904,1
E228D,-0.0362204036281,1
E228H,0.012687239255695,1
E228G,0.011048309385615,1
E228Q,-0.015718593609115,1
E228P,0.01556526175678,1
E228F,0.00863905244655,1
K229E,0.01872272821659,1
K229Y,0.018297174990355,1
K229W,0.0140988799902999,1
K229V,-0.02981837685079,1
K229T,-0.0245924278879,1
K229S,0.0059335103422499,1
K229R,0.021486406009365,1
K229Q,0.00968975686224,1
K229P,0.0139562038018799,1
K229N,0.04542860889075,1
K229M,0.054565995891,1
K229L,-0.0055595507075,1
K229I,0.006095787992475,1
K229H,0.0349964739434,1
K229A,0.01848282781075,1
K229C,-0.0097975001451,1
K229G,0.0048305977904349,1
K229F,0.009991555324,1
K229D,0.004023661523,1
K230G,0.020722648628875,1
K230W,0.0916318532886,1
K230T,-0.02354360721699,1
K230S,0.03322535034475,1
K230R,-0.0277231980328499,1
K230N,-0.01887649230765,1
K230L,0.0980932854376,1
K230A,0.02940876363765,1
K230H,-0.0112727390649,1
K230P,0.04044262203975,1
D231N,-0.031771601394458,1
D231C,-0.0190151964863,1
D231Y,-0.0828645200953,1
D231W,0.0129072533945,1
D231V,0.012921434965605,1
D231T,-0.0011513985960135,1
D231A,0.01433361515345,1
D231R,-0.020267564482,1
D231Q,0.0067753815074499,1
D231P,0.00104155814192,1
D231S,0.012060792495875,1
D231M,-0.04722970615115,1
D231L,0.02616516844885,1
D231K,-0.00349264260557,1
D231I,-0.0240565103052249,1
D231H,0.00816804474393,1
D231G,-0.00267155414367,1
D231E,0.0473107752300999,1
E232Y,-0.0483226526591,1
E232W,0.0106460765478,1
E232V,0.0197549354561,1
E232T,0.011589045455263,1
E232S,0.0028010857254,1
E232R,0.02010079407425,1
E232N,-0.0183241087853,1
E232M,0.00411042826705,1
E232Q,-0.01912436209615,1
E232K,0.00432839682424,1
E232A,0.0175943717835699,1
E232I,-0.023684375912245,1
E232H,0.00643701797695,1
E232G,0.0298015375534,1
E232F,0.00549598314015,1
E232D,0.0190440707359,1
E232C,0.017993047129415,1
E232L,-0.00368618032305,1
E233M,0.0717976368135,1
E233N,-0.0227400045693499,1
E233P,0.0564102217839,1
E233Q,0.0598883440946,1
E233W,0.0109772490125699,1
E233T,0.02121228592665,1
E233V,0.010003108562165,1
E233L,0.04568387432315,1
E233Y,0.0192832999226,1
E233R,0.0312095111772499,1
E233K,-0.023478269857535,1
E233S,0.00803921109805,1
E233A,0.03438873082085,1
E233C,0.029879454769725,1
E233D,-0.0253310038152,1
E233F,0.01219558555545,1
E233G,0.0295902530359,1
E233H,0.02663004324815,1
E233I,0.0352104316626999,1
K234C,0.0443101689394,1
K234A,-0.0245773990361349,1
K234T,0.014859380110215,1
K234D,-0.0062575818575499,1
K234S,0.0183280858959,1
K234R,0.03552070455235,1
K234V,0.028058632183955,1
K234Y,0.01816064157725,1
K234P,0.03740207079375,1
K234N,0.006900075024625,1
K234M,0.0646902263363,1
K234L,0.01439858875792,1
K234I,0.01541386992509,1
K234H,0.003912653200045,1
K234G,0.06473490830625,1
K234F,0.054342809666,1
K234E,0.0369596056689,1
K234Q,0.01466177943426,1
K234W,-0.020092649078,1
K235T,-0.0016016471029349,1
K235V,-0.0022040801001,1
K235W,0.0560907926114499,1
K235G,0.0198127773197,1
K235F,0.0037406112437125,1
K235H,0.0496979505265,1
K235I,-0.0027991533761,1
K235L,0.03548445663915,1
K235M,0.03811091020445,1
K235N,0.04999757426855,1
K235P,0.01461925870281,1
K235Q,0.02152500305215,1
K235Y,-0.0221521590512,1
K235R,0.04188943239805,1
K235E,-0.0057660341736949,1
K235D,-0.01287614358814,1
K235C,0.0552623528931999,1
K235A,0.004081093959636,1
K235S,0.011718828082885,1
D236M,0.0114478727654,1
D236P,-0.0320210079051,1
D236R,0.0075752005953999,1
D236Q,0.00655714345295,1
D236S,-0.01776801774723,1
D236V,-0.0222630815905179,1
D236W,0.0492439389485999,1
D236Y,0.0139198763257,1
D236L,0.0159281561957,1
D236T,0.03544715659075,1
D236K,0.08526924083945,1
D236N,-0.0011898853825,1
D236H,-0.0440519385719,1
D236G,0.01804988730967,1
D236F,-0.02957282024645,1
D236E,-0.00442830613555,1
D236C,0.01773206709548,1
D236A,0.01469570589578,1
D236I,0.01508796027512,1
E237Q,0.02466744684695,1
E237N,-0.00931293159169,1
E237M,-0.0450595888035,1
E237K,-0.0326818276854065,1
E237I,0.010714998281405,1
E237H,0.018492102620725,1
E237G,0.0230069658262449,1
E237F,0.0410080880183,1
E237L,0.0464119419357,1
E237C,0.0291360481680999,1
E237D,-0.03634625497881,1
E237S,0.0240709297885,1
E237T,0.04613501098985,1
E237R,0.0161159279663,1
E237W,-0.0365265510724049,1
E237Y,-0.0021759694484999,1
E237A,0.0028143139073,1
E237V,0.0498007498275,1
D238F,0.00294041421575,1
D238M,-0.00102563589565,1
D238G,0.0146855926160499,1
D238H,0.0982258245097,1
D238I,0.007108732006805,1
D238K,0.02988292797545,1
D238L,0.03016835679845,1
D238N,0.0074033689358,1
D238S,0.024959891816115,1
D238Q,0.0238733993642,1
D238R,0.01897926247635,1
D238T,0.0225895375463749,1
D238V,0.01926499768961,1
D238W,-0.0067451198942999,1
D238Y,0.03471480309755,1
D238E,0.021788914602075,1
D238P,0.018566490184455,1
D238A,0.01967698397455,1
D238C,-0.0010824519625999,1
D239G,0.02631557641265,1
D239M,0.022810046057035,1
D239E,-0.03091993449455,1
D239W,0.00996741408595,1
D239V,0.02814419027536,1
D239T,0.0045237557357,1
D239S,0.02479489496667,1
D239R,0.024231503916,1
D239Q,-0.0563997261494,1
D239N,0.0942604498817,1
D239C,0.01849415423285,1
D239F,0.00622035900951,1
D239P,-0.022778318389215,1
D239K,-0.017049072217925,1
D239L,0.03436432720365,1
D239H,-0.0256672517306,1
D239A,0.02914693227857,1
D239Y,0.00653018401755,1
D239I,-0.00901608190999,1
K240R,0.0013429865942,1
K240F,0.02529698397415,1
K240W,-0.0558778461691999,1
K240G,0.0232670348362,1
K240H,-0.03430069573135,1
K240I,-0.0046185284962,1
K240L,0.002561408920715,1
K240S,-0.0035617679919499,1
K240N,-0.02486225219395,1
K240M,0.0129738508609,1
K240A,0.03852028072185,1
K240C,0.0419507784899,1
K240D,0.02758359420795,1
K240E,0.01023786601585,1
K240Y,-0.03075445105135,1
K240T,0.03716483828505,1
K240Q,-0.01435091581764,1
K240V,0.0339591873409,1
K240P,0.0226029222246,1
K241V,0.03670368110105,1
K241T,0.0087948308181999,1
K241S,0.02552262201767,1
K241Y,0.0065605231798,1
K241E,0.0397161898556,1
K241D,0.09839804974105,1
K241W,0.003896918141302,1
K241C,0.0525995891593499,1
K241A,0.03389024893715,1
K241F,-0.02031602012063,1
K241G,0.0084193212865,1
K241H,0.005704918951305,1
K241I,0.0510099074586,1
K241L,0.02261510190545,1
K241M,0.05147545225455,1
K241N,0.01836243190457,1
K241P,-0.014878181081085,1
K241Q,0.11558152571865,1
K241R,-0.0029398121499,1
P242Q,-0.01065403063035,1
P242A,-0.0012747385479,1
P242C,-0.0038503768052028,1
P242D,-0.051897229865,1
P242E,0.0076091869535449,1
P242F,0.0341736866804,1
P242G,0.011551022962305,1
P242H,-0.02157384106848,1
P242I,-0.0071659026230999,1
P242Y,0.0310106541340949,1
P242W,-0.006821731997425,1
P242V,0.0181418193845,1
P242T,0.01257138218144,1
P242S,-0.00469804467852,1
P242K,0.00670415580277,1
P242L,0.03304698524805,1
P242N,0.02237626042,1
P242R,-0.1771824194579999,1
P242M,-0.05413781864705,1
K243C,0.0267320393491999,1
K243D,-0.0026103475113499,1
K243A,0.0143934496430949,1
K243Y,0.0144498070896999,1
K243W,-0.00349037484275,1
K243T,-0.00335014294683,1
K243S,-0.00403417679236,1
K243R,-0.0035766892416149,1
K243Q,0.0338900565276,1
K243P,0.0446985109501,1
K243V,0.002076261107355,1
K243M,0.09180860009165,1
K243L,0.0178566826182,1
K243I,0.0044806773724499,1
K243H,0.02034425285265,1
K243E,-0.0277597673845,1
K243G,-0.010953112834675,1
K243F,0.00911571408315,1
K243N,-0.00833705114885,1
L244T,-0.00716627303697,1
L244S,0.015384834623095,1
L244R,0.0004713534748,1
L244Q,-0.0173539653114,1
L244D,0.00377703876965,1
L244N,0.006485255834485,1
L244M,0.0092879928606879,1
L244C,0.00278820577405,1
L244A,-0.0037364328826,1
L244V,0.00581689596594,1
L244P,-0.02299622301335,1
L244Y,0.010816833243635,1
L244W,0.0075293168278299,1
L244G,0.004951425862029,1
L244K,-0.003204393074025,1
L244I,0.0173179455835,1
L244E,0.00258290869815,1
L244F,-0.0142627665592,1
L244H,0.00415509635615,1
E245H,-0.014304009212455,1
E245A,0.0042143837424749,1
E245C,0.0542148565032,1
E245I,0.0081053532186,1
E245K,0.05738681634745,1
E245L,-0.0145050667515499,1
E245M,-0.0266545824333,1
E245R,0.010749902463568,1
E245G,0.00487699700137,1
E245F,-0.0114566899105,1
E245Y,0.01363255482475,1
E245V,0.0073185831101215,1
E245D,0.0152183017799,1
E245T,0.007901750907,1
E245N,0.00638593528465,1
E245P,-0.02131708404635,1
E245Q,-0.026380194525665,1
E245S,0.01226122406068,1
E245W,0.0538537116879,1
E246P,0.0291057289715,1
E246A,0.00459502829585,1
E246S,0.0169730638884249,1
E246V,-0.0269227535573499,1
E246W,0.0062451013015,1
E246Y,-0.04660976335585,1
E246R,-0.03209004689655,1
E246Q,-0.0133609744021,1
E246N,-0.017247190656525,1
E246M,0.002723351596,1
E246T,-0.004889294899295,1
E246K,-0.0361140312334,1
E246I,0.00318847811845,1
E246H,0.0052587638309,1
E246G,-0.03249385974695,1
E246F,0.04947934581645,1
E246D,-0.01511220402135,1
E246C,-0.02643606888878,1
E246L,0.0057558815946999,1
V247I,0.0063903822325,1
V247H,0.00093617363485,1
V247G,0.028997966268925,1
V247F,-0.03209861091924,1
V247Y,0.0146576077056,1
V247W,-0.01201968324365,1
V247T,-0.012257496758195,1
V247S,-0.00475440605644,1
V247N,-0.04458472613087,1
V247P,-0.00181214731383,1
V247Q,0.0050971444301199,1
V247R,0.004614810440614,1
V247K,0.00249505918775,1
V247E,0.0130618969358,1
V247D,0.0102114586592,1
V247C,0.02003617338239,1
V247A,0.00357550828395,1
V247M,-0.0154033911015,1
V247L,0.014297271187905,1
D248A,-0.02854470576717,1
D248C,0.0016845423777899,1
D248F,0.0145542265277499,1
D248G,-0.0066949738005249,1
D248H,0.02384864212905,1
D248E,-0.00150792873515,1
D248R,0.0148729450953499,1
D248P,-0.0036924976114,1
D248N,-0.00118400512015,1
D248M,-0.09617226186995,1
D248L,-0.0034920706814999,1
D248K,-0.02554583723065,1
D248I,-0.01532668626395,1
D248T,0.00308885901475,1
D248S,-0.0129908391322999,1
D248W,0.0097632349878,1
D248Y,-0.03269543553595,1
D248V,0.0083996389786799,1
D248Q,-0.01064370867921,1
E249R,-0.01191395050433,1
E249S,-0.0089311313472399,1
E249T,-0.0236640021169,1
E249A,-0.00189052117545,1
E249C,0.0071149054299999,1
E249Q,-0.0086424649283599,1
E249N,-0.02310219290875,1
E249M,0.05077437444355,1
E249H,0.0020553226431,1
E249L,0.020856510034825,1
E249G,0.0017677496937499,1
E249F,-0.00431168969575,1
E249D,-0.0085956629945499,1
E249P,-0.0470976835776999,1
E249K,0.0344672669142,1
E249W,0.02752663980615,1
E249I,-0.0310305914755549,1
E249Y,0.02895690265305,1
E249V,-0.0015868187023599,1
E250F,0.059152916821,1
E250G,0.04103572493135,1
E250Y,-0.0005364266528999,1
E250W,-0.0428195732848,1
E250V,0.0089261411705149,1
E250C,0.0272758299276999,1
E250A,0.0129117643925199,1
E250S,-0.01099557597953,1
E250H,0.04509199731237,1
E250I,0.014443716476125,1
E250K,-0.00540187739897,1
E250L,-0.014116233442725,1
E250M,-0.0041140328798,1
E250N,0.0109301047902549,1
E250P,-0.0085179755417,1
E250Q,0.05473337528325,1
E250R,0.0198841741950499,1
E250T,0.00331424454321,1
E250D,0.003358506324419,1
E251F,-0.00891029247905,1
E251L,0.0054422093928499,1
E251A,-0.0129944688079842,1
E251H,-0.0519951163499,1
E251I,0.033259585393555,1
E251K,-0.0111376142246,1
E251M,0.0246802797737,1
E251N,-0.0450837621627,1
E251C,0.021485773080995,1
E251P,0.0060798960347849,1
E251R,0.00024691622459,1
E251S,-0.0076892333456849,1
E251T,0.0213993639899,1
E251V,-0.0002077019659499,1
E251W,0.018240539384435,1
E251Y,0.0527396701006,1
E251G,0.0034988595657,1
E251Q,0.032619083242,1
E251D,-0.01133300070465,1
E252D,0.0022655159294,1
E252F,0.09160870398845,1
E252A,-0.012899175089235,1
E252C,-0.017749356859085,1
E252H,0.00412214414492,1
E252I,0.023392529042055,1
E252K,-0.03101422696625,1
E252L,0.018600761413565,1
E252M,0.0473674914506,1
E252N,0.017149003680275,1
E252Y,0.025524722527885,1
E252V,0.02849134775945,1
E252T,-0.01244630654865,1
E252P,0.0320839120818,1
E252G,-0.02157251203034,1
E252Q,0.06091822918455,1
E252R,0.0352895630259499,1
E252S,-0.012329325129145,1
K253Y,-0.054331124326985,1
K253V,0.068984513095,1
K253W,0.0829762265047499,1
K253T,0.0361406435575,1
K253A,0.0269899515451349,1
K253E,0.0487166038115999,1
K253D,-0.0478925125249,1
K253F,-0.00357280650335,1
K253G,0.0288765851950499,1
K253H,0.03797020722585,1
K253I,-0.0438971540159,1
K253L,-0.03162788943425,1
K253M,0.0462157848203,1
K253N,-0.010116210844,1
K253P,0.015037768234748,1
K253Q,-0.0464334859989,1
K253R,0.0127219577718,1
K253C,0.013836025601685,1
K253S,0.0235675940220499,1
K254H,-0.0367629406083,1
K254G,0.0598421061767,1
K254D,0.0335981734076,1
K254F,0.0324861318954,1
K254Y,0.02443236431665,1
K254C,-0.0268678655923,1
K254A,0.0247572135170499,1
K254I,0.0046206807223,1
K254E,0.0299874080609,1
K254M,0.04224390128655,1
K254L,-0.0072814194929499,1
K254P,-0.022163464589895,1
K254Q,-0.02138110248952,1
K254R,0.0012191633083999,1
K254S,-0.0257950658344,1
K254T,-0.01672850768114,1
K254V,0.04416833591775,1
K254W,0.08658452603245,1
K254N,-0.052991713886685,1
P255M,-0.0632527281008,1
P255K,0.0395431903806499,1
P255I,-0.0041199870358,1
P255H,0.0209718814295,1
P255N,-0.0577283761227499,1
P255F,0.008311737613355,1
P255E,0.0054017201009499,1
P255D,0.01633467643985,1
P255C,-0.0064380486384,1
P255A,0.0454211076332,1
P255G,0.0377809230611,1
P255Q,0.01468214105575,1
P255L,0.01308213961595,1
P255S,0.0367098040894,1
P255T,0.02136164160277,1
P255V,-0.0005767710716,1
P255W,-0.04560221755315,1
P255Y,0.0013410548897499,1
P255R,0.00325713742405,1
K256N,-0.0362225470681,1
K256P,0.0147221096689,1
K256Q,-0.02154918266185,1
K256R,0.00485302286138,1
K256T,-0.0130225683276999,1
K256I,-0.0125645336076,1
K256V,-0.01168936992509,1
K256W,0.03233755426355,1
K256Y,-0.0118616560858,1
K256S,-0.0037037070921399,1
K256H,0.0660415790453499,1
K256L,0.01444376930555,1
K256F,-0.0168278200425,1
K256E,0.04657626842535,1
K256D,0.0182519695997,1
K256C,-0.03174643641218,1
K256A,0.0073085245502949,1
K256G,-0.021503790544405,1
T257L,0.0484841702154,1
T257H,0.0810571615532,1
T257G,0.0030557816058499,1
T257F,0.01932680218755,1
T257E,0.0572998308634,1
T257Y,-0.0056445629409499,1
T257M,-0.03586253816065,1
T257W,0.0018017818985,1
T257N,0.06266199924565,1
T257A,0.05612253796875,1
T257I,-0.0076428474655499,1
T257D,0.04749239199705,1
T257V,-0.007497536701185,1
T257K,0.0363727529402,1
T257P,0.00958296977723,1
T257Q,0.10971667926435,1
T257R,-0.01503205251803,1
T257S,-0.015731357967395,1
T257C,-0.0109498779191999,1
K258S,-0.004356822959315,1
K258V,0.0098953218084499,1
K258Y,-0.019770633567355,1
K258T,-0.0263616810653499,1
K258W,-0.0387528174733499,1
K258M,0.0017951694708449,1
K258R,0.002488441054485,1
K258Q,-0.0530176177804,1
K258P,-0.004849404475845,1
K258N,0.0126984826007999,1
K258L,0.05444178951315,1
K258H,0.10766504416575,1
K258I,-0.01183544157904,1
K258F,0.0952152662849,1
K258A,0.024657953110165,1
K258E,-0.00734628438742,1
K258D,-0.03548792464235,1
K258C,0.0134819607810999,1
K258G,0.0103295865998,1
K259G,0.03397419918776,1
K259F,-0.00409230187167,1
K259H,-0.0300752415257,1
K259I,0.04520162077905,1
K259L,0.02880190926345,1
K259Y,0.019286251531845,1
K259W,0.1551405040935,1
K259V,0.0239956338586,1
K259T,0.03401682355985,1
K259S,0.0277327258295,1
K259R,0.0017236293794,1
K259Q,-0.03337277076915,1
K259P,0.01339558057576,1
K259N,0.0683821718557499,1
K259M,0.0487536855559,1
K259A,0.01999404847975,1
K259C,-0.016506230117345,1
K259D,0.03144743708675,1
K259E,0.0035702175746999,1
V260Y,-0.0242190724354,1
V260W,0.02180094432886,1
V260T,-0.017371202967865,1
V260Q,0.00524983010525,1
V260R,0.03715798138165,1
V260S,-0.006298435593,1
V260P,-0.01119009201217,1
V260N,0.02002727617191,1
V260M,0.0555332101321,1
V260L,0.0332822089951,1
V260I,0.011409165861265,1
V260H,0.03472983280144,1
V260K,-0.0076069628822127,1
V260F,0.07183939728105,1
V260E,-0.0006389771502499,1
V260D,-0.002932446842085,1
V260C,0.014701578434635,1
V260A,-0.0207135982480499,1
V260G,-0.02046714914995,1
K261H,0.0554412494034499,1
K261P,0.0324347617568,1
K261N,0.0632946088328,1
K261M,-0.0150009533901039,1
K261L,-0.00115514727504,1
K261I,0.0043015069617499,1
K261G,0.0700665608297,1
K261Y,0.01776667135622,1
K261E,-0.03910359783165,1
K261D,-0.00150993169565,1
K261C,-0.0003469734115,1
K261A,0.0207024154255,1
K261V,-0.02272946311631,1
K261W,0.0932931249779499,1
K261S,0.0009411782393,1
K261F,-0.005833943933,1
K261T,0.02264033899075,1
K261R,0.010694619739995,1
K261Q,0.0407849795242249,1
E262F,-0.0125791225460499,1
E262A,0.03109891084785,1
E262C,-0.031138416734495,1
E262D,0.00815394124065,1
E262G,0.0063015189794899,1
E262I,0.0214599274622999,1
E262L,0.01551227274494,1
E262P,0.0793679934156999,1
E262Q,-0.02907715868587,1
E262K,0.03794143281535,1
E262S,-0.01212497717205,1
E262T,0.02202971001855,1
E262V,-0.01927455805565,1
E262Y,0.0224868787076999,1
E262R,0.04216434979315,1
E263Q,0.0086202690509999,1
E263A,-0.0016239895917505,1
E263K,0.0006495074609999,1
E263H,0.05438670890385,1
E263C,-0.0463005424169499,1
E263D,0.0212851458521499,1
E263G,0.0274919375442,1
E263L,0.03341842111815,1
E263N,-0.0045918202477999,1
E263P,-0.0404828437985249,1
E263R,0.07284387395915,1
E263I,0.0032825494117999,1
E263T,-0.03903197477614,1
E263V,-0.01724872883999,1
E263W,0.0459262079531,1
E263Y,-0.014458071616,1
E263S,0.01847102990925,1
V264A,-0.0308911942210499,1
V264C,-0.011148721460265,1
V264D,0.0066385332697,1
V264G,0.00432037149875,1
V264I,0.0506341037672,1
V264K,0.06019318582215,1
V264L,0.0155888784508999,1
V264M,-0.027044680402885,1
V264P,0.05477115192755,1
V264F,-0.04518590906055,1
V264N,-0.01480674855005,1
V264R,0.002357496930605,1
V264S,0.04358256461605,1
V264T,-0.01844229089475,1
V264W,0.01976705356415,1
V264Y,0.0155720884597,1
V264Q,-0.0126847883405249,1
Q265Y,-0.0003096038034499,1
Q265W,-0.00075295923825,1
Q265V,-0.0937600994317,1
Q265T,0.00980551313065,1
Q265S,0.0033847612231,1
Q265R,-0.0066574048042,1
Q265P,0.033704176169085,1
Q265N,-0.04146790848775,1
Q265M,0.0100145433123,1
Q265C,0.01263613041653,1
Q265K,0.0643670164752,1
Q265I,-0.04880399160324,1
Q265F,0.0178572685159999,1
Q265E,0.0025246541022,1
Q265D,-0.0124466217519999,1
Q265A,-0.05388303450385,1
Q265L,0.01137421603925,1
Q265G,0.03973339029709,1
E266A,-0.017079638562835,1
E266C,0.0664291308806,1
E266D,0.0267987771497,1
E266P,0.03056704409277,1
E266H,0.0469693239355,1
E266I,0.01696103242174,1
E266K,-0.17261426277695,1
E266L,0.05052168527015,1
E266M,-0.03829615249585,1
E266N,-0.0229672909421,1
E266Q,0.10956994415785,1
E266R,0.000748437341,1
E266S,-0.0544724246183399,1
E266T,0.0009287355376,1
E266V,0.00798655154955,1
E266Y,-0.09835175895045,1
E266F,0.0839474806089499,1
E266G,0.019087445395785,1
I267G,-0.02417622021127,1
I267H,0.0279361835346,1
I267W,0.0485255557614999,1
I267A,-0.023152221488,1
I267C,-0.0226797307438499,1
I267D,-0.0966278474694999,1
I267E,0.0512519144513,1
I267F,-0.01978069344015,1
I267L,0.018277210906035,1
I267N,0.04871857180335,1
I267Y,0.002146467250295,1
I267P,0.0086248780026499,1
I267V,-0.007836031848068,1
I267T,-0.00023969542705,1
I267S,-0.020675103812925,1
I267R,0.01903094112686,1
I267Q,-0.0650695059343,1
E268K,0.0864279938681,1
E268M,-0.09021468173035,1
E268I,-0.02492981696472,1
E268H,0.00261446095115,1
E268P,-0.04543726386001,1
E268L,0.03739871876071,1
E268A,0.0572658507278,1
E268N,0.01432118489945,1
E268D,0.0244935278934,1
E268C,0.0485722882039499,1
E268V,-0.0008293308822,1
E268S,0.0144971231641499,1
E268R,0.02076209301865,1
E268T,0.01051245914044,1
E268G,0.0270195047983,1
E268F,-0.02593473358505,1
E268Q,0.0077612976006949,1
E269G,0.026968908476,1
E269A,-0.015221151407855,1
E269C,0.1531269795105,1
E269D,0.0024473459076,1
E269L,-0.04084874921875,1
E269M,-0.2789188454035,1
E269P,-0.02458903464325,1
E269Q,0.019498057152465,1
E269R,-0.006213543555815,1
E269F,0.0959520324945,1
E269T,-0.0545883783866999,1
E269V,0.015213036983,1
E269W,0.05293337956465,1
E269N,-0.09640705034775,1
E269S,-0.0610458860447499,1
L270T,-0.014042348985735,1
L270W,-0.0450140107034,1
L270V,0.01036363494011,1
L270S,-0.1426344607563,1
L270R,-0.1846414318183999,1
L270Q,0.023016779958185,1
L270P,-0.00881602413539,1
L270M,-0.01105125293605,1
L270I,-0.0001507592558499,1
L270H,-0.0495430968654,1
L270G,-0.2305516879104999,1
L270F,0.08437106864225,1
L270D,-0.5800421979615,0
L270A,0.04075465458865,1
L270Y,-0.0233023252506749,1
L270C,-0.1646010716045,1
L270N,-0.4028621771965,0
N271D,0.00044310513025,1
N271L,-0.03092713690642,1
N271M,-0.0455318601294,1
N271K,-0.0928841736466,1
N271I,-0.0515958189006,1
N271G,-0.0418764701646999,1
N271E,-0.04913670323822,1
N271F,-0.0938746990026499,1
N271A,0.0164531898356499,1
N271P,-0.0100775839501,1
N271Q,-0.378368143047,0
N271R,0.02998084649245,1
N271S,0.016299012761295,1
N271T,-0.06739502559615,1
N271C,-0.0380752642056849,1
K272E,0.0455411953019,1
K272A,-0.0396792565758499,1
K272C,0.01298502288207,1
K272D,-0.0122702827314999,1
K272F,0.0032100891996,1
K272G,0.0096980553511,1
K272H,0.01562362225788,1
K272W,-0.0008651787285499,1
K272V,-0.06892793264025,1
K272T,0.0045252325835499,1
K272R,0.014669215703205,1
K272Q,0.00399274665224,1
K272S,-0.01541184993165,1
K272N,-0.1075527281019,1
K272M,0.00602376138455,1
K272L,-0.01676254492183,1
K272I,-0.0482561598023,1
K272P,0.033166308173235,1
T273V,-0.01975708542315,1
T273N,-0.0348105029726,1
T273S,0.0094125555578999,1
T273R,-0.00420944716878,1
T273Q,-0.03328513157256,1
T273P,-0.0101751188905205,1
T273M,-0.1946865507865,1
T273F,-0.00749761833157,1
T273K,-0.07440232636505,1
T273I,-0.0053434546235499,1
T273H,-0.016068292920005,1
T273G,-0.03829308806415,1
T273W,-0.1123706493605999,1
T273E,-0.0756556899888,1
T273A,0.0207999965998499,1
T273L,-0.0265075371013,1
T273Y,-0.0082266347354999,1
T273D,-0.009545422733155,1
T273C,-0.02639474605565,1
K274T,-0.0016802077067,1
K274N,0.04379024049533,1
K274I,-0.003351430740895,1
K274A,0.0037743249351085,1
K274C,0.06725147893955,1
K274D,-0.03809247058686,1
K274E,-0.0328333663469,1
K274V,-0.02182762197275,1
K274F,0.0185128801268,1
K274H,-0.05440560776085,1
K274P,-0.02375705966945,1
K274Q,-0.06030048235965,1
K274R,0.017793381514,1
K274M,-0.0729756258124,1
K274W,-0.06903935448505,1
K274Y,0.01134460457705,1
K274G,-0.0058528240939899,1
K274S,-0.002497145069295,1
K274L,0.01013289923329,1
P275C,-0.06271769637335,1
P275R,-0.1152148917844999,1
P275S,-0.01486961722195,1
P275T,-0.0544910032028,1
P275A,-0.07263698087372,1
P275Q,-0.08875792856085,1
P275D,-0.156995995989,1
P275E,-0.2858218986419999,1
P275F,-0.6846274619365,0
P275G,-0.033103955396486,1
P275I,-0.04234526538455,1
P275N,-0.00571768073295,1
P275M,-0.11261126893935,1
P275L,-0.07846065696605,1
P275K,0.02666904535195,1
P275V,-0.0196404274233,1
P275W,-1.005129231891,0
P275Y,-0.653977852786,0
P275H,-0.07410581633975,1
L276W,0.0853103468961,1
L276Y,0.08538705770765,1
L276V,-0.02007315124185,1
L276Q,0.00538370509998,1
L276S,0.02205236950677,1
L276A,-0.03053297782205,1
L276C,0.0828574256181499,1
L276D,-0.06355742934195,1
L276E,-0.06256941146465,1
L276F,-0.056030748466565,1
L276G,-0.01831036030325,1
L276T,0.00725168535005,1
L276H,0.0103095476135179,1
L276K,0.0096424655675999,1
L276M,-0.0052918303072449,1
L276N,-0.0462132052144,1
L276P,-0.0337750293477,1
L276R,-0.008143510064185,1
L276I,-0.0141326024417999,1
W277A,-0.249223199609,1
W277C,-0.202095267903,1
W277E,-0.0902861483268999,1
W277T,-0.1910188823599999,1
W277S,-0.158875709744,1
W277R,-0.013502076492115,1
W277Q,-0.380767746269,0
W277F,-0.4776285069490001,0
W277P,-0.1603329543115,1
W277V,-0.021571162460365,1
W277N,-0.3096131052065,0
W277L,-0.0773323621188,1
W277K,-0.09507286304555,1
W277I,-0.02855159371715,1
W277H,-0.12867312696,1
W277G,-0.2318649255435,1
W277D,-0.02101639547395,1
W277Y,0.050890242785,1
T278Y,-0.0105146173887435,1
T278P,-0.04361786172105,1
T278D,-0.0695079276186149,1
T278E,-0.02755961740245,1
T278F,0.022083460538595,1
T278G,0.0157123648467299,1
T278I,-0.02662063745665,1
T278K,-0.0221949734251,1
T278L,-0.016488128723131,1
T278M,-0.0024813325054999,1
T278N,-0.01903923898607,1
T278V,0.0061576749446,1
T278W,-0.0632419502458,1
T278Q,0.02578208437555,1
T278H,-0.015058503825445,1
T278S,0.0110390194595,1
T278C,0.011637033545735,1
T278A,-0.01933789774195,1
T278R,-0.040370406325384,1
R279Y,-0.02692764568017,1
R279V,0.0321202651347,1
R279T,0.0006060642004,1
R279S,0.0140628116183099,1
R279A,0.02754472518702,1
R279C,-0.0564470116578499,1
R279E,-0.04385017165495,1
R279D,-0.09085900194735,1
R279G,0.0090056166655499,1
R279H,0.09228219499585,1
R279I,0.00635633372625,1
R279Q,0.0426018315507499,1
R279P,-0.0795232424751,1
R279N,-0.03785404060915,1
R279M,0.1262245828823,1
R279L,-0.0048775587566,1
R279K,-0.07892705541025,1
R279F,0.01434366100112,1
R279W,-0.0008098832588499,1
N280C,-0.01950706214445,1
N280D,0.0144410779496,1
N280E,-0.0435620406861499,1
N280H,-0.04456192390815,1
N280W,0.0037788851527499,1
N280G,-0.0176801103136585,1
N280T,-0.0116795551407999,1
N280A,-0.0040721929778,1
N280S,0.009791453277105,1
N280R,0.0384766148556999,1
N280Q,-0.0449013294253,1
N280P,-0.0074158064283936,1
N280M,0.01683485183515,1
N280L,-0.018308119953205,1
N280F,-0.02495606728937,1
N280K,0.0171122752905499,1
N280I,0.0573433236553315,1
N280Y,0.0123095808085499,1
N280V,0.03039462605865,1
P281T,-0.017875675071,1
P281Q,-0.0889991837413999,1
P281A,-0.016677023514615,1
P281C,0.02557597899615,1
P281D,-0.0544353854631,1
P281E,-0.0483438065194,1
P281F,-0.0529976614837,1
P281G,-0.01307592310351,1
P281H,-0.0485903887965999,1
P281I,-0.00340054410055,1
P281K,-0.1213234913837,1
P281L,0.0100681160632399,1
P281M,-0.0340777436378,1
P281N,-0.01450002069275,1
P281Y,0.1332733033393,1
P281R,-0.05572394180625,1
P281S,-0.009034367320508,1
P281V,-0.01945003156151,1
P281W,-0.02808588571705,1
S282D,0.06856411361075,1
S282E,0.0308678347033,1
S282F,0.00622347467535,1
S282G,-0.0167288643800499,1
S282H,-0.00158064794455,1
S282I,0.0427380572681999,1
S282K,0.0112727311565499,1
S282L,0.01883201108765,1
S282M,-0.0683122891598,1
S282R,0.020109168776,1
S282P,-0.01755079791263,1
S282T,-0.0574622838372499,1
S282V,-0.0092729590338999,1
S282N,0.03520771673525,1
S282W,-0.02404853421435,1
S282Y,0.0071538191845,1
S282C,0.008195455721305,1
S282A,0.03936715737545,1
S282Q,0.0678101376765,1
D283W,0.0416681593430999,1
D283K,0.02581527857175,1
D283I,0.0537268141875149,1
D283H,-0.02714034914816,1
D283G,0.0051253779033999,1
D283F,-0.0730135266951,1
D283E,0.002611933364435,1
D283L,0.00237379486555,1
D283A,-0.02015781283649,1
D283M,0.0639719229491,1
D283N,-0.00922284481645,1
D283P,-0.02888052714715,1
D283Q,-0.0501732595554,1
D283R,-0.0175764989379,1
D283S,-0.043522160218915,1
D283T,-0.005370191027785,1
D283V,0.02745012847665,1
D283C,0.02067900248756,1
D283Y,0.02711962061545,1
I284L,0.020459861853,1
I284M,0.0075685195181999,1
I284H,-0.05962132512785,1
I284K,-0.0313077230962,1
I284Y,-0.0819984101481499,1
I284W,-0.07262842509425,1
I284V,-0.00298484256475,1
I284T,0.04289714003375,1
I284S,-0.01562252014685,1
I284R,-0.019837029273255,1
I284P,-0.0237629900545999,1
I284N,0.1081767672254999,1
I284Q,0.000106183562775,1
I284A,-0.019909084319065,1
I284C,-0.013534378416495,1
I284D,-0.0152799122335499,1
I284E,-0.07072182314075,1
I284F,-0.0533783385565549,1
I284G,-0.0421865074812699,1
T285W,-0.0428911267581,1
T285N,0.005823552047685,1
T285V,0.0174399000976,1
T285S,-0.0134185401944199,1
T285R,-0.005226153766835,1
T285Q,0.0288637100443,1
T285P,0.02059626593405,1
T285Y,0.0083237725845499,1
T285L,-0.0298850874364,1
T285D,-0.010251921366255,1
T285I,0.017327375089755,1
T285H,0.0438759478185999,1
T285G,0.004390452811845,1
T285F,0.01922531592985,1
T285E,0.05141662951,1
T285C,0.04523733163716,1
T285K,-0.012841468443555,1
T285A,-0.0141179678674,1
Q286G,-0.0261635380373,1
Q286H,0.0448515123908,1
Q286I,-0.0063202680253406,1
Q286D,0.023578680633955,1
Q286C,-0.0109506202352249,1
Q286A,-0.02264597331265,1
Q286F,-0.03708678984815,1
Q286L,0.0027036186786,1
Q286E,0.0299465490587,1
Q286K,0.0535269381510149,1
Q286W,0.04050659891565,1
Q286V,0.00689246524715,1
Q286T,-0.0049479514223,1
Q286S,-0.0400714712385,1
Q286R,-0.0122085167486205,1
Q286Y,0.00880469877233,1
Q286M,0.019465227274115,1
Q286N,0.04661239992375,1
Q286P,0.013203861614455,1
E287K,-0.05352458540303,1
E287A,0.03783579526655,1
E287C,0.029521554683285,1
E287D,0.0053168073927,1
E287F,0.0278109688260499,1
E287G,0.0148105589484249,1
E287H,-0.01571672352267,1
E287I,0.02352161368863,1
E287L,-0.02002341562665,1
E287M,-0.0001448599975799,1
E287N,0.0057270090399999,1
E287P,0.00532318379508,1
E287Q,-0.0631754458638,1
E287R,-0.0221095962590585,1
E287S,0.0233516147443,1
E287T,0.0344599975703499,1
E287V,0.01891876009875,1
E287W,-0.00386243296095,1
E287Y,0.0264935743721099,1
E288P,0.0409259987385,1
E288Q,-0.0544760068876,1
E288R,0.01409820435989,1
E288F,0.0023232343015999,1
E288V,0.0507781195746,1
E288N,-0.03039840826965,1
E288W,-0.00955452815785,1
E288Y,-0.02233541916565,1
E288S,0.01537893635335,1
E288M,-0.0154841883645,1
E288T,0.0050669820252,1
E288I,0.022116018915005,1
E288D,0.0255606897798499,1
E288L,0.0012839731670499,1
E288H,-0.04357015584725,1
E288A,-0.0166486941714,1
E288C,0.00856526570755,1
E288G,0.0075375722443,1
E288K,0.0378706047055599,1
Y289W,-0.0808529917569499,1
Y289V,0.03123512031674,1
Y289T,-0.06206075977925,1
Y289S,-0.02995957935165,1
Y289Q,-0.05782929664315,1
Y289P,-0.00150817022695,1
Y289R,-0.0341107562911,1
Y289L,0.01831790857365,1
Y289K,-0.00706187610929,1
Y289I,-0.016097999465685,1
Y289H,-0.01871248549205,1
Y289G,-0.01407948586265,1
Y289F,0.0135126215626,1
Y289E,-0.169495144056,1
Y289D,-0.04528786639655,1
Y289C,-0.03025998453915,1
Y289A,-0.05548798084865,1
Y289M,0.0437307074262,1
Y289N,-0.05636767232361,1
N290W,-0.05840383001313,1
N290S,-0.04035811092955,1
N290T,-0.01461357430377,1
N290Y,0.09066007665335,1
N290R,-0.0297448993932,1
N290V,-0.0275890207238349,1
N290Q,-0.06240503753475,1
N290I,0.0097536373789,1
N290G,-0.05184079653295,1
N290F,0.0792728663545,1
N290E,0.0249660558021,1
N290D,-0.0014453482826099,1
N290C,-0.0003795899033,1
N290A,-0.0437062021081,1
N290M,0.0466127083286,1
N290L,0.0147726390824,1
N290K,-0.0431524163014,1
N290H,-0.07648196147165,1
N290P,-0.0437597607169,1
A291C,-0.023372708104265,1
A291D,-0.05429268722115,1
A291H,0.0231392023452,1
A291F,-0.0465646315257,1
A291G,-4.381801374999869e-05,1
A291I,0.0070452764753999,1
A291K,0.0131449205535499,1
A291L,-0.05042442465085,1
A291N,-0.08495469815235,1
A291E,0.00958466518884,1
A291P,-0.00488990918485,1
A291Y,0.027330176281645,1
A291W,-0.04319708953531,1
A291V,-0.040377176758735,1
A291T,-0.00271911598313,1
A291Q,0.0167481614341,1
A291S,-0.011282244467825,1
A291R,0.0007058033512999,1
F292S,-0.04588699315655,1
F292C,-0.058919303332,1
F292A,-0.022440269443035,1
F292L,-0.08042036654715,1
F292R,-0.03343713379755,1
F292M,0.08481699947315,1
F292N,-0.0676269501377,1
F292P,-0.0947807460196,1
F292Q,0.0374462070406999,1
F292G,-0.0283594456551,1
F292T,-0.05918263500505,1
F292V,-0.0446105465904,1
F292W,-0.0313704469551,1
F292Y,-0.1258277321825,1
F292H,0.080854816126,1
F292I,-0.024673843565165,1
F292K,-0.0118933787089499,1
F292D,-0.05361239088125,1
F292E,-0.147805276896,1
Y293H,-0.043687811574515,1
Y293G,-0.1077425758784,1
Y293F,-0.02895171423025,1
Y293P,-0.714446574219,0
Y293N,-0.07961120109205,1
Y293L,-0.1966207167975,1
Y293I,-0.2389434751445,1
Y293Q,-0.1115072196241,1
Y293K,-0.3757499242045,0
Y293R,-0.4837703617325,0
Y293S,-0.0925269130818999,1
Y293T,-0.0879457109934,1
Y293V,-0.210408381156,1
Y293W,0.0315933106917,1
Y293D,0.0005993026664,1
Y293C,-0.13393462047135,1
Y293A,-0.2143978122239999,1
Y293E,-0.1098190110963,1
K294V,-0.017910211798335,1
K294D,-0.1057010255276499,1
K294N,-0.0350220365006,1
K294A,0.0201769618343349,1
K294C,-0.0469090760423,1
K294Y,-0.0864200831168,1
K294M,-0.0347128173526999,1
K294F,-0.02928467963185,1
K294G,0.01576865214865,1
K294H,-2.786845060000036e-05,1
K294I,-0.05135024765842,1
K294E,-0.0491397623058499,1
K294W,-0.0100714503759,1
K294T,-0.050784390006,1
K294S,0.0025685497374499,1
K294R,-0.003181006959865,1
K294Q,0.0321800189984649,1
K294L,-0.013068718640955,1
K294P,-0.0595993875605,1
S295E,-0.0817446000062999,1
S295F,-0.13864720000755,1
S295H,-0.2464721765655,1
S295L,-0.0340771650698,1
S295P,-0.0027652344689465,1
S295N,-0.01315325633437,1
S295A,0.024394943530665,1
S295G,0.01949917138365,1
S295I,0.01400327047191,1
S295M,-0.0586301341669499,1
S295K,-0.0396235444523,1
S295C,0.00201925626125,1
S295D,-0.1006589263373999,1
S295Q,-0.06033709632265,1
S295R,-0.05826514186655,1
S295T,-0.0277511184002499,1
S295V,-0.0111672971592565,1
S295W,0.00284699950505,1
S295Y,-0.2714428484695,1
I296W,-0.137377895476,1
I296A,0.02004261049785,1
I296C,-0.01275635828435,1
I296D,-0.02595863347575,1
I296E,-0.01028831250885,1
I296F,0.02210637327725,1
I296G,0.012058807424205,1
I296H,-0.0349307425668,1
I296K,-0.000133734062235,1
I296L,0.0187146951749,1
I296M,-0.004181232810785,1
I296N,-0.0203632429976,1
I296P,-0.2310595694199999,1
I296Q,-0.0064783074667,1
I296R,-0.04594949609075,1
I296S,0.014640739889528,1
I296V,-0.00351022284927,1
I296Y,-0.03048326279115,1
I296T,-0.031239733206,1
S297N,-0.0068414458713,1
S297P,-0.08184305419035,1
S297Q,-0.03889842266105,1
S297R,-0.0689545183489,1
S297T,0.0314556128234,1
S297V,-0.05049172962193,1
S297Y,-0.0736538275772,1
S297E,-0.01848985349785,1
S297M,-0.04192077124215,1
S297L,-0.0868546937213999,1
S297K,-0.02083128712535,1
S297I,0.0278040769538,1
S297H,-0.0183546381089,1
S297W,0.0257695768849,1
S297G,-0.048903048794,1
S297F,-0.05087617234705,1
S297D,-0.05238818168655,1
S297C,-0.039918577110015,1
S297A,0.0286548484444,1
N298H,-0.0717555511581,1
N298G,-0.1214266672795,1
N298F,-0.109587373274,1
N298E,-0.08518284790115,1
N298D,-0.0282115535875999,1
N298I,0.02865445628935,1
N298T,-0.00477558247434,1
N298K,-0.279546889339,1
N298W,-0.02203049480325,1
N298M,-0.085278450335335,1
N298P,-0.067448607083,1
N298Q,-0.157141670823,1
N298R,-0.2607068947005,1
N298Y,-0.08918064464905,1
N298C,0.009042564476595,1
N298V,-0.01910918975005,1
N298L,-0.020617983812685,1
N298A,-0.0678991876453,1
N298S,-0.1026440538,1
D299N,-0.1947199825599999,1
D299I,-0.5047263944975,0
D299K,-0.7615895069084999,0
D299L,-0.3373222162834999,0
D299M,-0.10120106723675,1
D299F,-0.4964986726325,0
D299P,-0.7421150531974999,0
D299Q,-0.256121527527,1
D299R,-0.4876938210014999,0
D299S,-0.1295773149719999,1
D299T,-0.4013712864814999,0
D299V,-0.4974400608295,0
D299W,-0.38054269739,0
D299Y,-0.1620615708015,1
D299E,-0.05144897927195,1
D299A,-0.1001905525735,1
D299C,-0.172616695747,1
D299H,-0.1107708241214499,1
D299G,-0.2187832815255,1
W300H,-0.665316695311,0
W300G,-0.9329158775215,0
W300F,-0.0941058769878,1
W300E,-1.043075655434,0
W300D,-1.0161169789659998,0
W300C,-0.8902076968515,0
W300A,-0.9502213903475,0
W300Y,-0.0287238543821999,1
W300I,-0.798514753334,0
W300K,-0.8679518106285,0
W300L,-0.908775208696,0
W300M,-0.7648073887360001,0
W300N,-0.8217791415494999,0
W300P,-0.8059983450125,0
W300Q,-0.9007308501065,0
W300R,-0.9152729856625,0
W300S,-0.9521521168015,0
W300T,-0.9769051311775,0
W300V,-0.914596430904,0
E301Y,-0.15324000252,1
E301A,-0.01292860445187,1
E301H,-0.05851300340295,1
E301V,-0.0478587883184,1
E301G,-0.0160845315602,1
E301F,-0.144671519799,1
E301D,-0.00860484376295,1
E301C,-0.0245522908579,1
E301K,-0.06444998223355,1
E301M,-0.0556233406291,1
E301N,-0.0681930695292,1
E301P,-0.3579538132585,0
E301Q,0.0031284706676499,1
E301R,-0.0603419721196,1
E301S,-0.017993583490277,1
E301T,0.004502330085305,1
E301L,-0.03980563787855,1
E301W,-0.12794861422465,1
E301I,-0.039310784760145,1
D302H,-0.05803354772585,1
D302W,0.0221783925245,1
D302V,-0.035359171140725,1
D302S,-0.03039098649045,1
D302R,-0.100117246196,1
D302Q,-0.0312141183331,1
D302P,-0.0243366656364,1
D302N,-0.0561273361724,1
D302M,0.02599569839015,1
D302L,-0.07224548090765,1
D302K,-0.0158308625544235,1
D302Y,-0.0391616713810999,1
D302I,-0.01030492739038,1
D302T,-0.00480101695785,1
D302C,-0.0512169171899999,1
D302F,-0.012755578465825,1
D302G,-0.028796425550345,1
D302E,-0.042331754871115,1
D302A,-0.0166853082116649,1
P303D,-0.084479883503,1
P303T,-0.03042130165225,1
P303S,-0.0283551268953,1
P303R,-0.0604869785422499,1
P303Q,-0.04471011354165,1
P303N,-0.04126034123395,1
P303M,-0.08089413833505,1
P303L,-0.05813803909005,1
P303K,-0.06900704820775,1
P303I,-0.1131315003503999,1
P303W,-0.2110726048065,1
P303A,-0.0517083768932,1
P303H,-0.0013330069052,1
P303G,-0.03761169026005,1
P303F,-0.032892492615,1
P303E,0.0078644686627999,1
P303C,-0.0363475484312,1
P303Y,-0.06152434178095,1
P303V,-0.0453590734999,1
L304Q,0.0308805444018,1
L304P,-0.08730159390615,1
L304A,0.00237089626987,1
L304C,-0.03073451666705,1
L304D,-0.09355227981355,1
L304E,-0.03279775166885,1
L304F,-0.0390483849253,1
L304G,-0.025195837191255,1
L304H,-0.025699712743595,1
L304I,0.0006661976518791,1
L304M,-0.050389263699,1
L304N,0.036164009899635,1
L304K,0.01368104826505,1
L304W,-0.0837720914476,1
L304V,0.01892853112945,1
L304R,-0.02276630658925,1
L304S,-0.00858367827011,1
L304Y,-0.0265964141782,1
L304T,0.009810308696725,1
Y305I,0.04446571104065,1
Y305K,-0.1442527718039999,1
Y305L,-0.013391764442215,1
Y305M,-0.01089583500596,1
Y305T,-0.04801923684975,1
Y305W,-0.0498440532706,1
Y305Q,-0.0001674975038099,1
Y305P,-0.06982554613115,1
Y305H,-0.02210775425908,1
Y305N,-0.049554751572,1
Y305V,0.02661735188231,1
Y305G,-0.05029396432355,1
Y305R,-0.117989532022,1
Y305A,-0.0339159803663,1
Y305C,-0.04033514391865,1
Y305D,-0.09642413446445,1
Y305E,0.004340763241325,1
Y305F,-0.0199878066786,1
Y305S,-0.02899798354675,1
V306K,-0.0500860022339,1
V306L,0.00103819303666,1
V306M,0.0083191806803449,1
V306P,-0.1266276616675,1
V306Q,-0.1149062578835,1
V306R,-0.03518711513285,1
V306S,-0.010444060416485,1
V306A,-0.009504152610955,1
V306D,-0.0362762114168499,1
V306E,-0.0789687441466499,1
V306F,-0.0230352936195999,1
V306G,0.02985127278655,1
V306H,-0.0056978765534499,1
V306I,-0.04138975430555,1
V306T,0.01178746671755,1
V306N,-0.07132427951205,1
V306C,0.026984191059075,1
V306Y,-0.04159551627905,1
V306W,-0.08928800447475,1
K307L,-0.02705438855575,1
K307I,-0.0539374065685,1
K307Y,-0.0005039622842,1
K307W,-0.0522663676481,1
K307V,-0.0790665817203,1
K307T,-0.00982417401528,1
K307N,-0.01311801127475,1
K307C,-0.004329595068895,1
K307D,-0.0565535141689,1
K307P,-0.1469522280765,1
K307A,0.00201169199395,1
K307Q,-0.0341041072822,1
K307R,-0.00592850972605,1
K307M,-0.0308035895644999,1
K307E,-0.0268022518851799,1
K307S,-0.00247110188343,1
K307F,-0.0913080350616,1
K307G,0.02743370927575,1
K307H,-0.0014292912736499,1
H308D,-0.0626168289293,1
H308E,-0.0993052463156,1
H308F,-0.0068228210728599,1
H308G,-0.0665693565038,1
H308R,-0.1126606293741999,1
H308K,-0.106316583207,1
H308L,-0.04619143820495,1
H308Q,-0.0926810209978,1
H308N,-0.05456391402265,1
H308P,-0.247155962277,1
H308S,-0.0490888694384,1
H308I,-0.02504276260175,1
H308M,-0.0911662198745,1
H308C,-0.0353202992003,1
H308T,-0.0267174443579,1
H308Y,0.018514800821125,1
H308W,-0.0652934320587,1
H308V,-0.04014385632505,1
H308A,0.00485410041716,1
F309A,-0.04984427819444,1
F309Y,-0.018008031853485,1
F309W,-0.00388271665025,1
F309V,-0.0171329427119,1
F309S,-0.0160795716365499,1
F309R,-0.0722926400580999,1
F309Q,-0.02285662327465,1
F309T,-0.0079417131118,1
F309N,-0.0001141925910499,1
F309M,-0.0049680940736,1
F309C,-0.010054992449535,1
F309L,-0.03897494973295,1
F309K,-0.1140790520445,1
F309I,-0.00976515506165,1
F309H,-0.018109990625135,1
F309P,-0.762493502018,0
F309G,-0.06338340411775,1
F309E,-0.2933674333735,1
F309D,-0.6841239122005001,0
S310P,-0.698026619925,0
S310N,-0.0187152326043,1
S310L,-0.07968819392715,1
S310K,0.0464274039589499,1
S310Q,-0.04958480409479,1
S310M,-0.123542629467,1
S310R,-0.0791441751464999,1
S310E,-0.0835377059878999,1
S310V,-0.128563783643,1
S310W,-0.1380966781845,1
S310Y,-0.1096469442385,1
S310I,-0.2499395987105,1
S310H,-0.1068812348255,1
S310G,0.019848231938535,1
S310F,-0.17960407799,1
S310D,-0.147775680067,1
S310T,-0.03638573538295,1
S310A,-0.0335866866237,1
S310C,-0.05021353613725,1
V311W,-0.2457114790205,1
V311T,-0.0247818688821,1
V311E,-0.4109859341645,0
V311F,-0.06733859005045,1
V311G,-0.0253459002068,1
V311H,-0.1759282503449999,1
V311I,0.0291086759384999,1
V311K,-0.0548991529994,1
V311L,-0.0398159744246,1
V311M,-0.0080208611692,1
V311Y,-0.045959895547,1
V311P,-0.8181800158525,0
V311Q,-0.03717190121705,1
V311N,-0.11452242281755,1
V311A,-0.010355394119565,1
V311R,-0.115485308973,1
V311S,-0.00253076778535,1
V311D,-0.7276734495449999,0
V311C,0.02560293320975,1
E312Y,0.03651825574365,1
E312N,-0.0286431709892,1
E312M,-0.05376616442035,1
E312L,-0.0427155765331999,1
E312K,-0.834692266127,0
E312I,-0.0857965608658,1
E312W,0.05036300848201,1
E312G,-0.02636385636841,1
E312P,-0.997759750064,0
E312F,0.045212708899515,1
E312D,-0.02501832705935,1
E312C,0.00856626131695,1
E312A,-0.0452922989302,1
E312H,0.04054649833978,1
E312Q,-0.00692096778705,1
E312R,-0.780420309677,0
E312T,0.0147555758960499,1
E312V,-0.04473473181945,1
E312S,0.0020566978422499,1
G313P,-0.3545943600925,0
G313K,-1.011774591365,0
G313I,-0.291073038347,1
G313H,-0.3318223319405,0
G313F,-0.165941530291,1
G313E,-1.08757611568,0
G313M,-0.26023144577,1
G313D,-0.968063654437,0
G313L,-0.3460323275345,0
G313R,-0.876155451569,0
G313S,-0.579517794133,0
G313T,-0.9351368922855,0
G313V,-0.261455177793,1
G313W,-0.1024883744977,1
G313Y,-0.137490425728,1
G313A,-0.3396715623129999,0
G313C,-0.1198493249502,1
G313Q,-0.635423207601,0
G313N,-0.438385158208,0
Q314W,-0.02609303424085,1
Q314N,0.0062435382337499,1
Q314F,0.004982131927785,1
Q314G,-0.000353403856745,1
Q314H,-0.0748376967455499,1
Q314I,-0.01607429751075,1
Q314K,-0.0778432722654,1
Q314L,-0.03320266143895,1
Q314M,0.011152527767235,1
Q314Y,0.02497869820205,1
Q314E,0.01522590838975,1
Q314R,-0.05263702260115,1
Q314S,0.00212374341945,1
Q314T,-0.016452293609795,1
Q314V,-0.03607598759965,1
Q314D,-0.07006958903025,1
Q314C,0.0372842385817,1
Q314A,0.030033191530565,1
Q314P,-0.02659122322515,1
L315H,-0.5014965174905001,0
L315S,-0.354877344091,0
L315F,-0.0353971060456,1
L315R,-0.7795218337155,0
L315Q,-0.323903051646,0
L315P,-0.1408869544514999,1
L315N,-0.5441689738805,0
L315M,0.023176961869925,1
L315K,-0.768169205969,0
L315T,-0.1801113646565,1
L315I,-0.0214590585704,1
L315W,-0.0393804263989999,1
L315Y,-0.115055112204,1
L315A,-0.1481488817005,1
L315C,-0.0909816188093,1
L315D,-0.791337105998,0
L315E,-0.6376111987405,0
L315V,-0.030159744190088,1
L315G,-0.9356837688545,0
E316G,-0.00952422178425,1
E316W,-0.0062855503503,1
E316A,0.0311499881416,1
E316C,-0.01454274047765,1
E316D,-0.03002417221515,1
E316F,-0.05401248357335,1
E316H,-0.0214544713895,1
E316K,-0.145894103433,1
E316L,-0.03394187056005,1
E316M,0.02917455870475,1
E316I,-0.05639470473235,1
E316V,-0.0518646366476,1
E316T,-0.0102036740865,1
E316S,-0.0085335377538999,1
E316R,-0.0678007049821999,1
E316Q,-0.05039521068425,1
E316Y,-0.018051194678185,1
E316P,-0.115357521819,1
E316N,-0.0087253891887,1
F317K,-0.8727793174755,0
F317N,-0.146900034368,1
F317L,-0.01134512120195,1
F317P,-0.9425760714425,0
F317Q,-0.004545993243005,1
F317R,-0.9246441456925,0
F317S,-0.06527579026315,1
F317T,-0.336707653483,0
F317V,0.03327852234955,1
F317W,0.049770811973765,1
F317Y,-0.00910958521657,1
F317G,-0.04785617111575,1
F317M,0.05019406675935,1
F317I,-0.0260080164341,1
F317H,-0.03232300374055,1
F317E,-0.3925279420895,0
F317A,0.0124391441068,1
F317C,-0.02648224276415,1
F317D,-0.792490272061,0
R318G,-0.0270857694717,1
R318E,-0.01697980097236,1
R318A,-0.02229956410165,1
R318C,-0.0325582741417,1
R318D,-0.06901112999955,1
R318F,0.00151944333605,1
R318W,0.0050678178033,1
R318Y,-0.0377145977916,1
R318T,-0.07065128901975,1
R318S,-0.02221035995798,1
R318Q,0.01457764771812,1
R318P,-0.2128345678915,1
R318N,-0.07003360409075,1
R318M,0.0150431797490999,1
R318L,-0.0162220395451865,1
R318K,0.0114289146568,1
R318I,0.0074118452086999,1
R318H,-0.0498793665976999,1
R318V,-0.0296458234409,1
A319V,-0.0196174784103,1
A319Y,-0.325482166638,0
A319W,-0.3070963302225,0
A319T,-0.0022900292256999,1
A319L,-0.0575527095543999,1
A319R,-0.9022571004215,0
A319Q,-0.029109701054595,1
A319P,-0.418936029198,0
A319N,0.01540099206175,1
A319M,0.0300934597975,1
A319K,-0.0482217425598,1
A319I,-0.0386463662983,1
A319H,-0.045490441512195,1
A319G,0.01012207161091,1
A319F,-0.0492246883547499,1
A319E,0.0293958907853,1
A319D,-0.0010016844072999,1
A319S,-0.00378313325085,1
A319C,-0.01316949938759,1
I320M,-0.0373584815263,1
I320D,-0.1804467327115,1
I320A,0.018252444861981,1
I320F,-0.12230572569,1
I320G,-0.01469982494391,1
I320H,-0.10780802952095,1
I320K,-0.05223375366355,1
I320L,-0.0236988944635,1
I320N,-0.029515285279285,1
I320P,-0.05156531558465,1
I320Q,-0.06136941356605,1
I320R,-0.178394389726,1
I320S,0.020256799651,1
I320T,-0.026977981920385,1
I320V,0.018463594403965,1
I320W,-0.11742147692145,1
I320Y,-0.09169006581095,1
I320C,-0.0849034133930499,1
I320E,-0.112249478049,1
L321A,-0.00527042066459,1
L321Q,0.03661154807655,1
L321P,-0.686029439694,0
L321N,0.0521832613935,1
L321M,-0.07698327561195,1
L321K,-0.2992818411515,1
L321I,0.01536623099611,1
L321G,-0.0523888910783499,1
L321F,-0.0789313364433999,1
L321D,-0.491600635834,0
L321Y,-0.0242808240112449,1
L321V,-0.0259253457196,1
L321T,-0.00665453898038,1
L321S,-0.025988021519185,1
L321R,-0.8353878711615,0
L321C,-0.0161638960953999,1
L321H,-0.0393655075854499,1
F322N,-0.0049016183230499,1
F322Q,0.0156722304936499,1
F322W,-0.0294558626545,1
F322V,0.0036056853100999,1
F322T,0.02236121825212,1
F322S,0.01041144329068,1
F322R,-0.8496007466944999,0
F322P,-0.0779779987164999,1
F322K,-0.0740189419942499,1
F322Y,0.0074881386442499,1
F322I,0.01440496039753,1
F322H,0.01741713401742,1
F322G,-0.06829722896785,1
F322E,-0.00384247087803,1
F322D,0.0135933093951499,1
F322C,-0.0225080178432449,1
F322A,0.0129113909329499,1
F322L,0.02151603893245,1
F322M,0.02972789488615,1
I323R,-0.9691734402445,0
I323Q,0.0318780098751999,1
I323S,-0.021904173560655,1
I323W,0.00363004020988,1
I323V,-0.0386697143115,1
I323P,-0.0282578037193499,1
I323Y,-0.0008472098133999,1
I323T,-0.01610449628792,1
I323N,-0.0272724559945999,1
I323D,-1.217215730745,0
I323L,0.0024569246103499,1
I323K,-0.1211711803356,1
I323H,-0.01270462625685,1
I323G,-0.0543004043807,1
I323F,-0.1050424198378999,1
I323E,-0.1720016932085,1
I323C,-0.04261159692175,1
I323A,-0.03025121554155,1
I323M,-0.007163457653793,1
P324C,-0.009286873402595,1
P324K,-0.07960482335045,1
P324A,0.059161175439,1
P324D,-0.1034080227654,1
P324I,-0.0613371284246999,1
P324F,-0.1653417647745,1
P324L,-0.0582993323173,1
P324E,0.01839077739625,1
P324N,-0.03856237653795,1
P324Q,-0.044040189900065,1
P324S,0.03236306043805,1
P324T,0.000948838284205,1
P324R,-0.04102231275225,1
P324W,-0.229232318526,1
P324Y,-0.1244866051068,1
P324H,-0.0809827085401,1
P324G,0.0362997431601999,1
P324V,-0.03585215979315,1
K325I,-0.0273980900342294,1
K325D,-0.06364318730825,1
K325E,0.0397724169523,1
K325F,-0.015307117564605,1
K325G,0.0058410893732,1
K325H,-0.0257392654555104,1
K325L,-0.0001039749352799,1
K325V,-0.0358882358209,1
K325P,-0.0052742074934499,1
K325Q,-0.0108136004616625,1
K325R,-0.0412084949884,1
K325T,0.016481801987795,1
K325W,-0.0276979319507,1
K325Y,0.0134463969010999,1
K325C,-0.04496209305575,1
K325N,-0.00165381983395,1
K325A,0.02297655526675,1
K325S,0.01964661761975,1
R326E,-0.1683661076276499,1
R326C,-0.0486737339786999,1
R326A,-0.056852566493,1
R326W,-0.0828091614109999,1
R326Y,-0.1210970830077,1
R326G,-0.011212864604505,1
R326H,0.00367476164985,1
R326I,-0.01593873515765,1
R326K,-0.02629218725694,1
R326L,-0.00618760041745,1
R326M,0.03984141766425,1
R326N,-0.08718980148705,1
R326P,-0.4145668769124999,0
R326Q,-0.02134993561356,1
R326S,-0.0219532840570499,1
R326V,-0.0843656078596,1
R326T,-0.0756161165646999,1
R326D,-0.17446340455545,1
R326F,-0.05578436752325,1
A327P,-0.0023278761932499,1
A327N,-0.05774585366455,1
A327R,-0.0208749589657999,1
A327M,-0.03589672014485,1
A327L,0.0045997253867,1
A327K,-0.0834198831455499,1
A327I,0.0565961852006,1
A327H,0.012830069777285,1
A327G,0.01426254524147,1
A327F,-0.0638019683565,1
A327E,-0.04005259259155,1
A327D,-0.042739733794,1
A327C,-0.028880732681,1
A327Q,0.01302718621455,1
A327S,-0.02884252542705,1
A327Y,-0.0117646577572,1
A327W,-0.11116176747925,1
A327V,0.0437378472444,1
A327T,-0.02732658586565,1
P328A,0.04621291171115,1
P328C,0.028715244725,1
P328D,-0.01658937035495,1
P328E,-0.0179194590470649,1
P328F,-0.007876778904205,1
P328G,0.0250351960243,1
P328I,0.00714717308905,1
P328K,-0.0215001282058499,1
P328H,-0.0237596689660999,1
P328N,-0.03577643574765,1
P328Q,-0.06707223457505,1
P328R,0.015299596057305,1
P328S,0.0267897485457,1
P328T,0.0236251974090999,1
P328V,0.02157441781902,1
P328W,-0.0128552893990999,1
P328Y,0.0091621815143,1
P328M,-0.00390269893545,1
P328L,0.0002151054515899,1
F329K,-0.207426159294,1
F329L,-0.02508262390095,1
F329N,-0.04090975847335,1
F329S,-0.04671329334205,1
F329I,-0.00433721773925,1
F329M,-0.0018383721665999,1
F329H,0.0052870355536,1
F329T,-0.00827057781164,1
F329E,-0.0382456250742,1
F329V,0.01960858966825,1
F329W,0.04458196416003,1
F329Y,-0.1496158021639499,1
F329A,-0.0811814281626999,1
F329C,-0.10040949890235,1
F329R,-0.158902086231,1
F329Q,-0.07332728930815,1
F329P,-0.143166883004,1
F329D,-0.1428049593405,1
F329G,-0.0629681613963499,1
D330A,-0.0075599754237499,1
D330C,-0.03579334823345,1
D330E,0.06913357254395,1
D330G,-0.06100495002505,1
D330H,-0.0536876649304999,1
D330K,-0.06383266535785,1
D330L,-0.0401198166903499,1
D330M,-0.0290874303674,1
D330N,-0.0215954008532,1
D330P,-0.06420124150785,1
D330Q,-0.036753826525,1
D330R,-0.05618181737765,1
D330S,-0.01862543288039,1
D330T,-0.0035680197443825,1
D330V,-0.032848319536935,1
D330W,0.0331670235333,1
D330Y,-0.0050899215523,1
D330I,-0.02559633517555,1
D330F,-0.0159861869760499,1
L331I,2.705143590000028e-05,1
L331C,-0.008583563566955,1
L331Y,0.02466905749235,1
L331W,0.0440373835341999,1
L331V,0.00819988786725,1
L331T,-0.012696896518465,1
L331R,-0.04747018714135,1
L331Q,-0.09521303396355,1
L331P,0.004206005109385,1
L331N,-0.04891505678525,1
L331S,-0.0314977037638,1
L331K,-0.013580775148325,1
L331M,-0.1006435391654999,1
L331D,0.0065271200563999,1
L331E,-0.0072067625259499,1
L331F,0.0166600734398499,1
L331A,-0.00257778745909,1
L331H,-0.010697539919115,1
L331G,-0.03713794616525,1
F332P,-0.5605165759965001,0
F332D,-0.3982451746535,0
F332G,-0.261846725271,1
F332H,-0.407670785695,0
F332I,-0.2565300210695,1
F332K,-0.4741830740195,0
F332L,-0.08912569963195,1
F332N,-0.474194817276,0
F332E,-0.340755349303,0
F332A,-0.3226221195005,0
F332Q,-0.3983725773225,0
F332R,-0.5711602261255,0
F332Y,-0.2209207446845,1
F332V,-0.26106444298,1
F332C,-0.275559297328,1
F332S,-0.399355297247,0
F332T,-0.411739733333,0
E333I,-0.118117206241,1
E333K,-0.11241609847265,1
E333L,-0.1380918331165,1
E333M,-0.1489512082803,1
E333F,-0.2013126233505,1
E333D,-0.00881112175365,1
E333H,-0.156328745933,1
E333G,-0.1711954673715,1
E333W,-0.269748664984,1
E333Q,-0.07102232095545,1
E333R,-0.158524316301,1
E333S,-0.1759819861439999,1
E333T,-0.1432943739884999,1
E333V,-0.10140641398045,1
E333P,-0.192399336735,1
E333Y,-0.2546572369955,1
E333C,-0.2139375585375,1
E333N,-0.1782681467655,1
E333A,-0.067553059641,1
S334C,-0.0474327741279,1
S334A,0.00452578878195,1
S334Y,-0.07947035571726,1
S334W,-0.02455113841135,1
S334V,-0.01273818499228,1
S334T,0.0082801008983149,1
S334R,-0.07242442612795,1
S334P,0.0171661374006,1
S334N,-0.0493186171676999,1
S334M,-0.0617975599872,1
S334Q,-0.0315885038789,1
S334K,-0.0051076901123999,1
S334I,0.01624248735615,1
S334H,0.019885976185362,1
S334G,0.0370479701409999,1
S334F,-0.0303517688553,1
S334E,0.04026175585045,1
S334D,0.0139622373855699,1
S334L,-0.00484226273535,1
K335N,-0.0189924686894815,1
K335V,0.0192504858652,1
K335T,-0.009135327839625,1
K335S,0.0002741094210002,1
K335R,-0.00591656430834,1
K335Q,-0.05336211800475,1
K335P,-0.01100737988915,1
K335M,-0.0493488337208,1
K335A,-0.00399004471753,1
K335I,0.0130872173330349,1
K335H,-0.0058442213178899,1
K335G,0.0257067774754,1
K335F,0.01589979307617,1
K335E,-0.0243686671976,1
K335D,-0.004960713026809,1
K335C,-0.0419548322107,1
K335Y,-0.0018409279037,1
K335L,-0.04900257478155,1
K336A,0.01940081487165,1
K336S,-0.0290905453297,1
K336D,-0.026071014799276,1
K336C,-0.06273998035985,1
K336Y,-0.01863357605045,1
K336W,0.0071682760181499,1
K336V,0.01081711909085,1
K336R,0.00010478861995,1
K336Q,-0.00708480375722,1
K336P,0.02008876678535,1
K336T,-0.0246306196925999,1
K336M,-0.09561078274765,1
K336L,-0.0073990339595,1
K336I,-0.01210269372037,1
K336H,-0.00742412973805,1
K336G,0.00254838336255,1
K336F,-0.0483664824029,1
K336E,0.0124237734877,1
K336N,-0.0028068805692999,1
K337P,0.000551781326215,1
K337W,-0.06757403322845,1
K337V,0.02114899630815,1
K337T,0.05090091345565,1
K337S,-0.0071813663956949,1
K337R,-0.00746443552715,1
K337Q,-0.02041909977065,1
K337N,-0.00116250776165,1
K337C,-0.026418005012,1
K337L,-0.01199754760911,1
K337I,0.02469592272075,1
K337H,-0.0063787394525649,1
K337G,-0.018760029124775,1
K337F,-0.03886452876615,1
K337E,-0.023767192916525,1
K337D,-0.059671757483605,1
K337A,-0.013338765062035,1
K337M,-0.01340251717212,1
K337Y,0.0026333200957,1
K338S,0.00323182836575,1
K338A,-0.0003110340499549,1
K338D,0.006023239974285,1
K338E,-0.0253600880587,1
K338F,0.00289292879445,1
K338G,0.00724119211365,1
K338H,0.0078012202355499,1
K338I,0.0295468683482,1
K338L,0.0072324252663,1
K338M,-0.0396086179487,1
K338N,-0.0389312772229,1
K338P,-0.0172991711305,1
K338Q,-0.0330419203864,1
K338R,-0.006821004848625,1
K338T,0.0124782422348245,1
K338V,0.0247120584840099,1
K338W,0.0142187836878399,1
K338C,0.0179857235885349,1
K338Y,-0.0589833532098499,1
N339V,-0.02168289627515,1
N339A,0.01751673616897,1
N339T,0.0159315466913999,1
N339S,-0.0249811120403,1
N339R,-0.024039773277305,1
N339Q,-0.0512891493657,1
N339P,0.0018345779994499,1
N339M,-0.0356115760122,1
N339L,0.03310922260725,1
N339K,0.0058709288719499,1
N339I,-0.0102881105887,1
N339H,-0.012068334551775,1
N339G,-0.00935537059875,1
N339F,0.0205798544155,1
N339E,-0.0222567731263849,1
N339D,-0.02797660629011,1
N339C,0.007848999626865,1
N339Y,-0.0930879635035,1
N339W,-0.0262616077732,1
N340Y,-0.0098526054623999,1
N340V,-0.01845746547735,1
N340A,0.009275351211105,1
N340W,-0.0017640365500499,1
N340C,-0.03529647227735,1
N340D,0.0061066032713499,1
N340E,0.06862731516185,1
N340F,-0.0165616910878,1
N340H,0.02653902537985,1
N340I,-0.0060423798853,1
N340G,0.02939654035,1
N340L,0.006217232527585,1
N340M,0.0850615489597499,1
N340P,0.00256501585085,1
N340Q,-0.0525024088439,1
N340R,0.012425355977655,1
N340S,-0.00062212998665,1
N340T,0.02769814056175,1
N340K,0.01245267047385,1
I341N,-0.1717196579285,1
I341V,-0.013147602318,1
I341T,-0.005939498694195,1
I341S,-0.0780232905002999,1
I341R,-0.3068878997275,0
I341Q,-0.00432757854585,1
I341P,0.02595701437855,1
I341M,-0.0445780235005,1
I341A,0.0365801031069999,1
I341K,-0.6980993201244999,0
I341H,-0.1025712767628,1
I341F,-0.06033558967875,1
I341E,-0.6043860928225,0
I341D,-1.08214758577,0
I341C,0.013396792010155,1
I341W,-0.04138460567785,1
I341L,-0.0236435358017,1
I341Y,-0.119678609447,1
I341G,-0.1110186951854999,1
K342Y,-0.04698609138215,1
K342W,-0.1028309030326,1
K342V,0.0166754206716,1
K342T,0.00567904451883,1
K342S,-0.0025227912129,1
K342R,-0.006798951643805,1
K342P,-0.0815377408027999,1
K342N,-0.0126319487787999,1
K342M,0.09658469890065,1
K342Q,0.0151536360046499,1
K342I,-0.0555637467718,1
K342L,-0.009032634682905,1
K342C,-0.0118209553333999,1
K342D,0.00037372030045,1
K342E,0.011045602898565,1
K342A,0.0253925409357829,1
K342G,-0.00593668395989,1
K342H,-0.0186197642874435,1
K342F,-0.0377767742688,1
L343M,-0.0526341854031999,1
L343V,-0.04727754746475,1
L343T,-0.07386495294595,1
L343S,-0.06173253547395,1
L343R,-0.2105802892935,1
L343Q,-0.01282492272451,1
L343P,-0.5554707724255,0
L343N,-0.0630760738533,1
L343K,-0.1750760849439999,1
L343G,-0.1294617685885,1
L343H,-0.0353442349384,1
L343F,-0.1026991205516,1
L343E,-0.2659137742185,1
L343D,-0.9799825725775,0
L343C,-0.103527734350165,1
L343A,-0.0463584761663499,1
L343W,-0.10392901559015,1
L343I,-0.1560774083065,1
L343Y,-0.1767429304715,1
Y344A,-0.3217595594175,0
Y344C,-0.1599585404995,1
Y344Q,-0.07896272964075,1
Y344F,0.0190352400397,1
Y344T,-0.03116731908355,1
Y344V,-0.0399045125447,1
Y344S,-0.1478803812405,1
Y344R,-0.3861183242815,0
Y344P,-0.9620321973615,0
Y344W,-0.06885752421265,1
Y344N,-0.1153069696599999,1
Y344L,-0.1243605493455,1
Y344K,-0.379214701817,0
Y344I,-0.0804692855278,1
Y344E,-0.10141211345405,1
Y344D,-0.5921659721465,0
Y344H,-0.03424433256852,1
Y344G,-0.313118661782,0
Y344M,-0.09060444024205,1
V345R,-0.7100921185125,0
V345Q,-0.0861749448743,1
V345S,-0.1310316870185,1
V345Y,-0.1472354581994999,1
V345W,-0.2111226871185,1
V345P,-0.949299050275,0
V345T,-0.06505100322285,1
V345N,-0.1528717345640499,1
V345G,-0.1393440781454999,1
V345L,-0.06363626008395,1
V345K,-0.4238464116655,0
V345I,0.00337308205015,1
V345H,-0.0976850523393,1
V345F,-0.1079359291698,1
V345E,-0.1266914511095,1
V345D,-0.0444247332574499,1
V345C,-0.0185623658173499,1
V345A,-0.08859413775685,1
V345M,-0.04141368048025,1
R346D,-0.00390189536505,1
R346A,-0.02266002194755,1
R346G,-0.06116463025195,1
R346C,-0.030038068757365,1
R346E,-0.0779419703579999,1
R346F,-0.10623966057705,1
R346V,-0.11436532653785,1
R346H,-0.018053092404935,1
R346I,-0.09321677526145,1
R346K,-0.01589699140028,1
R346L,-0.1340559343485,1
R346M,-0.0431169562557,1
R346N,-0.06721436590405,1
R346P,-0.883224956605,0
R346Q,-0.02930596891525,1
R346S,-0.04594184339675,1
R346Y,-0.02114994822265,1
R346W,-0.090108579866845,1
R346T,-0.0688812279736,1
R347I,-0.05503960209335,1
R347A,-0.0259088188694049,1
R347C,-0.0032512022463499,1
R347D,-0.032606801529225,1
R347E,-0.256684058957,1
R347F,-0.02374091639518,1
R347N,-0.0451928508899,1
R347M,-0.004997606727505,1
R347L,-0.0429962684225,1
R347K,-0.0328012923594,1
R347G,-0.09976018623425,1
R347P,-0.4481303463855,0
R347H,-0.05192248885715,1
R347S,-0.011329533659485,1
R347T,-0.05631509426025,1
R347V,-0.034234356848365,1
R347W,-0.08688007862415,1
R347Y,-0.0002453593305499,1
R347Q,0.01288898192255,1
V348N,-0.2593451493085,1
V348M,0.006679353506688,1
V348K,-1.046993652972,0
V348I,0.0076717545470999,1
V348H,-0.7025575416034999,0
V348F,-0.3985047737305,0
V348P,-1.0298798242265,0
V348E,-0.698808477639,0
V348D,-0.9147999969125,0
V348C,-0.017938860390725,1
V348A,-0.1005322072817,1
V348G,-0.208589037434,1
V348Q,-0.15953048704005,1
V348L,-0.1124731870931,1
V348S,-0.10195729435225,1
V348T,-0.0304740769423,1
V348W,-0.315666525796,0
V348Y,-0.906130240074,0
V348R,-1.0432269118635,0
F349A,-0.174730224377,1
F349C,-0.05308209275645,1
F349D,-0.8262043520129999,0
F349E,-0.574390831274,0
F349G,-0.0510490122682,1
F349H,-0.1487885623825,1
F349I,-0.0335928029964,1
F349K,-0.04130531659413,1
F349L,-0.150125057977,1
F349W,0.0547643143929999,1
F349V,-0.11595514401325,1
F349T,-0.1086530455215,1
F349S,-0.082260454608,1
F349Q,-0.12357323725411,1
F349P,-0.281232986606,1
F349N,-0.2507475059075,1
F349M,0.0210649520159,1
F349Y,0.0048535952949999,1
F349R,-0.4706884312865,0
I350V,-0.0694107196274499,1
I350Y,-0.247937594512,1
I350W,0.0370405582433,1
I350T,0.0389989566033,1
I350C,0.052518157841055,1
I350D,-1.1434356152155,0
I350E,-0.8480437131190001,0
I350F,-0.0972864140031,1
I350G,-0.09307659201885,1
I350H,-0.1321702625,1
I350K,-1.476317934325,0
I350L,-0.1330668906385,1
I350M,0.0268073066850999,1
I350N,-0.1139806327956,1
I350P,-0.8008338425765,0
I350R,-1.0056167463925,0
I350S,-0.11805779135865,1
I350A,0.0108286650021999,1
T351Y,0.0125085959375349,1
T351C,0.04109798411273,1
T351A,-0.0395977911089,1
T351K,-0.0353314192498,1
T351W,-0.04030330070695,1
T351E,-0.0803266844126,1
T351V,-0.1394314278945,1
T351S,-0.0036898385834749,1
T351R,-0.01166362467785,1
T351F,-0.0475714059163,1
T351G,-0.0101125003955049,1
T351H,-0.0488577835914,1
T351I,-0.10910700208035,1
T351D,-0.008439297434125,1
T351L,-0.022966220741105,1
T351M,0.0184563927669249,1
T351N,-0.02786589924085,1
T351P,-0.6537337355815,0
T351Q,-0.040098231315585,1
D352E,0.023749875004855,1
D352I,-0.2514932999185,1
D352H,-0.466696515436,0
D352F,-0.1140038521655,1
D352K,-0.09604366411595,1
D352G,0.0440226052787499,1
D352P,-0.1599053677834999,1
D352T,-0.444091075692,0
D352Y,-0.2612816450235,1
D352W,-0.12052193477685,1
D352V,-0.3810937091305001,0
D352L,-0.1417949801275,1
D352S,-0.01999518974904,1
D352R,-0.126121346465,1
D352Q,0.01594267210385,1
D352C,-0.2991215124195,1
D352N,-0.0666019507669,1
D352A,-0.1151588053451,1
D352M,-0.0750957222808,1
E353L,-0.0137397983973,1
E353M,-0.0324584408587499,1
E353N,0.00580502900505,1
E353P,-0.341494963756,0
E353Q,0.01391717773524,1
E353R,-0.07257397811305,1
E353S,-0.00134447595115,1
E353T,0.0220988499793499,1
E353V,-0.0536841221369,1
E353W,-0.0377458816618,1
E353C,-0.01842037964355,1
E353D,0.03717691102965,1
E353F,0.0132863788724,1
E353G,0.0006399918544499,1
E353H,-0.0386642061956,1
E353I,0.0145311886707499,1
E353K,-0.13036598675415,1
E353Y,-0.027533741683425,1
E353A,-0.04366459667055,1
A354S,-0.0381237117045,1
A354Y,-0.03776669142415,1
A354N,0.018378994188095,1
A354W,-0.14549573067215,1
A354P,0.0067450306848,1
A354Q,0.015914868117235,1
A354L,-0.0244855437593595,1
A354K,0.036691822859,1
A354I,-0.00308617055765,1
A354H,-0.0594515256295,1
A354G,-0.0357473671964,1
A354F,-0.0279809923465,1
A354M,-0.07297793899325,1
A354E,0.04716931919675,1
A354C,-0.05099330059583,1
A354R,-0.05041811367155,1
A354T,-0.0335190521797,1
A354V,-0.0118826620933,1
A354D,0.01386619104075,1
E355R,-0.0337508150043,1
E355S,0.00399221645385,1
E355T,-0.021026019575265,1
E355V,-0.04379786767295,1
E355W,0.00224930291305,1
E355Y,-0.00159896527825,1
E355C,-0.07327815889675,1
E355K,-0.0238125378762249,1
E355G,0.0097294938291345,1
E355L,-0.00013751413986,1
E355M,0.0587905103057,1
E355N,0.03334061440455,1
E355P,-0.0010277153098749,1
E355A,0.0195950911296,1
E355D,0.0509760177001999,1
E355F,0.0184067271590999,1
E355I,-0.007597751625895,1
E355H,0.0134926436674295,1
E355Q,-0.0175468278633049,1
D356W,-0.0653418573973,1
D356S,-0.00961210318219,1
D356T,-0.0112413657146149,1
D356V,-0.01818246430758,1
D356Q,-0.0652414667932,1
D356R,-0.05574698267115,1
D356C,-0.020439199337995,1
D356A,-0.0179431377407449,1
D356E,0.07840774884745,1
D356F,-0.0428219663861699,1
D356G,-0.01643008328195,1
D356H,0.0617217669390999,1
D356I,-0.00138951850845,1
D356Y,-0.05421456169295,1
D356N,-0.05809851275435,1
D356P,-0.06334517134545,1
D356M,0.02611137399285,1
D356L,-0.05023037518065,1
D356K,-0.11112958905815,1
L357W,0.052606653816,1
L357G,-0.0788017658032,1
L357H,-0.03395601117475,1
L357F,0.01429937105675,1
L357D,-0.0070220664075,1
L357C,-0.03268468775909,1
L357A,-0.009068911773125,1
L357E,-0.0459755369495,1
L357K,-0.237440631955,1
L357I,-0.0167678366016385,1
L357T,-0.05260848865905,1
L357S,0.006445899145795,1
L357R,-0.156077813968,1
L357Y,-0.0232239018246999,1
L357P,-0.0698326195291,1
L357N,0.02235314021745,1
L357M,0.04411110915025,1
L357Q,-0.04749289445915,1
L357V,0.0041341626735999,1
I358K,-0.0543444841378,1
I358A,-0.00696564543395,1
I358C,-0.0448436563152499,1
I358D,-0.06479862061325,1
I358E,0.02324141329115,1
I358F,-0.0068264949311,1
I358G,-0.04140159705695,1
I358H,0.0061151420220999,1
I358L,0.0072716253042,1
I358N,-0.01131576491085,1
I358Y,-0.007558123166,1
I358V,0.003763271401595,1
I358T,-0.02973084673465,1
I358S,6.5140392949999786e-06,1
I358M,0.024427615728075,1
I358R,-0.0797253687288999,1
I358W,-0.0906274741621,1
I358P,0.01083243695569,1
I358Q,-0.03889410827305,1
P359E,-0.055757995406705,1
P359R,-0.021379575032015,1
P359Q,-0.0546634878228,1
P359N,0.0015610846546499,1
P359M,-0.02368121615284,1
P359L,-0.063800707661,1
P359K,0.0597506475974649,1
P359F,-0.0831119257503,1
P359I,0.00347574432385,1
P359T,-0.0134842749722,1
P359V,-0.00836387021205,1
P359H,0.02092925530997,1
P359Y,0.0046329241237499,1
P359G,-0.0042956397406649,1
P359A,-0.03378370139358,1
P359C,-0.05374052643305,1
P359D,-0.01808487386345,1
P359S,-0.013225213742042,1
P359W,0.0140886493815499,1
E360L,-0.1202629056674999,1
E360P,-0.052315690491355,1
E360T,-0.0704488559878999,1
E360V,-0.1129845867505,1
E360W,-0.190066880744,1
E360Y,-0.06457098805155,1
E360Q,-0.0075798201587295,1
E360N,-0.091863183912,1
E360M,-0.052811609475015,1
E360K,-0.09487764212835,1
E360I,-0.07027253735125,1
E360H,-0.02594246888355,1
E360G,-0.01483725133236,1
E360S,-0.015680553246355,1
E360F,-0.1197276688375,1
E360R,-0.16792962135,1
E360D,-0.016688485799825,1
E360C,-0.05468187844995,1
E360A,-0.026734661928,1
W361Q,-0.08181813583135,1
W361P,-0.00923731750375,1
W361N,-0.0315756580180999,1
W361M,0.02618325211395,1
W361L,-0.05194942215905,1
W361K,-0.107778935739,1
W361I,-0.03983799755351,1
W361Y,-0.012422927842075,1
W361D,-0.01842641209481,1
W361E,-0.01750166031555,1
W361S,-0.006937420484,1
W361R,-0.018115291815565,1
W361H,0.0026286830349999,1
W361G,0.01411010801065,1
W361A,0.0177749018373,1
W361C,-0.0417932062583,1
W361V,-0.0240690661016199,1
W361T,0.010651658371,1
W361F,-0.0003840163965499,1
L362T,-0.05742539026445,1
L362Y,0.01310981713161,1
L362S,-0.00605438497375,1
L362V,0.0074464844326999,1
L362W,-0.01151729739995,1
L362C,0.029497774880765,1
L362D,-0.2694841577064999,1
L362E,-0.001543693978565,1
L362F,-0.04862540657745,1
L362A,0.0717230356736,1
L362H,-0.13968658039805,1
L362R,-0.04210535963105,1
L362G,0.0066329851187459,1
L362P,-0.018730169158135,1
L362Q,-0.0471111499391,1
L362M,0.00445713765495,1
L362K,-0.0190095459874,1
L362I,0.0020128284684,1
L362N,-0.0810858402313,1
S363A,-0.00426692449315,1
S363C,0.01801375217525,1
S363D,0.0376054535316,1
S363E,0.08561313335455,1
S363G,0.0170313334837,1
S363H,0.0399270672973,1
S363I,-0.06291930631145,1
S363Y,-0.0505726214099,1
S363W,-0.0262605579495,1
S363V,-0.00124055864786,1
S363T,-0.0053247759406149,1
S363F,-0.063982068839,1
S363K,-0.0376384212318,1
S363L,-0.022061571894254,1
S363M,0.015873239081885,1
S363N,0.02370126465875,1
S363P,-0.00394522033484,1
S363Q,0.0631357523470999,1
S363R,-0.0018001317325999,1
F364I,0.02423873859959,1
F364K,-0.08209067868905,1
F364L,-0.0149474689267999,1
F364M,-0.07494677367095,1
F364N,-0.0344161195228749,1
F364R,-0.120667922321,1
F364Q,-0.0401721789303499,1
F364G,-0.0601167013355,1
F364S,-0.09450385985455,1
F364T,-0.2125131469624999,1
F364V,-0.010201709193015,1
F364P,-0.01571957231535,1
F364E,-0.0791548790592,1
F364H,-0.0268193102898,1
F364W,0.02573295707175,1
F364Y,0.04776695534865,1
F364D,-0.0700369088012499,1
F364A,-0.0299312164373,1
F364C,-0.0209877086149,1
V365T,-0.01690790178535,1
V365W,-0.06215202884005,1
V365Y,0.0218741766433499,1
V365A,-0.02964476343915,1
V365C,-0.005360160330165,1
V365D,-0.12570636228735,1
V365E,-5.841996140000009e-05,1
V365M,0.0204976192465,1
V365L,-0.02869557579365,1
V365H,-0.02367225128445,1
V365I,0.01095741697088,1
V365K,-0.1281875432794,1
V365S,0.0002566527023999,1
V365R,-0.8643811919219999,0
V365Q,-0.077330818761,1
V365P,0.02611911840525,1
V365N,-0.034814471571815,1
V365F,-0.03027703241195,1
V365G,-0.03803007891345,1
K366F,0.0554991015130999,1
K366R,0.0087244848835,1
K366Y,0.0467676527336449,1
K366W,0.0083700531739499,1
K366V,0.02155793335475,1
K366T,0.03464010039665,1
K366S,0.014052457706265,1
K366G,0.043051030492,1
K366Q,0.0391078885256,1
K366P,0.04372958932995,1
K366N,0.03191605678784,1
K366M,0.0160055006302,1
K366L,0.0140378898169999,1
K366I,0.05044958992485,1
K366H,0.0545698701043,1
K366A,-0.008474542774299,1
K366C,0.0612382189494499,1
K366D,0.05951116926335,1
K366E,-0.00280323005126,1
G367F,-0.0272702509333,1
G367E,0.0431541708023,1
G367Y,-0.02040545938905,1
G367C,-0.0285122019393499,1
G367A,-0.01286195033765,1
G367D,-0.5958176502245001,0
G367I,-0.0024184113313499,1
G367H,-0.0442014421464,1
G367L,-0.013748683459715,1
G367Q,-0.0209034806245,1
G367K,-0.0610670252920849,1
G367T,0.00134377735663,1
G367V,-0.0464007356228499,1
G367R,-0.1249574820045,1
G367S,-0.027111060864795,1
G367W,-0.0659088172077499,1
G367P,0.0095648314729449,1
G367N,-0.00241656867825,1
G367M,-0.0180237646285,1
V368T,-0.015760370608405,1
V368Y,-0.408532190937,0
V368R,-0.436850664459,0
V368Q,-0.04985193559455,1
V368P,-0.02171688732092,1
V368W,-0.9941790756315,0
V368S,-0.0569040089149,1
V368N,-0.008792802506675,1
V368L,-0.031130486910225,1
V368K,-0.4184714760854999,0
V368H,-0.319408023014,0
V368G,-0.673172058075,0
V368A,-0.09926969064065,1
V368C,-0.0321494002683,1
V368D,-0.08748627392295,1
V368E,-0.01868218750622,1
V368F,-0.3667055077669999,0
V368M,-0.05507859410515,1
V368I,-0.01417738226817,1
V369R,-0.1905536302435,1
V369T,0.023048263140965,1
V369Y,-0.0163235822438,1
V369Q,0.009728521935955,1
V369P,-0.9476921298045,0
V369N,-0.02705001051845,1
V369M,0.0269687150444,1
V369L,-0.02427159010875,1
V369K,-0.0503127526103,1
V369I,0.01606997756415,1
V369H,-0.0027360197404,1
V369G,-0.024278507647873,1
V369F,-0.007212038268,1
V369E,-0.0003488021937399,1
V369D,-0.632379082163,0
V369C,0.02273714098235,1
V369A,-0.0062321083047,1
V369W,-0.0763333603321,1
V369S,-0.0129691840533,1
D370V,-0.1536597845889999,1
D370K,-0.0394832933729,1
D370L,-0.379841574117,0
D370M,-0.3497357413579999,0
D370N,-0.012749662820725,1
D370P,-0.1815841092365,1
D370Q,-0.028596449344265,1
D370R,-0.0189337818308,1
D370S,-0.1227890028414,1
D370T,-0.11386857707,1
D370H,-0.5365909783695,0
D370Y,0.00231873109325,1
D370G,-0.6499064116955,0
D370F,-0.488762470533,0
D370E,-0.0537171089954,1
D370C,-0.1150858334196,1
D370A,-0.2130494813215,1
D370I,-0.1150901706062,1
S371A,-0.00422552809361,1
S371C,-0.06756021357085,1
S371D,-0.04196502837175,1
S371E,-0.02387077381135,1
S371F,-0.146767706192,1
S371G,-0.1059344793866,1
S371Y,-0.120861143991,1
S371K,-0.0781571866194,1
S371L,-0.260360203854,1
S371M,-0.1444041789545,1
S371N,-0.01522466358545,1
S371P,-0.02786587658919,1
S371Q,0.0045028402578999,1
S371R,-0.525272644533,0
S371T,-0.0135262466720649,1
S371V,-0.0382722488426999,1
S371W,-0.0354261997635999,1
S371I,-0.2552551188775,1
S371H,-0.0547082369198,1
E372M,-0.0641105407637,1
E372K,-0.01065747469295,1
E372I,-0.0026531503995999,1
E372L,-0.007060412729905,1
E372A,-0.0149393040155349,1
E372C,0.0161449745055,1
E372D,-0.03812403641075,1
E372G,0.0342498785481,1
E372H,-0.05048503231505,1
E372Y,-0.0143475968321499,1
E372F,-0.0155896160924,1
E372V,0.0282216596345999,1
E372T,0.0309865515743,1
E372S,-0.024747137100435,1
E372R,-0.0431079267107,1
E372Q,0.06234008557925,1
E372P,-0.0754497917756999,1
E372N,0.0247704271508,1
E372W,-0.0968733300766499,1
D373H,-0.05377062158065,1
D373A,-0.04516221268495,1
D373C,-0.022831328790685,1
D373E,-0.0013604793914499,1
D373F,-0.00783977747905,1
D373G,-0.0791143827058999,1
D373I,-0.0446858649913,1
D373S,-0.0554347590936999,1
D373L,-0.06576425135085,1
D373M,-0.1615709217395,1
D373N,-0.08723801747545,1
D373P,-0.3192539182055,0
D373Y,-0.128024767311,1
D373V,-0.00218131523135,1
D373T,-0.0650427825871999,1
D373K,-0.185775654234,1
D373R,-0.1343015693289,1
D373Q,-0.06140298371645,1
L374K,-0.4303972437235,0
L374G,-0.0639213279129,1
L374H,-0.257010644832,1
L374I,-0.1288571959645,1
L374A,-0.0576134488984,1
L374M,-0.0746719037877499,1
L374Q,-0.108852127018,1
L374R,-0.8331658792734999,0
L374T,-0.1850292007474999,1
L374S,-0.1072036209513999,1
L374W,-0.04884345849535,1
L374Y,-0.149155513155,1
L374C,-0.0831361163266,1
L374F,-0.08431051592415,1
L374E,-0.3625110376325,0
L374N,-0.822558862616,0
L374D,-0.9447809043705,0
L374V,-0.0028034346501,1
P375C,-0.2015675846785,1
P375A,-0.22850209532,1
P375D,-0.864361250828,0
P375E,-0.7792400368179999,0
P375F,-0.3617372835305,0
P375Y,-0.428509298136,0
P375W,-0.56058437061,0
P375V,-0.3355444388675,0
P375T,-0.4326308736225,0
P375S,-0.3612412140870001,0
P375Q,-0.8844987935345,0
P375R,-0.6765856078185,0
P375M,-0.680342946175,0
P375L,-0.5514528533474999,0
P375K,-0.755047117861,0
P375I,-0.4457200726375,0
P375H,-0.546636236613,0
P375G,-0.1701551346025,1
P375N,-0.27987307193,1
L376D,-1.4678231382799998,0
L376A,-0.4982233877505,0
L376C,-0.0975490964026,1
L376E,-0.9302525839715,0
L376G,-0.9276989156395,0
L376S,-0.6015775891085,0
L376P,-0.3122948970315,0
L376Q,-0.3625605013975,0
L376R,-1.0401720284,0
L376T,-0.0783547285745,1
L376V,-0.0073480873955499,1
L376F,-0.04358324481385,1
L376N,-0.9803299902085,0
L376M,-0.01922810274945,1
L376K,-1.486296328895,0
L376I,-0.0202125202126,1
L376H,-0.10263449152505,1
L376Y,-0.1661984871640499,1
N377F,-0.12258921216,1
N377A,-0.033725712313,1
N377C,-0.0897489016703,1
N377D,-0.1218666419249,1
N377E,-0.226132510154,1
N377H,-0.0259637646451,1
N377K,-0.06241180493565,1
N377I,-0.0006702180800636,1
N377L,0.0076288111948549,1
N377M,-0.1042718095001,1
N377P,-0.5351551449195,0
N377Q,-0.027554655299,1
N377R,-0.0538084884610999,1
N377S,-0.05716868637865,1
N377T,-0.04208433810305,1
N377V,-0.04312803874995,1
N377W,-0.8008239269580001,0
N377Y,-0.2219462064285,1
N377G,-0.03697126456615,1
L378T,-0.1746749782625,1
L378S,-0.607511070678,0
L378V,-0.0041892777688,1
L378Q,-0.7143789250779999,0
L378R,-1.0319159335545,0
L378W,0.03341915875381,1
L378A,-0.127270527047,1
L378M,-0.0175974086955,1
L378K,-1.020187892218,0
L378I,0.023286255384,1
L378H,-0.6152424606605,0
L378G,-1.06514358718,0
L378F,-0.01316833945445,1
L378P,-1.0677800363905,0
L378C,-0.10844424554545,1
L378D,-1.1542878692015,0
L378Y,-0.5848120058395,0
L378E,-1.11793014138,0
L378N,-1.029084053294,0
S379F,-1.0168959267355,0
S379D,-0.2436422904005,1
S379E,-0.294246174912,1
S379G,-0.01315073620755,1
S379H,-0.2612473374675,1
S379N,-0.02689707540565,1
S379P,-0.0755686251181,1
S379Q,-0.424787766684,0
S379R,-0.958109160985,0
S379T,-0.13293101006515,1
S379V,-1.1387242133875,0
S379W,-0.368745960751,0
S379Y,-1.026199840902,0
S379C,-0.10894762820245,1
S379A,-0.08344500204435,1
S379M,-0.523501728682,0
S379L,-1.029729140342,0
S379K,-1.2873127681035,0
S379I,-0.8492796983819999,0
R380K,-0.0830600958134499,1
R380N,-1.058372726065,0
R380P,-1.242512951945,0
R380Q,-1.0033524460824998,0
R380S,-0.963486542268,0
R380T,-1.2458478198899998,0
R380V,-1.04858068135,0
R380Y,-1.24088145694,0
R380H,-0.7871772695010001,0
R380M,-0.9266262407875,0
R380L,-0.9241902237255,0
R380I,-0.97163803626,0
R380A,-1.2955772142650002,0
R380G,-0.9179745435425,0
R380F,-1.27076128432,0
R380E,-0.9030548587045,0
R380D,-1.089935679995,0
R380C,-1.43107867845,0
E381A,-0.130295413157,1
E381Y,-0.5561602572355,0
E381W,-0.8748183409875,0
E381V,-0.3241472946895,0
E381T,-0.471347722076,0
E381S,-0.08947750523385,1
E381R,-0.654121253317,0
E381C,-0.08220307636845,1
E381P,-1.072902066923,0
E381N,-0.226454886822,1
E381M,-0.087555467948675,1
E381L,-0.197266295067,1
E381K,-0.7276422725914999,0
E381I,-0.278729164289,1
E381H,-0.07513796539465,1
E381G,-0.135923491402,1
E381F,-0.406575106295,0
E381D,-0.217540778956,1
E381Q,-0.0573236813031499,1
M382Q,0.0301085365201,1
M382N,-0.03679218833401,1
M382L,-0.06870224485765,1
M382K,-0.0846250771531499,1
M382I,-0.010809054167465,1
M382D,-0.0981178288496,1
M382G,-0.0310955101455,1
M382F,-0.1039869343023,1
M382E,-0.02121687146545,1
M382C,-0.0969669440153,1
M382A,0.0260737613863,1
M382R,-0.1379307443765,1
M382H,-0.04770942908935,1
M382S,0.0242512923680723,1
M382P,-0.919618510333,0
M382V,-0.04175990911945,1
M382W,-0.1056794842225,1
M382Y,-0.13567058898125,1
M382T,0.0512982941096999,1
L383V,-0.182671710408,1
L383W,-0.1330750437897,1
L383C,-0.1120717831973,1
L383Y,-0.13066733559645,1
L383D,-0.7452747905365,0
L383F,-0.0764981124371499,1
L383T,-0.042339893594285,1
L383G,-0.44596289709,0
L383H,-0.4162623899595001,0
L383I,-0.08132827224975,1
L383N,-0.4899209200145,0
L383E,-0.6568575469075,0
L383S,-0.193831817645,1
L383Q,-0.4644304106005001,0
L383M,-0.1245612727671,1
L383P,-0.2572803757815,1
L383A,-0.2023486518175,1
L383R,-0.6538034803855,0
L383K,-0.719800985208,0
Q384H,-0.122367532927,1
Q384I,-0.3674378203265,0
Q384K,-0.1752534032834999,1
Q384L,-0.184457118398,1
Q384M,-0.5086159334964999,0
Q384N,-0.0972944635942,1
Q384P,-0.1810517349345,1
Q384R,-0.1185189966715,1
Q384S,-0.1115831651915,1
Q384T,-0.151568274123,1
Q384V,-0.2172287973505,1
Q384W,-0.2803347746505,1
Q384A,-0.0823834754047,1
Q384G,-0.1223314041765,1
Q384F,-0.281882972903,1
Q384E,-0.634725906132,0
Q384D,-0.8082352470434999,0
Q384C,-0.0249622634715,1
Q384Y,-0.2087015720395,1
Q385L,-0.0353123390759499,1
Q385K,-0.1173785328993999,1
Q385I,-0.03442708937575,1
Q385H,-0.02126706815385,1
Q385G,-0.04538838651905,1
Q385M,-0.0558661870103499,1
Q385N,0.00764477038325,1
Q385E,-0.04914628469925,1
Q385D,-0.164298338021,1
Q385C,0.08437526413255,1
Q385F,-0.06279726203135,1
Q385P,-0.4742378617090001,0
Q385T,0.01114489659075,1
Q385S,-0.03107392696045,1
Q385A,0.0105292476348549,1
Q385V,0.0073241090603999,1
Q385Y,-0.20344015479,1
Q385R,-0.0620758606924,1
N386H,-0.0819979339828499,1
N386I,-0.10350496065925,1
N386K,-0.12905170293765,1
N386L,-0.06627697628805,1
N386M,-0.0012246189919999,1
N386P,-0.8069082826364999,0
N386Q,-0.0877382138671,1
N386G,-0.0519637065505,1
N386S,0.0015732995847499,1
N386E,-0.07938285750035,1
N386R,-0.1405935863869999,1
N386D,-0.0371808830788,1
N386C,-0.03241123431905,1
N386A,-0.048688420406725,1
N386W,-0.0506159743359,1
N386V,-0.04864531018,1
N386T,-0.02360716083255,1
N386F,-0.045123254795,1
N386Y,-0.0759532342866499,1
K387I,-0.0364933795112,1
K387W,-0.163929616821,1
K387Y,-0.142573023446,1
K387A,-0.02838680055435,1
K387C,-0.01637729639545,1
K387D,-0.09800743637335,1
K387E,-0.2126851117765,1
K387G,-0.1010043349882,1
K387H,-0.155513524705,1
K387L,-0.0261842110978,1
K387F,-0.09369825325365,1
K387N,-0.0956381883383,1
K387P,-0.122957092577,1
K387Q,0.004028832578215,1
K387R,-0.04260406957955,1
K387S,-0.0623769412695,1
K387T,-0.0359385812369,1
K387V,0.0177645398423849,1
K387M,-0.0525969544365,1
I388K,-0.6981322045180001,0
I388C,-0.0328384242791,1
I388D,-0.947458808221,0
I388E,-0.677014439945,0
I388F,-0.12224676383435,1
I388G,-0.1492076173965,1
I388H,-0.522746113219,0
I388L,0.0167035282100149,1
I388W,-0.1338925084559999,1
I388N,-0.409173271344,0
I388P,-0.1469002482775,1
I388Q,-0.3308865287325,0
I388R,-0.68805019787,0
I388S,-0.123713371681,1
I388T,-0.0296719469534,1
I388V,-0.0139412686177,1
I388Y,-0.1623619534314999,1
I388M,-0.03611802462295,1
I388A,0.000645553462322,1
M389N,-0.146347264083,1
M389L,0.00839896295325,1
M389D,-0.01941572048605,1
M389E,-0.224688276906,1
M389F,-0.0641953599813,1
M389G,-0.08011222571295,1
M389H,-0.08364843501935,1
M389I,0.04773063304354,1
M389K,-0.11418675338345,1
M389A,-0.0714278655575,1
M389C,-0.0506682581809499,1
M389Q,-0.09037824723255,1
M389R,-0.09198700806695,1
M389S,-0.08298214667585,1
M389T,-0.0648867876252499,1
M389V,0.0145088531607,1
M389W,-0.07496404408205,1
M389Y,-0.08059033521035,1
M389P,-0.12809616684615,1
K390Y,-0.1120243971425,1
K390W,-0.0920582069685,1
K390C,-0.11104687010915,1
K390A,-0.0213393324523,1
K390V,-0.0333394952815015,1
K390T,-0.06001586914785,1
K390S,-0.0763168901413,1
K390R,-0.0397310716219,1
K390Q,-0.0748302673011,1
K390N,-0.131356321271,1
K390P,-0.2919755278735,1
K390I,0.0007736087097,1
K390H,-0.03446879280521,1
K390G,-0.1148353205806,1
K390F,-0.01924991425945,1
K390E,-0.3571376031404999,0
K390D,-0.180947860381,1
K390L,-0.0746056039517499,1
V391P,-0.2861774721245,1
V391Q,-0.09673962102135,1
V391R,-0.3177776882715,0
V391S,-0.2443295121975,1
V391T,-0.2102779206745,1
V391M,0.03124974789565,1
V391L,0.02848326932605,1
V391K,-0.17864867866595,1
V391W,-0.0101319377447,1
V391H,-0.119078337401,1
V391G,-0.343764003992,0
V391Y,-0.223671641088,1
V391F,-0.285712029995,1
V391E,-0.539649394015,0
V391D,-0.8142087447480001,0
V391A,-0.1667996893665,1
V391I,0.0320747828035,1
V391C,-0.0560455481835,1
V391N,-0.343242995882,0
I392Y,0.002992081837965,1
I392D,-0.07895341756325,1
I392E,-0.04752314252155,1
I392F,-0.0857744392415,1
I392G,-0.0918316658846,1
I392H,-0.05043704562216,1
I392K,-0.01086515094095,1
I392L,-0.0110031927697,1
I392M,0.12106617738005,1
I392N,-0.0435418682876999,1
I392P,-0.254658222887,1
I392Q,-0.0149134500733,1
I392R,-0.0654882986262,1
I392S,0.00572980051312,1
I392T,-0.0050402844518999,1
I392V,-0.01268603213455,1
I392C,-0.0016172228248749,1
I392W,-0.0007259069332,1
I392A,0.016959326212985,1
R393V,-0.02890134962165,1
R393A,0.0055681879180999,1
R393C,-0.00230073270035,1
R393D,0.0107812498946599,1
R393F,-0.0137905016446,1
R393G,-0.00347934028754,1
R393H,0.0020430788068499,1
R393I,-0.0402762835944,1
R393K,-0.0091352161689,1
R393L,-0.01095840685836,1
R393M,-0.01737176031755,1
R393N,0.0211225745521199,1
R393P,-0.4106453672045,0
R393Q,0.02387833233215,1
R393S,-0.0345938622871849,1
R393T,-0.0227571491965,1
R393W,-0.013255666945085,1
R393Y,-0.0507936476983,1
R393E,-0.04035366516095,1
K394A,-0.0541372045462,1
K394W,-0.057989529174,1
K394V,-0.034181068743095,1
K394T,-0.036116104750695,1
K394S,-0.03618675316275,1
K394R,-0.0023569872923,1
K394Q,-0.0658318944422,1
K394Y,-0.08903602080735,1
K394P,-0.3773914891795,0
K394M,-0.0729669395800499,1
K394L,-0.166147658034,1
K394D,-0.260039750171,1
K394E,-0.401532747422,0
K394I,-0.11033347524355,1
K394H,-0.004339040795435,1
K394N,-0.0074606354048649,1
K394C,-0.023096634090915,1
K394F,-0.08406596566635,1
K394G,-0.0450444470172999,1
N395Y,-0.0845085376935,1
N395C,-0.038367344916925,1
N395D,-0.08589834741755,1
N395E,0.0692047521876499,1
N395F,-0.0232430758238499,1
N395H,-0.0050678703977499,1
N395I,-0.020920915618555,1
N395K,-0.13338365869114,1
N395L,-0.01361369401799,1
N395P,-0.0557110895835999,1
N395Q,0.0033929407014,1
N395R,-0.04617439943845,1
N395S,0.008539221483245,1
N395T,-0.008965636752815,1
N395V,-0.032159953139825,1
N395M,-0.04742289964775,1
N395A,-0.004502256690435,1
N395G,-0.00565670911425,1
I396Y,0.049234699414,1
I396W,0.005069384761165,1
I396T,-0.051046837059165,1
I396S,-0.0312749956844,1
I396R,-0.5189125277045,0
I396Q,-0.0457235214019,1
I396P,-0.0879811607119,1
I396N,-0.08576352416675,1
I396M,-0.0286462196707,1
I396L,-0.00658870747495,1
I396V,0.020084631765485,1
I396H,-0.0640464253513,1
I396G,-0.026560258717115,1
I396F,-0.1012101803847,1
I396E,-0.0347010384386,1
I396D,-0.0618174406977549,1
I396C,-0.0314036587919999,1
I396A,0.00427026003724,1
I396K,-0.1024713362354999,1
V397D,-0.022301713069925,1
V397E,-0.00365813918415,1
V397F,0.0092867187833,1
V397G,-3.30683197300001e-05,1
V397H,0.026000941672059,1
V397I,0.025386133110285,1
V397K,0.06860748976405,1
V397L,0.0012525966284799,1
V397W,0.03286069790605,1
V397N,-0.0073140224618,1
V397P,-0.08356306584235,1
V397Q,0.0369286299817,1
V397R,-0.0179145627765999,1
V397S,-0.0054109139806,1
V397Y,0.0262016420005,1
V397C,-0.08049365416648,1
V397M,-0.02152018828062,1
V397A,-0.0176934944278,1
V397T,-0.016873660615471,1
K398R,0.0147368136676839,1
K398C,0.030071496582395,1
K398Y,-0.0328608341588,1
K398W,-0.04787837505725,1
K398V,-0.0603286401183499,1
K398T,-0.00456081557531,1
K398S,-0.04675981747205,1
K398Q,-0.0057193522699,1
K398P,-0.2713689670605,1
K398N,-0.061078825482135,1
K398M,-0.0508817818427,1
K398I,-0.0609478708208999,1
K398H,-0.0821124242469,1
K398G,-0.0121286972252,1
K398L,-0.02191856091158,1
K398E,-0.383716393468,0
K398D,-0.219670625901,1
K398F,-0.1433004795115,1
K398A,-0.0381068995188,1
K399M,-0.0462301982733,1
K399A,-0.01730242784166,1
K399F,-0.08579023062475,1
K399E,-0.4443184505805,0
K399N,-0.1040707604788,1
K399D,-0.0834403224753,1
K399W,-0.161542671348,1
K399V,-0.06567118478825,1
K399T,-0.06558471812345,1
K399S,-0.03239426084035,1
K399C,-0.0179924732549749,1
K399R,0.007072850104,1
K399Q,-0.0494065841779999,1
K399P,-0.0254208958916,1
K399I,-0.0608214269620549,1
K399L,-0.03916142254185,1
K399H,0.02363747149265,1
K399G,-0.04889455999865,1
L400M,0.0245541680864,1
L400Q,-0.02302176929727,1
L400K,-0.0572659110249,1
L400P,-0.127483921279,1
L400S,-0.0359668179811999,1
L400N,-0.0267259656091,1
L400R,-1.002291085346,0
L400T,0.03377588333975,1
L400E,-0.004438050079345,1
L400W,0.0084019097961999,1
L400Y,0.0356193469399,1
L400G,0.001702456110245,1
L400F,-0.00095901839059,1
L400I,-0.01636311942915,1
L400D,-0.139293198983,1
L400A,-0.01501667573665,1
L400C,0.004014342542125,1
L400V,0.0058501091816499,1
L400H,0.0039003842743,1
I401L,0.0231099232714435,1
I401C,0.03872205226875,1
I401Y,0.00507049261535,1
I401W,-0.01419324457825,1
I401V,-0.01974450394484,1
I401T,0.00717656256027,1
I401A,-0.0001306969531499,1
I401R,0.009173780296565,1
I401Q,-0.0812438138616,1
I401P,-0.0342557501484,1
I401S,-0.00054119434765,1
I401M,0.0574641651760999,1
I401K,0.014817970342145,1
I401H,0.03303161948235,1
I401G,0.03368479448805,1
I401F,0.00328934394685,1
I401E,0.04020893677715,1
I401D,-0.03100569971675,1
I401N,-0.0006658694058999,1
E402V,0.01248351068733,1
E402T,0.01999173123415,1
E402S,0.004359565374375,1
E402R,-0.011220310873,1
E402Q,0.0020411119327,1
E402P,-0.02667962376071,1
E402N,-0.0408964865849999,1
E402M,0.0711519955576,1
E402H,-0.007032636498354,1
E402K,-0.063504729074,1
E402I,0.01509739945175,1
E402W,0.0452267918993,1
E402F,-0.0010588200715999,1
E402D,0.0491709933051999,1
E402C,0.05327120263155,1
E402A,0.013882433800325,1
E402G,0.0177850623636349,1
E402L,0.0251785042686,1
E402Y,0.03348263702355,1
A403C,0.0184221368288499,1
A403M,-0.0294610486356,1
A403V,-0.002389536974585,1
A403T,-0.0422459841563,1
A403S,0.00412720991359,1
A403R,-0.272315090792,1
A403Q,-0.0218984042805,1
A403P,-0.0298367096509,1
A403N,-0.053460302242,1
A403W,0.0004802223057999,1
A403D,0.07648263968425,1
A403K,-0.318788919098,0
A403I,0.02075899009645,1
A403H,-0.1015658146744,1
A403G,-0.02005788002905,1
A403F,-0.0988174680476,1
A403E,-0.04421263113865,1
A403L,-0.0508522980777999,1
A403Y,-0.06840701984835,1
F404Y,0.0070881830905849,1
F404T,-0.0356377960287249,1
F404C,-0.01189044529294,1
F404S,-0.0025225464083999,1
F404A,-0.01395080211806,1
F404W,0.0231493223628499,1
F404R,-0.649940614518,0
F404Q,-0.022240883864095,1
F404P,-0.0373281572826999,1
F404N,-0.0227357363013,1
F404M,-0.0491985823905999,1
F404V,-0.00787771523394,1
F404K,-0.0139269330427,1
F404I,-0.01169883208265,1
F404H,-0.04166170267615,1
F404G,-0.01180609329005,1
F404E,-0.0125596138879249,1
F404D,-0.164288944242,1
F404L,-0.007371368558,1
N405A,0.02561594794245,1
N405Y,-0.03655316627635,1
N405W,-0.0180012387162,1
N405V,0.03019140665115,1
N405T,-0.0062045796106499,1
N405S,0.0044733999513399,1
N405R,0.02014479720635,1
N405Q,-0.0044861063245175,1
N405L,-0.0181611410599,1
N405M,0.02510442196835,1
N405K,0.00506438087925,1
N405I,-0.00991118698,1
N405H,0.0333350540083804,1
N405F,0.0432644568861,1
N405D,-0.03784904094985,1
N405C,0.04011262614385,1
N405P,-0.0081782263794,1
N405E,0.028112031933835,1
N405G,0.015723192709885,1
E406H,0.0711105224694499,1
E406Y,0.01961053254415,1
E406D,0.07360483606285,1
E406C,0.06727482514895,1
E406A,0.0157249205658299,1
E406G,-0.0096802307620849,1
E406V,0.0187321880886749,1
E406T,0.027052502395605,1
E406S,-0.0400277961192499,1
E406W,-0.02278259680385,1
E406Q,-0.04181258429745,1
E406P,-0.02063612833205,1
E406N,-0.011209946351815,1
E406M,0.01217928922865,1
E406L,0.01806779636005,1
E406K,-0.0445216378908,1
E406I,0.0782120657167499,1
E406R,4.4539827699999375e-05,1
E406F,-0.01258430801165,1
I407P,-0.04609671440675,1
I407Q,-0.0942931117505,1
I407T,-0.03653097393185,1
I407S,-0.0534031534499499,1
I407N,-0.09054061319845,1
I407V,0.0349787857873,1
I407R,-0.0623413475166,1
I407M,-0.04870651130468,1
I407F,-0.1132082793693999,1
I407K,-0.08653322146195,1
I407H,-0.059893502486285,1
I407G,-0.0399345575489,1
I407E,-0.07697692950365,1
I407D,-0.13110121369485,1
I407C,0.041341637100803,1
I407Y,-0.1117321127555,1
I407A,-0.01149474700345,1
I407L,-0.05871045678465,1
I407W,-0.04185131495895,1
A408T,-0.0010008762037799,1
A408W,0.0037218491094,1
A408C,0.0261354541023,1
A408D,-0.00533841671715,1
A408E,0.0357604686963499,1
A408F,0.0140954104807,1
A408Y,-0.0887451776182,1
A408H,0.04366738184205,1
A408I,0.0147694145390999,1
A408K,-0.030214270322495,1
A408G,-0.01606265403473,1
A408N,-0.0182542296123499,1
A408P,-0.035209836131725,1
A408Q,0.0214193977767,1
A408R,0.00453155920192,1
A408S,-0.02371671919185,1
A408V,-0.021603759961095,1
A408L,0.0070397480061499,1
E409K,-0.1375246429890499,1
E409A,0.02556671415954,1
E409C,0.04250796768515,1
E409D,0.01825448894785,1
E409F,0.0177110242719999,1
E409G,0.0045661815077,1
E409H,0.017920584829185,1
E409I,-0.0375602351671999,1
E409L,-0.00385413179345,1
E409M,-0.0554419832507999,1
E409N,-0.0185543909018499,1
E409W,0.03083631808405,1
E409V,-0.0122273664347999,1
E409T,-0.0177305208896105,1
E409Y,-0.075431052608785,1
E409R,-0.03062556881215,1
E409P,0.03006171160915,1
E409Q,0.005403122263339,1
E409S,0.001266876907945,1
D410Y,0.0353665115678,1
D410W,0.0110882963054999,1
D410T,-0.0154177880047499,1
D410R,-0.0609767321306,1
D410Q,-0.0693053295164499,1
D410P,0.00752235347925,1
D410N,-0.12942288479355,1
D410M,0.02676725753615,1
D410V,-0.06598200104565,1
D410K,-0.0895888136905,1
D410L,-0.01921163763955,1
D410A,-0.0306905959457449,1
D410C,-0.0357678712549,1
D410E,-0.0242470608822,1
D410S,-0.015146880464,1
D410G,-0.0556183522848,1
D410H,-0.0370905040738,1
D410I,-0.03989971130535,1
S411K,-0.136717177362045,1
S411L,-0.0231786489766,1
S411M,0.0097085053606,1
S411N,-0.1415190792785499,1
S411P,0.0049732750227305,1
S411Q,0.00088204480445,1
S411R,0.00998013379,1
S411T,0.004871819783885,1
S411V,0.0244277252864,1
S411W,0.06940947404975,1
S411Y,0.0076593886455499,1
S411F,0.0216781636828685,1
S411E,-0.029540257088345,1
S411D,0.01375029052545,1
S411C,-0.024785617638,1
S411A,0.02683098656575,1
S411I,0.00471231720235,1
S411G,0.034318514410155,1
S411H,0.04713488433075,1
E412Y,-0.0480306392871,1
E412V,-0.02775470718575,1
E412T,-0.033096191757645,1
E412S,-0.0459096787555,1
E412R,-0.059192142170425,1
E412Q,-0.012460366221475,1
E412P,-0.02888910345875,1
E412N,-0.0474886865313,1
E412M,-0.01290225274475,1
E412W,-0.06625814863665,1
E412K,0.01292518216415,1
E412I,-0.0160854088889,1
E412H,-0.0360633061559225,1
E412L,-0.0213588326077,1
E412F,-0.0236052002573499,1
E412D,0.03038065316065,1
E412C,0.0332528283124,1
E412A,-0.0088959108765999,1
E412G,-0.0093676191639449,1
Q413L,-0.01778780679562,1
Q413M,0.003973049527455,1
Q413N,-0.011242914019955,1
Q413H,0.0253379004221,1
Q413G,0.03707428319635,1
Q413F,-0.077854694203465,1
Q413E,-0.008512055878555,1
Q413V,0.01682873438276,1
Q413W,0.0763625847343999,1
Q413T,0.0015235888899549,1
Q413S,0.03496647378355,1
Q413R,-0.0290629535809,1
Q413P,0.02446064778085,1
Q413A,-0.0115691414518799,1
Q413D,0.02461993219195,1
Q413Y,-0.01365467695927,1
Q413I,-0.0150260899839,1
Q413C,0.0036803941187499,1
Q413K,-0.05371973187915,1
F414T,-0.00129751512435,1
F414V,0.025494234606215,1
F414W,0.0040043424661499,1
F414Y,0.0244615485644,1
F414M,-0.0229124820055999,1
F414L,0.0039645115988,1
F414N,0.039366234039845,1
F414K,0.007937894626515,1
F414I,0.0010397137544999,1
F414H,-0.0229949535709,1
F414G,0.0052506081555499,1
F414E,0.0269579599105099,1
F414D,-0.0108775548076999,1
F414C,0.02634337629285,1
F414A,0.0737731204051,1
F414S,0.01067223695151,1
F414R,-0.0224499349351699,1
F414Q,-0.034622348117165,1
F414P,-0.0585700119546,1
E415D,0.0021234411750999,1
E415F,-0.01097362404323,1
E415G,0.04917993459255,1
E415H,-0.02267502754925,1
E415I,-0.027652920764,1
E415K,0.01258578637375,1
E415L,0.0051413797824849,1
E415A,0.0301380244325899,1
E415M,0.0094145194469,1
E415Q,-0.03472367257195,1
E415R,0.00107834067583,1
E415S,-0.0003358207596,1
E415T,0.01627044229575,1
E415V,0.0155656549352099,1
E415W,-0.0880794931199,1
E415Y,-0.0317154753275929,1
E415P,-0.0514259982263,1
E415C,-0.03269364194665,1
E415N,0.010718742453475,1
K416R,0.0225115484510999,1
K416P,0.0065297450881,1
K416N,0.066452886182,1
K416M,0.0138868689937,1
K416L,0.006778991411605,1
K416I,0.0290611979321,1
K416T,-0.010494715665075,1
K416V,0.0113216712558,1
K416Q,-0.02563102837295,1
K416S,0.04647755409875,1
K416G,-0.022714484983555,1
K416F,0.12983151127,1
K416D,-0.0436506081350499,1
K416C,-0.0015625786598,1
K416A,-0.004518459579217,1
K416W,0.026513604919935,1
K416Y,-0.0455204539837,1
K416H,-0.0285005378711499,1
F417W,-0.0873559451863999,1
F417V,-0.01939639535705,1
F417Y,-0.00578046614155,1
F417A,-0.02108727927215,1
F417C,0.0042396046715499,1
F417D,-0.485457254551,0
F417T,-0.01191541004815,1
F417I,0.02420832249465,1
F417E,-0.424083961221,0
F417G,-0.014467036236,1
F417H,-0.0175324374984,1
F417S,-0.04942159884475,1
F417R,-0.301605946439,0
F417Q,-0.12223075387755,1
F417P,-0.0593609055465999,1
F417N,-0.3498728790795,0
F417K,-0.3560431545615,0
F417M,-0.136703286379,1
F417L,0.03241004031995,1
Y418K,0.0046008375542,1
Y418L,0.0207150035477,1
Y418N,0.03185113796545,1
Y418P,-0.0726131745017999,1
Y418Q,0.026758351430205,1
Y418T,0.033520262871045,1
Y418S,0.04166340121005,1
Y418I,-0.00299563955225,1
Y418V,0.00170707846869,1
Y418W,0.0146786954714,1
Y418R,-0.00836247947356,1
Y418H,0.0265193818898,1
Y418A,0.0348911075887,1
Y418F,0.02735504057155,1
Y418C,0.06636931227085,1
Y418D,0.0167298882411,1
Y418E,0.0857438541856999,1
Y418G,0.00892774883069,1
S419N,0.0508752584372499,1
S419C,0.02438584264685,1
S419P,-0.0166826912081749,1
S419Q,-0.0345564277088,1
S419T,-0.025184245810975,1
S419M,0.03244991979945,1
S419A,0.0024787095202,1
S419V,0.0389673580248,1
S419W,0.0811211349394,1
S419Y,-0.1290289792189499,1
S419R,-0.0139325687075,1
S419L,0.024034243284305,1
S419D,0.0054988084069,1
S419I,-0.0125202926175499,1
S419E,0.0597057072251,1
S419F,0.00926867571315,1
S419K,0.01911369644045,1
S419H,-0.02067582016475,1
S419G,0.00620205491256,1
A420L,0.035951224564185,1
A420F,0.0440353412991699,1
A420G,-0.0294519356174,1
A420Y,0.00548283772105,1
A420W,-0.07707417549745,1
A420V,0.0351979209648,1
A420T,0.02028776484195,1
A420S,0.0048428467317,1
A420K,-0.02665161251545,1
A420R,-0.04415865443105,1
A420P,0.02313282976125,1
A420H,-0.0216758290584,1
A420I,-0.054997076915,1
A420D,-0.020745845806235,1
A420C,0.0038990120358899,1
A420N,0.0071026823964499,1
A420M,0.04596160807395,1
A420Q,-0.0185874811267499,1
A420E,0.01803151931699,1
F421L,-0.001781832417356,1
F421W,-0.108866042651,1
F421K,0.0005382923187999,1
F421M,0.0514394648244,1
F421N,0.017129978497155,1
F421P,-1.016203241566,0
F421Q,0.0336750699854,1
F421R,-0.0504864632558,1
F421S,0.00810693597,1
F421T,-0.011859964080895,1
F421I,-0.06064932219115,1
F421G,-0.0536314769409,1
F421D,-0.02493004682465,1
F421V,0.013903756353855,1
F421C,0.0071214389854319,1
F421A,-0.0064496147635449,1
F421Y,-0.0292223378967,1
F421E,-0.02589089209705,1
F421H,-0.03526210789815,1
S422A,-0.012486040408,1
S422C,0.016625643671515,1
S422D,-0.00098185647935,1
S422E,0.08012574775355,1
S422G,0.0437383095762499,1
S422F,0.0521794676932,1
S422I,0.010899461709555,1
S422H,-0.0704095677358,1
S422Y,0.0682818766061,1
S422W,-0.07969884198725,1
S422T,0.00725603811541,1
S422R,0.02090732163121,1
S422Q,-0.0163486798713,1
S422V,-1.3260844650000294e-05,1
S422N,-0.0497355412716999,1
S422M,-0.041477433500855,1
S422L,0.020086136723755,1
S422K,-0.02391713906792,1
S422P,-0.0148563211246049,1
K423I,0.00484335689695,1
K423E,-0.016598391004,1
K423L,0.0011111066118499,1
K423M,0.04409615537725,1
K423N,0.025655865492725,1
K423A,0.0319801761573999,1
K423D,-0.0742297893387999,1
K423F,0.0069662569426499,1
K423C,0.04205996476125,1
K423W,-0.0744122066852999,1
K423G,0.0218315297363,1
K423Y,-0.02912250963655,1
K423Q,-0.09400733538725,1
K423P,0.03015514169745,1
K423V,-0.0186272693879199,1
K423R,0.01527425196999,1
K423T,0.02645825134635,1
K423S,0.0177198077932,1
K423H,0.0176647938106349,1
N424G,-0.03490134828025,1
N424L,-0.1290831270819999,1
N424M,-0.08206896124522,1
N424P,-0.0507415034578,1
N424Q,-0.0121487844736,1
N424R,-0.007728082246805,1
N424S,-0.0078163390829,1
N424T,-0.01201582077195,1
N424F,-0.1118795735659999,1
N424V,-0.08516700273305,1
N424Y,-0.1574800543847,1
N424C,-0.14613694295265,1
N424K,0.0056544680945999,1
N424D,0.0334150894204499,1
N424E,0.04199425749195,1
N424I,-0.0698612099592499,1
N424H,-0.02012112086795,1
N424W,-0.1711920643175,1
N424A,-0.0857791658651,1
I425G,-0.0365720694371,1
I425P,-0.0063766857034849,1
I425M,0.05212461633,1
I425N,-0.024724102697,1
I425Q,-0.021857223738,1
I425R,-0.951320369965,0
I425S,-0.0104115510282499,1
I425L,-0.00138214811205,1
I425T,0.0056234246760859,1
I425V,-0.00337100227305,1
I425A,0.0039179308622499,1
I425Y,-0.015031077645215,1
I425H,0.041001458941095,1
I425C,0.04071927604505,1
I425D,-1.3855052282499998,0
I425E,-0.05785467884805,1
I425F,0.041531866012925,1
I425W,-0.0304308785880999,1
I425K,-0.03482689229665,1
K426T,0.04824158637675,1
K426S,0.0440173008867499,1
K426R,0.00346112531115,1
K426Q,0.0606966930279999,1
K426V,-0.0025141104707,1
K426G,0.0167479492339999,1
K426F,-0.0884370335297499,1
K426C,0.05453053999125,1
K426D,-0.07888645791655,1
K426E,0.03040318716745,1
K426N,0.0167683370435499,1
K426M,-0.0093978455173499,1
K426L,0.0507669258196,1
K426I,0.04913171060405,1
K426H,0.1214387102144999,1
K426A,0.04271227696575,1
K426P,-0.1402708726,1
K426Y,-0.258300938576,1
K426W,-0.2555532215725,1
L427Y,-0.0675282570309499,1
L427A,0.023592269303475,1
L427C,-0.00985062189919,1
L427D,-0.1230947696535,1
L427E,-0.09446005190465,1
L427F,0.021599374856265,1
L427G,0.0091883663495335,1
L427H,-0.00116630652395,1
L427I,0.014281572945245,1
L427K,-0.0570332741693499,1
L427M,-0.01807071908605,1
L427N,-0.02089309519165,1
L427P,-0.240201961952,1
L427R,-0.033852661073965,1
L427S,-0.01457744285035,1
L427Q,-0.04224031288685,1
L427V,-0.02891599469449,1
L427W,-0.1775877027965,1
L427T,-0.052944145010535,1
G428T,-0.0755549623594499,1
G428S,0.00606269343015,1
G428R,-0.287033631419,1
G428Q,-0.1181493939026,1
G428A,-0.02062105498015,1
G428C,0.00092329910869,1
G428D,-0.044501139430455,1
G428E,-0.1168028429505,1
G428H,-0.144745073212,1
G428I,-0.0557496320945,1
G428K,-0.345917725422,0
G428L,-0.131115619956,1
G428M,-0.0626224720428,1
G428N,0.0135733484124599,1
G428P,-0.159812719135,1
G428V,-0.0666638825934499,1
G428F,-0.0471006114350249,1
G428W,-0.03634106101445,1
G428Y,-0.147252753072,1
V429E,-0.0280642072807,1
V429F,-0.263335880969,1
V429G,-0.016571543914635,1
V429H,-0.302259329823,0
V429I,0.0218809281662,1
V429K,-0.2353351828285,1
V429L,0.0148464387142999,1
V429D,-0.1267145976895,1
V429M,0.0384654092707,1
V429P,-0.177245683577,1
V429Q,-0.1227351505713,1
V429R,-0.5176166221255,0
V429S,-0.00102934232615,1
V429T,0.07155453245165,1
V429Y,-0.3482513451735,0
V429N,-0.0600039040392499,1
V429C,0.01800052049085,1
V429W,-0.4216533861035,0
V429A,0.0221076927236999,1
H430T,-0.0003483465941999,1
H430C,-0.0150992870791499,1
H430Y,0.0130890138063,1
H430W,-0.0815431323706,1
H430V,0.0004056181024499,1
H430D,0.021198184058,1
H430E,-0.0214445400965,1
H430F,-0.0152435370878999,1
H430G,-0.0275047779538,1
H430I,0.01598488346546,1
H430L,-0.02728919678865,1
H430M,0.0669883745885999,1
H430N,0.01356320032565,1
H430P,-0.03217776756,1
H430Q,0.025053698981075,1
H430R,-0.0419564031676999,1
H430S,-0.00911020733855,1
H430K,-0.110391281555,1
H430A,-0.08673132022675,1
E431N,-0.11094723250685,1
E431P,-0.0579932575569,1
E431G,-0.0046385437716499,1
E431V,-0.06870821183305,1
E431T,-0.010554712170205,1
E431S,-0.044312393646505,1
E431R,-0.1550088605099999,1
E431Q,-0.0763469152530485,1
E431M,-0.04675106304885,1
E431L,-0.044590209199,1
E431K,-0.1046345226918,1
E431I,-0.01852006733057,1
E431H,-0.04715216293955,1
E431W,-0.0807079331875,1
E431Y,-0.0055173693449999,1
E431D,-0.0275137907158,1
E431C,-0.051336088374,1
E431A,-0.04854245316445,1
E431F,-0.10757809545805,1
D432K,-0.0239489626282,1
D432I,0.00635081040185,1
D432L,-0.00667509286633,1
D432H,0.03756563639214,1
D432G,0.0378058317214,1
D432F,0.00215753438105,1
D432E,0.037175820675,1
D432C,0.0354550674221,1
D432T,0.0208934819837,1
D432M,0.115624295871,1
D432N,0.00855465166585,1
D432P,-0.01570321835511,1
D432Q,0.03707337970415,1
D432R,-0.0161246792934,1
D432S,0.00615982886364,1
D432V,0.0522027668123,1
D432W,-0.057476415705225,1
D432Y,-0.03553293633475,1
D432A,0.02419447745977,1
T433I,0.06414474055165,1
T433A,-0.014337686629515,1
T433F,0.01634966703095,1
T433D,-0.03637088505835,1
T433E,-0.0234305572647449,1
T433K,-0.02572039177832,1
T433C,0.0228317118095,1
T433L,-0.014144408847705,1
T433Q,-0.01431810702183,1
T433N,0.01992989826274,1
T433P,-0.011656815325875,1
T433R,-0.0304468343474,1
T433S,0.0164439180011,1
T433V,-0.0031963524176565,1
T433W,-0.0249376816899,1
T433Y,-0.0742634312398,1
T433M,-0.05103959524263,1
T433G,-0.0078102046183,1
T433H,0.00815048328065,1
Q434K,-0.03458813899885,1
Q434I,5.422765380000069e-05,1
Q434A,0.000425940249795,1
Q434C,-0.01200394451889,1
Q434D,-0.0095257545879699,1
Q434E,0.02765498344045,1
Q434F,0.009915337907735,1
Q434G,0.005385895963035,1
Q434Y,-0.02761721386355,1
Q434W,-0.0138156535632,1
Q434V,0.003245885318741,1
Q434H,0.0005441415834999,1
Q434M,0.0417446369246,1
Q434N,0.05111144345102,1
Q434L,-0.008275225688455,1
Q434R,-0.0178889583660299,1
Q434S,-0.0168117550296999,1
Q434T,-0.005587187648805,1
Q434P,0.014536151797655,1
N435D,0.0016871649773,1
N435E,-0.012909612493931,1
N435F,-0.0270789635880499,1
N435Y,-0.054044001971695,1
N435W,0.0002085975085499,1
N435V,0.0030479093343195,1
N435T,-0.00931758257603,1
N435R,0.03517582088215,1
N435Q,0.06246909935695,1
N435C,-0.05574433853355,1
N435M,-0.0372490543573,1
N435L,-0.00396464390131,1
N435K,0.0136941360374,1
N435I,-0.01435830642021,1
N435H,0.0008137783441499,1
N435G,0.02239878212625,1
N435S,-0.00957910990168,1
N435P,0.0069773156060099,1
N435A,-0.0061445007831499,1
R436E,0.01108773871694,1
R436A,0.020232840689295,1
R436D,-0.0386856267238,1
R436Y,0.01882788929718,1
R436W,0.04565287285225,1
R436V,0.0318696544694,1
R436T,0.03812682282925,1
R436S,0.02675960517525,1
R436Q,0.0123470731442,1
R436P,0.0004432977838799,1
R436C,0.03132775890715,1
R436M,-0.00429662181415,1
R436L,0.00491131108855,1
R436K,0.0719385276185999,1
R436I,0.0109007451507999,1
R436H,0.004039244317725,1
R436G,0.0297209487850499,1
R436F,0.0255303403171599,1
R436N,0.00200263873325,1
A437M,0.1288279292604,1
A437Q,0.003956316628323,1
A437L,0.04679159810655,1
A437R,-0.00767973117225,1
A437K,0.0052160754445,1
A437I,-0.01703613277825,1
A437H,0.00804292503009,1
A437G,0.02258364418415,1
A437C,0.00252560124069,1
A437E,-0.00072824449594,1
A437D,0.03076796899302,1
A437S,0.00803788736449,1
A437T,0.005412965186335,1
A437V,0.011144792884375,1
A437N,0.02399781381155,1
A437W,0.02519133485705,1
A437F,-0.014262005538305,1
A437Y,-0.0077588718070499,1
A437P,0.013111511854665,1
A438G,0.01782076730785,1
A438F,-0.03852958147715,1
A438S,0.01224924690958,1
A438T,-0.00684867075068,1
A438V,0.0019933657609499,1
A438W,0.0008639710071499,1
A438Y,0.0248739316186,1
A438D,0.009277239220305,1
A438C,-0.0011611471764,1
A438E,0.03148239168875,1
A438Q,0.0413865259546999,1
A438H,0.0096688095043,1
A438I,-0.0139206992636,1
A438K,-0.00922281570719,1
A438R,0.01506746918635,1
A438M,0.01581804326495,1
A438N,0.0008601847728499,1
A438L,0.0015246023619999,1
A438P,0.0121166779664599,1
L439D,-0.0301957637296157,1
L439V,0.003873096600205,1
L439W,-0.06514480044835,1
L439S,0.02914602856819,1
L439R,-0.1648199837305,1
L439Q,-0.00593318991195,1
L439A,0.00914011339461,1
L439C,-0.0078643460067199,1
L439Y,0.00083302159635,1
L439T,0.0453432873252,1
L439E,-0.0197020371529,1
L439H,0.03585825556803,1
L439P,0.0035636919969499,1
L439N,0.12085278634995,1
L439G,0.0151128313217499,1
L439M,-0.001833831521,1
L439K,0.0628761643609499,1
L439I,0.0506423062976999,1
L439F,-0.0637651549469,1
A440F,-0.1394155355075,1
A440E,0.02952040906695,1
A440D,0.005138503201,1
A440C,0.03763352141177,1
A440Q,-0.0043594414128499,1
A440P,0.019807723712079,1
A440N,0.0620692937574,1
A440M,-0.04678029990785,1
A440L,-0.0695218228159,1
A440K,0.06347062084588,1
A440I,-0.0304258800107,1
A440G,0.0044319992650299,1
A440R,-0.1368106141245,1
A440Y,-0.419118582007,0
A440H,-0.332319105279,0
A440V,-0.0132640153665,1
A440T,0.00501008313535,1
A440W,-0.2716533142685,1
A440S,-0.000973447732525,1
K441D,0.0065923717205349,1
K441C,0.061939160763745,1
K441A,-0.0025420910810799,1
K441H,-0.013879818653785,1
K441I,0.0153736319613999,1
K441G,0.01722826727616,1
K441L,0.0059585557216,1
K441M,0.01981951704085,1
K441N,0.0354729258307,1
K441F,-0.01539192991483,1
K441P,-0.00862102465084,1
K441Q,-0.00269358412119,1
K441R,0.010235726972135,1
K441E,0.05877999327965,1
K441S,0.0058677544741,1
K441Y,-0.01886903452505,1
K441W,0.0118484092381499,1
K441V,0.011753633347675,1
K441T,0.01257360679255,1
L442F,-0.0131722963288,1
L442Y,0.013676000265,1
L442W,-0.07006673794972,1
L442V,-0.00085694126865,1
L442T,0.011256688603455,1
L442S,0.009708161464055,1
L442G,-0.0015754116543199,1
L442Q,-0.08539840143195,1
L442R,0.0308730055834,1
L442E,0.02512183561445,1
L442D,0.0013512697432499,1
L442P,-0.01524677806009,1
L442C,0.003100066674514,1
L442A,0.0070465706386549,1
L442H,-0.06889618457536,1
L442N,-0.1200333930855,1
L442I,-0.01158615760797,1
L442K,0.0422810699506,1
L442M,-0.02348808674665,1
L443Y,-0.0762252921719,1
L443P,-0.0129941330283,1
L443Q,0.002752714102215,1
L443R,-0.824151936626,0
L443S,-0.011776045195045,1
L443T,0.0310685026415999,1
L443F,-0.0196257669597,1
L443V,-0.01376297382544,1
L443W,-0.04904007798605,1
L443E,-0.130362137235,1
L443N,-0.07778797198765,1
L443C,-0.03495871105167,1
L443A,0.0194084347693135,1
L443H,-0.0472610117041,1
L443I,0.05175055865805,1
L443K,-0.4290879298025,0
L443M,-0.05702158878135,1
L443G,-0.000552732870265,1
L443D,-0.038410588832,1
R444K,-0.029627572461345,1
R444I,0.0465205897506449,1
R444L,-0.01088595657234,1
R444M,0.04457373992785,1
R444N,-0.0182339805590499,1
R444Q,-0.0434990119833499,1
R444S,0.017658462130275,1
R444T,-0.02277223017965,1
R444V,0.028498786979897,1
R444W,-0.02304363495155,1
R444Y,-0.0013560169472499,1
R444G,0.02102499892324,1
R444E,0.01100603453095,1
R444D,0.0790741585795,1
R444C,0.009763725247565,1
R444A,0.02565964169912,1
R444P,-0.1093908513463,1
R444F,0.0194666858306,1
R444H,0.014041726717535,1
Y445F,0.01314507028744,1
Y445G,-0.0035250118267999,1
Y445A,-0.0078599670533299,1
Y445C,-0.0093005024714699,1
Y445D,0.0310641813276,1
Y445H,-0.0415520410014899,1
Y445E,-0.03411393892635,1
Y445K,0.0007091897705999,1
Y445L,-0.01640251602255,1
Y445I,-0.05675069888685,1
Y445N,-0.00847313562135,1
Y445M,-0.0229941119954,1
Y445V,-0.0047189519849799,1
Y445T,-0.001404074195165,1
Y445S,-0.0323545546719,1
Y445R,-0.03088301979745,1
Y445Q,-0.005580773076,1
Y445W,0.0987370080074,1
Y445P,0.0069253682632299,1
N446S,0.007705994859415,1
N446W,-0.0229376986702,1
N446T,0.02713496985055,1
N446Q,-0.00345123983515,1
N446V,-0.0344673633562499,1
N446P,-0.01923610376625,1
N446M,0.0122928196652,1
N446R,-0.0054999905398,1
N446Y,0.004982213893045,1
N446H,0.05650686202915,1
N446K,-0.0202460216905999,1
N446I,-0.04593252458505,1
N446G,0.0057337056021,1
N446E,0.04206679286361,1
N446D,-0.047687928798,1
N446C,-0.01036024977786,1
N446A,-0.0172326564212949,1
N446L,0.01107503350653,1
N446F,-0.0972016093951,1
S447M,0.08337798703015,1
S447N,-0.05472533673763,1
S447P,-0.02478646172088,1
S447T,0.0349508893392,1
S447A,-0.01112390967435,1
S447R,0.0044766437962,1
S447Y,0.003803183618975,1
S447Q,-0.0292836291990999,1
S447L,0.00882326676822,1
S447I,-0.0123535818169,1
S447W,0.00835915727335,1
S447K,0.10332409811965,1
S447H,0.03415744916695,1
S447G,0.0263366397320499,1
S447F,-0.0501271067925,1
S447E,-0.00121970455285,1
S447D,-0.00624439292225,1
S447C,0.020573325937105,1
S447V,0.0260034674855,1
T448P,0.0462901543071999,1
T448Y,0.0113926559464749,1
T448W,0.013766178672,1
T448V,0.017870246117205,1
T448R,-0.004814658866765,1
T448Q,0.01128403600665,1
T448N,0.01737419393245,1
T448A,0.0107974308014649,1
T448K,0.027162932685,1
T448I,-0.0314030628769325,1
T448H,0.03377747676037,1
T448G,0.03661755717825,1
T448C,0.0415732408799,1
T448D,-0.03181225216955,1
T448F,-0.06720215467045,1
T448E,-0.0324728938494,1
T448L,-0.0069681451589999,1
T448S,0.01777650589534,1
K449Q,0.0365156778645,1
K449P,-0.015696211290705,1
K449Y,0.0047018776006499,1
K449W,0.007806074291364,1
K449V,-0.00282841638195,1
K449T,-0.0071201923528499,1
K449S,0.0161841320600499,1
K449R,0.0190593060843499,1
K449A,0.04287319381615,1
K449C,-0.01351408598795,1
K449D,0.012810395733,1
K449F,0.0688381995164,1
K449G,0.004672194319595,1
K449H,0.020780402940595,1
K449I,-0.00694662665781,1
K449L,-0.0038933022876479,1
K449E,0.0231663579334,1
K449N,-0.0094907570506,1
K449M,-0.04491835886415,1
S450L,0.013639504189612,1
S450K,-0.055368339936755,1
S450I,-0.006661433591438,1
S450H,-0.01335678828712,1
S450G,0.03107490284695,1
S450F,-0.011117194685535,1
S450E,0.0142674363107599,1
S450D,0.0192901826809,1
S450C,0.0876468224453499,1
S450A,0.003353343922145,1
S450P,-0.02122325011765,1
S450N,0.09200461504815,1
S450Y,0.02361880738965,1
S450W,0.0818484871108,1
S450M,0.02008210045735,1
S450V,-0.013518520964995,1
S450T,-0.0004208259349499,1
S450R,0.0006640398823999,1
S450Q,0.07895400852335,1
V451L,0.01980239474785,1
V451K,0.01479639883085,1
V451I,-0.0107932419440949,1
V451H,0.07328271001945,1
V451M,0.05163009906315,1
V451N,0.0518854873116,1
V451Q,-0.0679875154669,1
V451G,-0.0125338129162499,1
V451F,0.0179543894905,1
V451E,-0.00441544592965,1
V451Y,0.033674967172245,1
V451W,-0.03621735557505,1
V451D,0.018401525704235,1
V451P,0.01114426281385,1
V451C,-0.05540053852525,1
V451A,-0.02274929666865,1
V451T,-0.01082953846555,1
V451S,0.0076452712392,1
V451R,0.009602527162145,1
D452W,0.006499838204145,1
D452V,-0.0132526833049,1
D452T,0.0063679447842,1
D452S,0.006736369599675,1
D452Y,0.01720348204701,1
D452Q,0.016888542197161,1
D452P,0.003673123783655,1
D452N,0.00455095675515,1
D452R,-0.0012119373419999,1
D452A,0.002300669584835,1
D452C,-0.01455215143836,1
D452E,-0.0342163102852449,1
D452F,0.0079566193690999,1
D452G,0.0236323436772,1
D452H,-0.01724509395365,1
D452I,0.0724255433739999,1
D452K,0.03239248617025,1
D452L,-0.02172550824165,1
D452M,0.02961088331342,1
E453G,-0.0335791810943,1
E453I,0.0010482038025499,1
E453K,-0.0328608599592,1
E453L,0.0121520910686,1
E453M,0.0961483155129,1
E453N,0.0115351145548,1
E453P,0.0332534279236,1
E453Q,-0.0362928883674379,1
E453R,0.0144128421458,1
E453S,0.013756675212,1
E453T,0.0433090539186,1
E453V,0.00524997672985,1
E453W,0.05150894692665,1
E453Y,-0.05244798963665,1
E453F,-0.04813352990965,1
E453D,-0.0103089870665999,1
E453H,-0.0126278829535499,1
E453A,0.00476542903762,1
E453C,-0.05869353214565,1
L454E,-0.0535015287012,1
L454D,0.03745857147705,1
L454C,0.05335095872375,1
L454A,-0.02117886680135,1
L454I,0.0315079269685,1
L454K,0.01378142195091,1
L454V,-0.01555489935,1
L454N,0.03711249871555,1
L454P,0.00123309167244,1
L454Q,0.00124395221905,1
L454R,-0.01167747948705,1
L454S,0.000225628639925,1
L454G,0.013858498165615,1
L454T,0.03899126057375,1
L454F,-0.00195161468645,1
L454M,-0.12497013419915,1
L454W,-0.0213060246343,1
L454H,-0.0822455155223,1
L454Y,-0.02914631698525,1
T455V,0.01395560347945,1
T455C,0.00104530495875,1
T455A,0.0368567599133,1
T455S,0.0049833117021499,1
T455R,-0.0261834693746,1
T455Q,0.003219942208855,1
T455P,0.00215085144895,1
T455Y,0.00412160102745,1
T455K,-0.0912897057813,1
T455I,-0.0692042959448999,1
T455H,0.01812542089025,1
T455G,-0.0035581088344785,1
T455F,0.0517851328878,1
T455W,-0.0126659406462,1
T455L,-0.01058116712685,1
T455N,0.12112010592355,1
T455E,0.0936387487308,1
T455D,0.026819977082865,1
S456Q,0.0302572181742,1
S456P,-0.014986429276725,1
S456N,-0.0035306730420999,1
S456M,0.04594931859395,1
S456L,-0.01739368986535,1
S456Y,-0.0088220917194499,1
S456T,0.03386729793405,1
S456V,0.04857579679165,1
S456W,0.01806440962655,1
S456K,-0.00188031470445,1
S456I,0.0483192549246999,1
S456H,0.0402349511903,1
S456G,0.0063495711126,1
S456F,0.04775741819353,1
S456E,0.0376963381438,1
S456D,0.023481715187925,1
S456C,0.03643554564735,1
S456A,-0.0216805032511049,1
S456R,-0.0129900329377799,1
L457R,-0.3180637678765,0
L457Q,-0.0078851102267,1
L457G,0.021489303137805,1
L457F,-0.0497831694033,1
L457H,0.00355395030861,1
L457I,0.080902295913565,1
L457K,0.0049059484871499,1
L457P,-0.01551213554835,1
L457S,0.0393754900694499,1
L457Y,0.05436263607395,1
L457V,0.0561386660988499,1
L457W,-0.0251735095945,1
L457M,0.05358926750905,1
L457E,-0.02214034779235,1
L457D,-0.0791507609517,1
L457C,-0.04921100443805,1
L457A,0.011398205571795,1
L457T,0.0880578329792999,1
L457N,-0.0064560852281499,1
T458Y,-0.034591308509735,1
T458W,0.03400373123931,1
T458A,0.001996592901826,1
T458G,-0.0111885635669,1
T458C,-0.023927188141,1
T458H,-0.02962059251222,1
T458E,0.0616306756721999,1
T458V,-0.0259835636892,1
T458S,-0.02828348287555,1
T458R,-0.0179434393831999,1
T458Q,0.0294422166427,1
T458P,0.0093195321256,1
T458N,0.04043681010105,1
T458L,0.00562413658083,1
T458K,-0.0162944886026,1
T458I,0.0347352425457,1
T458D,0.0089529785423499,1
T458M,0.0491643087912,1
T458F,-0.00420596867175,1
D459F,-0.040814211316,1
D459C,-0.07958322019975,1
D459E,-0.0611668802099,1
D459G,-0.0385969124071,1
D459Y,-0.0693042394556,1
D459W,-0.0931345830803,1
D459V,-0.1063503010518999,1
D459T,-0.0397860571367,1
D459H,-0.03293314130377,1
D459R,0.0089797140961399,1
D459S,-0.00791164238405,1
D459Q,0.0032281040126,1
D459P,-0.0507698210766,1
D459N,0.0043869471502,1
D459M,-0.00825475574285,1
D459L,-0.035012972356025,1
D459K,-0.06236499025365,1
D459I,-0.0512627100986,1
D459A,-0.0189781730024049,1
Y460K,0.0170137459131499,1
Y460I,-0.02721641773715,1
Y460H,-0.03846978288585,1
Y460G,-0.0349701801164499,1
Y460F,0.012727836213,1
Y460E,-0.025074890614955,1
Y460D,-0.0340770904182,1
Y460N,-0.0730580145755,1
Y460A,-0.0175188665900999,1
Y460P,-0.0302649836394,1
Y460W,0.072818814897,1
Y460V,-0.00764045315328,1
Y460T,0.0117770581139,1
Y460S,0.02474564337955,1
Y460R,-0.01418229121301,1
Y460C,0.00422546117295,1
Y460Q,-0.02754288396376,1
Y460M,-0.0525827265859,1
Y460L,-0.0185683912370849,1
V461A,0.0250840281171,1
V461H,0.0218506035053,1
V461Y,-0.03716733130425,1
V461F,-0.0030752836917,1
V461E,-0.013305946697185,1
V461D,0.01890914208235,1
V461W,-0.050306497485,1
V461C,0.00073893952045,1
V461G,0.00639311692984,1
V461T,-0.00965334099534,1
V461R,0.00051294336906,1
V461Q,-0.01701730202105,1
V461P,0.00092890936805,1
V461N,-0.0299336668599249,1
V461M,-0.02070044335393,1
V461L,-0.0011458134261999,1
V461K,-0.017976630068,1
V461S,0.0097472901385499,1
V461I,-0.037634742068958,1
T462Q,-0.0036586038894999,1
T462Y,-0.03211521176815,1
T462P,-0.0371494007664,1
T462N,0.01409248084785,1
T462I,0.0093660044608,1
T462L,0.015284789544695,1
T462A,-0.006987670534015,1
T462C,-0.0263970527616,1
T462D,0.002165645637,1
T462E,0.0059096374708,1
T462M,0.01076187764525,1
T462S,-0.02432641447901,1
T462V,0.01731536419622,1
T462W,-0.02401868509765,1
T462F,-0.03745205228165,1
T462G,0.01341869605845,1
T462H,-0.0143116064056575,1
T462K,-0.0527232125471,1
T462R,-0.0067272871522499,1
R463Q,0.06819018860575,1
R463P,-0.0298205753622,1
R463S,0.010033313872035,1
R463Y,-0.03293166707442,1
R463V,0.0557416480467,1
R463W,0.0038502077057,1
R463N,-0.08587335900035,1
R463I,-0.04839488059275,1
R463H,-0.0270900521262999,1
R463G,-0.004339346515879,1
R463E,-0.0109519203877,1
R463D,-0.0626096377207,1
R463C,-0.03844833981672,1
R463A,0.01121956526719,1
R463T,-0.012378909894725,1
R463L,0.0107665737563499,1
R463F,-0.0415807084271,1
R463K,0.0131735612155,1
M464W,-0.0758677117058,1
M464Y,0.0248219397419,1
M464A,-0.0068738155964799,1
M464C,0.02914277024295,1
M464D,0.012443848218,1
M464E,-0.0207498439396,1
M464F,-0.0683659443855,1
M464G,-0.0132838082315899,1
M464H,0.0267448413062,1
M464I,-0.01062731835235,1
M464K,-0.00685178174945,1
M464L,-0.014076761956888,1
M464N,0.01963665030061,1
M464V,0.01245509101962,1
M464T,0.02247388334965,1
M464P,-0.03066428608635,1
M464S,0.0259019855751,1
M464Q,0.0635963345523,1
M464R,-0.01092594310654,1
P465N,-0.023177206962325,1
P465M,-0.042487986835,1
P465L,0.022235951084235,1
P465K,0.0078326259757,1
P465I,0.0124634399283,1
P465H,-0.0331661120937,1
P465G,0.0525856054303,1
P465F,-0.00897899637715,1
P465E,-0.0625149529111,1
P465D,0.0046675334297,1
P465C,0.06723614668295,1
P465A,0.0089278188812999,1
P465Y,0.01479771872705,1
P465W,0.017198897943625,1
P465V,0.01643810122054,1
P465T,-0.01381585191135,1
P465S,0.008116503626615,1
P465R,0.01759277656085,1
P465Q,0.002550666465135,1
E466Y,-0.0214865142118499,1
E466W,-0.034687509127575,1
E466V,-0.02360756644105,1
E466S,0.0278377395613,1
E466L,0.02832398829895,1
E466A,0.01522862014745,1
E466C,0.0268247683827,1
E466R,0.0211756085325,1
E466Q,-0.0012836440499499,1
E466D,0.08098090524235,1
E466P,0.029086086783,1
E466F,0.01084074459205,1
E466N,-0.01731604933376,1
E466M,-0.01387931001025,1
E466T,0.03288999604785,1
E466G,-0.0325816822546,1
E466H,0.02260929441355,1
E466I,-0.00862280430155,1
E466K,0.0006203389344699,1
H467R,-0.0131644572562,1
H467K,-0.06426712389805,1
H467T,-0.02929117477995,1
H467Q,0.0363079901250899,1
H467S,0.004655487420465,1
H467P,-0.019436186357445,1
H467W,0.0431589297801,1
H467M,-0.0263213051127,1
H467L,0.0498445064058499,1
H467I,-0.0095263703047,1
H467G,0.0053619295654799,1
H467F,-0.04618459751445,1
H467E,0.024157397927715,1
H467D,-0.0425404682662,1
H467C,0.015477710034745,1
H467A,-0.023954198190365,1
H467V,0.00784704872651,1
H467Y,0.0159639887771649,1
H467N,-0.086244983378195,1
Q468N,0.01444334600775,1
Q468P,-0.07199724888005,1
Q468M,-0.0204795958392,1
Q468L,-0.00423825796468,1
Q468C,0.03250691678455,1
Q468I,-0.008114336243105,1
Q468H,0.0328337346802,1
Q468G,0.0265937517715499,1
Q468F,-0.03288759014835,1
Q468D,-0.01734861854125,1
Q468R,0.0182954183617,1
Q468A,0.03861993844925,1
Q468K,-0.0304283305106,1
Q468S,0.03088554914145,1
Q468E,0.007716914239515,1
Q468V,-0.009185220093975,1
Q468Y,-0.03679458346865,1
Q468T,-0.0169187329441,1
Q468W,-0.05044384922185,1
K469G,0.01117965347865,1
K469E,-0.002990402310275,1
K469D,0.0048035896901,1
K469C,0.01377024419625,1
K469V,0.0141181411726049,1
K469W,0.03143108348959,1
K469A,0.01424576478361,1
K469R,0.00154942848145,1
K469Q,0.0442241231802,1
K469N,0.0252088571793199,1
K469M,-0.0188335090202,1
K469L,-0.0024199204016565,1
K469I,0.010681462037555,1
K469Y,-0.0204587928147999,1
K469H,0.00520240404045,1
K469S,0.00140742246475,1
K469F,-0.0412194992779499,1
K469P,-0.03678762581205,1
K469T,0.04483321526701,1
N470D,-0.0934345991485,1
N470E,-0.06308099385531,1
N470F,-0.0203433487567,1
N470H,-0.02976385373185,1
N470I,-0.0320755985334,1
N470K,0.0020028846718499,1
N470L,0.00377810945957,1
N470M,-0.10955409818055,1
N470P,-0.10078243657025,1
N470G,-0.0433131752404474,1
N470R,0.010415005775208,1
N470Y,-0.091390746707655,1
N470W,0.03811489021775,1
N470V,-0.0097177931144809,1
N470T,-0.01310554933925,1
N470Q,0.030553682032285,1
N470A,0.012781476148035,1
N470S,-0.0063451098311499,1
N470C,0.01137822160091,1
I471L,0.01226642096909,1
I471E,0.02408222304385,1
I471F,0.01540818406235,1
I471G,-0.01121211953294,1
I471C,-0.04227912152955,1
I471H,0.02083455257763,1
I471K,-0.03627490807945,1
I471D,0.0151278672217999,1
I471V,0.007017131953425,1
I471N,0.00912851713859,1
I471M,0.1049785148163049,1
I471Y,-0.03723221397461,1
I471W,-0.0268799034565,1
I471A,0.02301930932259,1
I471R,0.017791532217,1
I471S,0.02695253938205,1
I471Q,-0.028316506791,1
I471P,-0.1539326391004999,1
I471T,0.0014016260109499,1
Y472K,0.02431774053845,1
Y472I,0.02941663668025,1
Y472H,0.02813398984435,1
Y472A,-0.022188705123225,1
Y472C,0.009252740803385,1
Y472D,-0.02378626008505,1
Y472E,-0.239769319918,1
Y472L,0.00792829849816,1
Y472G,0.0189211156031,1
Y472S,-0.01191687130775,1
Y472W,-0.04070597581355,1
Y472V,0.02866112852565,1
Y472T,0.01825192143697,1
Y472F,-0.0437074221519499,1
Y472R,-0.3261511785825,0
Y472Q,-0.0290451095470999,1
Y472P,-0.035235708143045,1
Y472N,-0.0067337407085,1
Y472M,-0.0923691983413999,1
Y473T,0.0179450571182,1
Y473V,0.0002757346689199,1
Y473S,0.0221210192077999,1
Y473R,-0.0397151764627,1
Y473Q,0.008105728467,1
Y473W,-0.03117597687313,1
Y473P,-0.0548754127061,1
Y473M,0.0734453972507,1
Y473L,-0.001652448547315,1
Y473K,0.04696537873486,1
Y473A,0.018663564541805,1
Y473C,0.02269227645415,1
Y473I,0.0092251436126499,1
Y473D,-0.0328833264978,1
Y473E,0.00871154254325,1
Y473N,0.03026941007995,1
Y473H,0.0807489858782,1
Y473G,0.01656818547573,1
Y473F,-0.027026805811465,1
I474Y,-0.016532166696215,1
I474V,-0.0008463738227699,1
I474T,0.0439770736545,1
I474S,0.02023044116815,1
I474W,0.00572789668422,1
I474E,-0.01605426421685,1
I474R,-0.0932367133948,1
I474N,-0.00096482459585,1
I474M,0.0241567702453,1
I474L,-0.052826808438,1
I474K,-0.03057779135475,1
I474H,0.05666032658399,1
I474G,0.0221831470743,1
I474F,0.0624658251519,1
I474Q,0.0260312920547,1
I474D,0.0107808327591499,1
I474C,0.018405934133855,1
I474A,0.0230520879990499,1
I474P,-0.581997614248,0
T475C,-0.0187078633742,1
T475Y,-0.042851625437135,1
T475H,-0.03415875658995,1
T475D,-0.009502987597295,1
T475E,0.01627861495505,1
T475F,0.0300823154861,1
T475W,0.06807648201995,1
T475V,0.0119094672854,1
T475S,-0.0079698950667499,1
T475G,-0.5280834803665,0
T475R,-0.6520981965235,0
T475P,-0.038389977882265,1
T475N,0.0325622286569,1
T475M,0.1129890380794999,1
T475L,0.00224378297827,1
T475K,-0.1132849562921,1
T475I,0.02945815847275,1
T475Q,-0.0138070758599,1
T475A,-0.0919998027858,1
G476K,-0.4568384178335,0
G476T,0.0116474320502325,1
G476W,-0.0529954755903999,1
G476V,-0.1212390908456,1
G476S,0.04055925058045,1
G476R,-0.162695025671,1
G476Q,-0.10092549218675,1
G476P,-0.8385850996855,0
G476Y,-0.2421245082805001,1
G476N,-0.0276963142043,1
G476C,0.009462596970495,1
G476D,-0.0658920040925,1
G476E,-0.7635405964255001,0
G476F,-0.164193800108,1
G476M,-0.02472977575355,1
G476I,-0.217942681317,1
G476A,-0.0078820563856999,1
G476L,-0.236012968687,1
G476H,0.03650344443625,1
E477M,-0.037972503277885,1
E477R,-0.0255990177827999,1
E477Q,0.00046076929865,1
E477P,-0.017046621795315,1
E477N,-0.0138683606819499,1
E477V,0.0074516625005499,1
E477W,0.026855329739,1
E477L,0.01186848234105,1
E477K,0.01958051964385,1
E477I,-0.0133618844515499,1
E477H,-0.00793623170115,1
E477Y,0.0095433619510999,1
E477T,-0.0196020966781,1
E477G,0.007438483211095,1
E477F,-0.0204460564655,1
E477D,-0.0024322381671,1
E477C,-0.08743769650805,1
E477A,-0.0355939189726,1
E477S,-0.03064504702345,1
S478I,-0.02326666024665,1
S478H,-0.0328865239821,1
S478G,-0.0040842718773349,1
S478F,-0.01360202723565,1
S478E,0.0264021075897999,1
S478D,0.0016826674963,1
S478K,-0.001358958519475,1
S478R,0.0222681527107,1
S478Q,-0.0367178372929999,1
S478M,-0.041953739673995,1
S478N,0.0381626371814,1
S478P,-0.00014787359735,1
S478Y,-0.0004382081296999,1
S478A,0.0034096787244499,1
S478W,0.0285488634478499,1
S478V,0.00165748584775,1
S478T,0.015171271203435,1
S478L,-0.00400314382881,1
S478C,0.06189700543535,1
L479A,0.0360748953262,1
L479D,-0.006427299948885,1
L479C,0.0092678224544799,1
L479Y,0.02614274073315,1
L479W,-0.0433935069589999,1
L479V,0.0348899100252,1
L479S,0.0278000004310299,1
L479R,-0.014393013317075,1
L479Q,0.05575530475585,1
L479T,0.0051058508168499,1
L479N,0.06799380661775,1
L479M,-0.03533146971085,1
L479K,-0.00415883914015,1
L479I,-0.04246588483171,1
L479H,0.0751804866753,1
L479G,0.03724835835875,1
L479F,0.062299597766,1
L479P,0.01240787117505,1
L479E,0.0060736976895,1
K480Q,-0.053730796802225,1
K480Y,0.0108449313710805,1
K480W,0.0817094717017,1
K480V,0.0529706964632,1
K480T,0.01689684894395,1
K480S,-0.002050435432,1
K480R,0.03520596214395,1
K480P,-0.016126702072715,1
K480M,0.0656439345958,1
K480L,-0.0287740697569999,1
K480I,-0.012181551807375,1
K480H,0.0440531508435999,1
K480G,0.0223151322633699,1
K480E,0.03185952312015,1
K480D,0.08233382537765,1
K480C,0.0150570684715499,1
K480A,0.0392511127957,1
K480N,0.0301701128271,1
A481E,-0.0081966319857,1
A481F,-0.01979485969356,1
A481Y,-0.05694860088935,1
A481W,0.0122108894345,1
A481V,0.00096777375405,1
A481P,0.00807715668935,1
A481S,0.0066980629921999,1
A481R,-0.01612593228215,1
A481Q,0.0475378889081,1
A481N,-0.034604357536,1
A481G,0.0009621132216499,1
A481T,-0.011817895171785,1
A481C,0.03777814136565,1
A481D,-0.018422312767965,1
A481L,0.022982529348785,1
A481I,0.030886502413973,1
A481H,0.039641247192,1
A481K,0.04986089605325,1
V482G,-0.0137833799883,1
V482Y,-0.05179060859155,1
V482T,0.03913798777965,1
V482S,0.030225557656205,1
V482R,-0.007267168321045,1
V482Q,0.00792406209125,1
V482P,-0.380973124712,0
V482F,-0.0185154704549,1
V482M,0.041763457046097,1
V482E,0.0326441115002,1
V482D,-0.08869578354695,1
V482C,-0.03500396827145,1
V482N,-0.00388957253585,1
V482W,-0.3519743408699999,0
V482H,-0.1096462439475,1
V482I,0.00846834912565,1
V482K,-0.0881152155206499,1
V482L,0.03192342577883,1
V482A,0.023334761254475,1
E483D,-0.03804349333325,1
E483F,0.0087369115658999,1
E483G,0.01591509743685,1
E483H,0.0047330437953999,1
E483Y,-0.0269088588079,1
E483W,0.0013421637205,1
E483V,-0.01528593349825,1
E483T,0.03463475540205,1
E483S,0.0124764721359999,1
E483R,-0.00929800741523,1
E483I,-0.0037752151286499,1
E483L,0.01863806298555,1
E483P,-0.03260314038535,1
E483N,0.02382380534205,1
E483C,0.06099253273275,1
E483K,-0.0356278174251299,1
E483Q,0.02397856009695,1
E483A,-0.0380682574887,1
K484Q,0.038057965785,1
K484R,0.0111938490128499,1
K484S,-0.0090826379761499,1
K484T,0.01721861088808,1
K484V,-0.0015012613762999,1
K484W,-0.0153265858192,1
K484Y,0.02878090263905,1
K484L,-0.01798436773415,1
K484N,-0.03205956651775,1
K484M,0.0365590724917,1
K484I,0.00469046767435,1
K484H,0.07154405413775,1
K484G,0.03007954373574,1
K484F,-0.0863917627311999,1
K484A,0.04219414581695,1
K484C,-0.02082650965508,1
K484D,0.0929777241636999,1
K484E,0.052514987824,1
K484P,0.024297383268125,1
S485R,-0.0511153417346,1
S485Q,0.03066301892175,1
S485C,-0.01215544087345,1
S485A,0.0281846925276,1
S485Y,-0.1216408171394,1
S485W,-0.4667967151694999,0
S485V,-0.1000381023614499,1
S485T,-0.01939426064725,1
S485L,-0.0002657650116999,1
S485N,0.03339660759395,1
S485M,0.0520957339032999,1
S485K,-0.04752157081975,1
S485I,-0.0797185173712,1
S485H,-0.020358766276,1
S485G,0.0181084515592405,1
S485F,-0.08132093740775,1
S485E,-0.944048323909,0
S485P,-0.857183030846,0
P486V,0.0022797029102499,1
P486Y,-0.0630508861834,1
P486W,-0.0090907424581,1
P486T,-0.009057953345865,1
P486M,-0.01170777712485,1
P486Q,0.0062399955341499,1
P486N,-0.02533718760325,1
P486L,-0.0214169389066,1
P486K,-0.0326446346505,1
P486I,-0.00916608499505,1
P486H,-0.00916441033167,1
P486G,0.0313462683384,1
P486F,-0.01216120051295,1
P486E,-0.0381122251405999,1
P486D,-0.0269767397232,1
P486C,0.026346246163,1
P486R,0.0082628238432949,1
P486S,0.0046984457347,1
P486A,0.003851532014855,1
F487K,-0.3876490867585,0
F487C,-0.02842446875175,1
F487D,-0.7208267623479999,0
F487E,-0.6419551754105001,0
F487G,-0.158667750187,1
F487H,0.0114744212125,1
F487I,-0.0250284783042499,1
F487L,-0.0429834842604,1
F487A,-0.06105464069405,1
F487M,-0.0555787914433,1
F487P,-0.9815937792905,0
F487Q,-0.03360788329105,1
F487R,-0.352688219585,0
F487S,-0.01262103630725,1
F487T,-0.05474771693405,1
F487V,-0.0602316296755999,1
F487W,-0.0525127468423,1
F487Y,-0.01110322699252,1
F487N,-0.06170773912015,1
L488I,0.0232104647663,1
L488H,0.00345620314035,1
L488W,-1.311438977765,0
L488F,-0.03715376689475,1
L488E,-0.1241683504057,1
L488G,0.0167750057507299,1
L488M,-0.04542934623299,1
L488K,-0.015571736719238,1
L488P,0.05326149271615,1
L488N,0.04912660425545,1
L488A,0.007761443604775,1
L488C,0.0468437253875,1
L488D,-0.11534964546905,1
L488V,0.0002318698433249,1
L488T,0.00171397265088,1
L488S,-0.00584615128205,1
L488R,-0.0411926766252,1
L488Y,-0.1866857838798,1
L488Q,-0.02793135139743,1
D489S,0.01231406581217,1
D489T,-0.0223136910185999,1
D489R,-0.008358444189215,1
D489P,-0.04436798101105,1
D489N,0.0073053921881499,1
D489Y,-0.04499309975945,1
D489V,0.0065288625338699,1
D489L,0.01855221206814,1
D489M,0.0735340724297499,1
D489I,0.0090306159853,1
D489H,0.0239342658788,1
D489G,-0.009419290604535,1
D489F,-0.00792000876773,1
D489E,0.043805662125,1
D489C,0.07922623438185,1
D489A,0.00757105721796,1
D489K,0.0178161104433,1
D489W,-0.01732900769505,1
A490K,-0.0077369364300499,1
A490L,0.011039308743465,1
A490Q,0.0004074066113,1
A490I,0.059700891345765,1
A490R,-0.0287413794582499,1
A490N,-0.0505943208765,1
A490H,-0.010062488374235,1
A490S,-0.0112535232345,1
A490E,-0.0190652426789,1
A490D,-0.06276030318225,1
A490C,-0.0108449097709999,1
A490Y,-0.0645280823899999,1
A490T,0.0148455467171999,1
A490V,-0.01099288708038,1
A490G,-0.0149284310768245,1
A490W,0.0556558833531999,1
L491A,-0.0359907195558499,1
L491Y,-0.1020467583033,1
L491P,-0.0207330014895,1
L491Q,-0.0101908728237,1
L491R,-0.4642660232355,0
L491S,-0.0744755942953999,1
L491T,0.034110840693995,1
L491V,0.0202345959447,1
L491W,-0.0934126189433999,1
L491N,-0.0473644893893499,1
L491M,0.07641070927545,1
L491K,-0.2005743496841,1
L491I,0.08567134110845,1
L491H,0.0458693358269,1
L491G,0.022629240341955,1
L491F,-0.03426075472455,1
L491E,0.00438994559825,1
L491D,-0.8104913705445,0
L491C,0.03915668545555,1
K492D,0.0566192604248499,1
K492F,-0.03008942759265,1
K492A,0.01984141063415,1
K492E,0.00347845683195,1
K492C,-0.03963942379179,1
K492S,-0.02521184876905,1
K492P,-0.029184896821825,1
K492Q,-0.03918270137965,1
K492R,-0.012865179186625,1
K492T,0.0014834296371349,1
K492V,0.01861974754408,1
K492W,0.0246443269715,1
K492Y,0.01247928159401,1
K492G,-0.009108362657571,1
K492H,0.05990279102445,1
K492I,0.0476463398065,1
K492L,0.011144052541715,1
K492M,0.01510324607725,1
K492N,0.00657703123237,1
A493Y,0.10872722444205,1
A493C,0.01647431590853,1
A493W,0.07056826342495,1
A493S,-0.002829221665844,1
A493T,-0.0468293190396,1
A493R,0.010618466947505,1
A493Q,-0.02258245439345,1
A493P,0.0046891727267999,1
A493N,-0.01017335308615,1
A493M,0.001568235765,1
A493L,0.00423894346305,1
A493K,-0.0160629810281,1
A493I,-0.02543643887555,1
A493G,0.0206229490517599,1
A493F,-0.0219590106053,1
A493E,-0.0047449324866,1
A493D,-0.0195859795729399,1
A493V,-0.0074219706141,1
A493H,0.0076744139725,1
K494N,0.0330882696343999,1
K494M,-0.0739622087313,1
K494I,-0.0464032110071,1
K494H,-0.0021002494043,1
K494G,0.04315862663825,1
K494F,-0.0269237317068424,1
K494E,-0.01506193284525,1
K494Y,0.0083706687932,1
K494W,0.00229124110965,1
K494V,-0.009656472352955,1
K494T,0.04164038027125,1
K494S,0.01749556228295,1
K494R,0.04697419556025,1
K494D,0.00289887397765,1
K494C,0.00514678218135,1
K494A,-0.0053870572636999,1
K494Q,-0.04275178375345,1
K494P,-0.01245589512255,1
K494L,-0.008366066712775,1
N495W,0.02712155438125,1
N495L,-0.01874791741045,1
N495R,-0.015380735302095,1
N495S,0.02234746719478,1
N495T,0.0384901384499499,1
N495V,0.0304487090027999,1
N495M,-0.01843877125845,1
N495K,0.01012882685085,1
N495I,0.025515103870195,1
N495H,0.0169600295176,1
N495G,0.04446741660805,1
N495F,-0.0289780087515999,1
N495Q,-0.0416413643553,1
N495E,0.0239152304137,1
N495A,0.0081700623109499,1
N495C,0.0158645810570999,1
N495Y,-0.013429521830055,1
N495D,-0.0079220576410399,1
N495P,-0.03570289442995,1
F496S,0.001087486990885,1
F496H,0.0464767790733,1
F496K,-0.01125751727475,1
F496Q,-0.0033556215848,1
F496P,-0.7663610146525,0
F496N,-0.0074972346242999,1
F496M,-0.01045421560993,1
F496L,-0.004046364422545,1
F496R,0.02957658788075,1
F496V,0.02409883617612,1
F496A,0.03360178266463,1
F496T,0.06024642454255,1
F496D,0.05567777100623,1
F496E,-0.01194728864815,1
F496G,0.02803105861545,1
F496C,-0.0286630877855499,1
F496I,0.0040637160048499,1
F496W,0.012145107814505,1
F496Y,-0.0077066477027265,1
E497A,-0.00220389820569,1
E497C,0.0291442305487,1
E497D,0.0283794540285832,1
E497H,0.00583392431133,1
E497I,0.0601437169992499,1
E497K,-0.03315734303815,1
E497L,-0.022170871382557,1
E497M,-0.10201439159525,1
E497W,-0.014289414318635,1
E497F,-0.0052969800161999,1
E497G,-0.00591691462135,1
E497Q,-0.012474579738565,1
E497P,-0.021824083479165,1
E497T,-0.026684179938,1
E497Y,0.008631704297765,1
E497R,-0.0328388681182,1
E497S,-0.05554887939935,1
E497V,-0.0436772675968,1
E497N,-0.0227132240304949,1
V498T,0.0020317709771275,1
V498Y,-0.53754903455,0
V498R,-0.4535382481885,0
V498Q,0.015310891897478,1
V498P,-0.01702184695344,1
V498M,0.0207627482432,1
V498L,-0.009888858971535,1
V498K,-1.021591793181,0
V498I,0.03935952942875,1
V498N,-0.019550422165565,1
V498G,0.00416160630819,1
V498H,-0.1482228189684999,1
V498W,-0.841086881223,0
V498A,0.02204289564335,1
V498C,-0.038568076374875,1
V498S,-0.00252504505379,1
V498D,-0.0055818209074,1
V498E,0.044189712030515,1
V498F,-0.353090061011,0
L499A,-0.01001195298653,1
L499D,0.013327338499675,1
L499E,0.0364385443305999,1
L499F,-0.0280187553963499,1
L499G,-0.002817344925685,1
L499H,0.0502965276959,1
L499I,-0.04472446601605,1
L499K,-0.0212755996622,1
L499M,-0.0367947591237,1
L499C,0.03893196995205,1
L499P,-0.03786229485705,1
L499Q,-0.0247641408791999,1
L499R,-0.1101012818225,1
L499S,0.014919502356485,1
L499T,0.02348677839638,1
L499V,-0.0243605480352,1
L499W,-0.013426918991,1
L499Y,0.011105872567,1
L499N,0.02557392113506,1
F500A,-0.0277737943027285,1
F500C,0.0411925316332549,1
F500D,0.08209122985045,1
F500E,0.07437600790325,1
F500G,0.00394470268865,1
F500H,0.025407319827025,1
F500I,0.00018222968645,1
F500K,0.0906288562504,1
F500L,0.049924641912925,1
F500M,-0.0181094629397,1
F500N,0.0407756897916999,1
F500P,0.03606164925545,1
F500Q,0.0381700558286,1
F500R,-0.002553087216,1
F500S,0.036099568470705,1
F500T,0.0057835024755,1
F500V,0.04756737877685,1
F500W,0.0208172661343,1
L501Q,0.02754623459215,1
L501R,-0.0150437351501,1
L501S,0.036897831623475,1
L501Y,0.024720668050785,1
L501W,-0.02811187111115,1
L501P,-0.0114426406587299,1
L501T,-0.00884855912858,1
L501N,0.03933986358025,1
L501V,0.0251035140519,1
L501K,0.05292109258235,1
L501A,0.02044390112395,1
L501C,-0.0166161772287999,1
L501D,-0.0425017744958,1
L501E,0.0325064258212,1
L501F,0.02017700914665,1
L501G,-0.1255558291505,1
L501H,-0.0050344371493795,1
L501M,0.027235816388955,1
L501I,-0.07753069159555,1
T502C,0.0557990022952999,1
T502D,0.0298015331064999,1
T502F,0.0209059329919,1
T502G,0.03880087733575,1
T502H,0.0630378383009,1
T502I,0.0205553520051,1
T502A,0.0044902897493649,1
T502L,0.0422835819534,1
T502K,-0.02084694092415,1
T502Y,0.015632913651295,1
T502W,-0.0677309982211999,1
T502V,0.037512061056915,1
T502S,0.00629109309447,1
T502R,0.02517334473305,1
T502Q,-0.01792457018852,1
T502E,0.03964209420175,1
T502N,0.0173498035090499,1
T502M,0.164520571587,1
T502P,-0.0015410629068499,1
D503Y,-0.01686424488975,1
D503W,-0.09143444747525,1
D503V,-0.04287872229855,1
D503T,-0.02181524632146,1
D503S,0.0203176096585999,1
D503R,-0.0434758970646999,1
D503Q,0.0045702468100499,1
D503P,-0.1158005494868,1
D503M,-0.0018427728083499,1
D503L,-0.07789116917345,1
D503K,-0.0326691117023,1
D503I,0.018863321755415,1
D503G,0.005723141752715,1
D503F,-0.0588068487135,1
D503E,-0.0284334512475,1
D503C,-0.0121710916587,1
D503A,-0.05160799144685,1
D503N,-0.0161981828111,1
D503H,0.005340313890646,1
P504W,-0.1696653421545,1
P504A,0.0035358840112,1
P504Y,-0.09054923724555,1
P504T,0.0005442377883,1
P504V,-0.07594101041765,1
P504S,0.015484956760865,1
P504R,-0.0549542049601,1
P504N,0.044116713194555,1
P504M,-0.07343553946,1
P504L,-0.1278101589319999,1
P504Q,-0.02856801007964,1
P504I,-0.070369873781,1
P504H,-0.0466809811676999,1
P504G,0.02732837179335,1
P504F,-0.1668601158995,1
P504E,-0.02907465065775,1
P504D,-0.0007653007366999,1
P504C,-0.007610270066175,1
P504K,-0.0673033631766999,1
I505G,-0.01133964662328,1
I505A,-0.0362163396484,1
I505C,0.05020412666607,1
I505D,-0.203935360493,1
I505E,-0.137471928499,1
I505F,-0.10715077747735,1
I505H,-0.219012710269,1
I505S,0.0110791772845499,1
I505L,0.00241059141705,1
I505M,0.1000223158052,1
I505N,-0.09550260482035,1
I505P,-0.007629849767895,1
I505Q,-0.06120592254415,1
I505R,-0.312492015653,0
I505T,0.03863056134487,1
I505V,0.02400697073572,1
I505Y,-0.267404068246,1
I505K,-0.2643687229905,1
I505W,-0.1344765357938,1
D506M,-0.342147102384,0
D506N,-0.10700430460865,1
D506P,-0.461533868953,0
D506Y,-0.410579042038,0
D506W,-0.1947738646485,1
D506V,-0.415515893927,0
D506T,-0.3371918755495,0
D506R,-0.5392296588409999,0
D506Q,-0.529612485684,0
D506A,-0.1395053068655,1
D506S,-0.03441114783925,1
D506E,-0.1269728820207999,1
D506F,-0.2267468271035,1
D506G,-0.0621302564487,1
D506H,-0.2220201346685,1
D506I,-0.4461242956205,0
D506K,-0.6106979624185,0
D506L,-0.3864836802,0
D506C,-0.3032005305465,0
E507Q,-0.03189907544465,1
E507Y,0.02341001021426,1
E507W,-0.0528470204230999,1
E507V,-0.0191200166443369,1
E507T,-0.0594840913007,1
E507S,-0.02012428215695,1
E507R,-1.01413701101,0
E507P,-0.04538208009955,1
E507N,-0.0573225251717,1
E507C,0.00161356918785,1
E507M,-0.0345802711668499,1
E507D,0.0156214667643,1
E507F,0.0072289178025999,1
E507G,-0.01234062880735,1
E507A,-0.01974572261595,1
E507I,-0.056597530254,1
E507K,-1.272968525506,0
E507L,-0.0278857093005649,1
E507H,-0.06346048421105,1
Y508M,0.0598015674094,1
Y508T,-0.0336671727842,1
Y508S,-0.0447165055568499,1
Y508R,-0.223051894333,1
Y508Q,-0.10286409809805,1
Y508P,-0.019909950513601,1
Y508N,-0.05197205853115,1
Y508V,0.0129836413550499,1
Y508F,0.0149036890156999,1
Y508I,-0.0649644742955,1
Y508H,-0.06593724716715,1
Y508G,-0.043928387430019,1
Y508E,-0.16417862264,1
Y508D,-0.2105957351625,1
Y508C,-0.0612362947674199,1
Y508A,-0.0711965303066499,1
Y508K,-0.385616036053,0
Y508W,0.003095727050175,1
Y508L,-0.02124297579323,1
A509G,0.02641522648605,1
A509S,-0.01889241874095,1
A509F,-0.3137264754445,0
A509E,-0.2355477008710499,1
A509D,-0.02562445344,1
A509H,-0.363783440981,0
A509C,0.03043315872973,1
A509I,-0.12474180319585,1
A509K,-0.0635721407839,1
A509L,-0.1844009921599999,1
A509N,-0.3249407796515,0
A509T,0.0313781666914999,1
A509V,0.04846863147135,1
A509W,-0.3661378839665,0
A509Y,-0.3715993729725,0
A509P,0.0011250743388,1
A509Q,-0.1170828413278,1
A509R,-0.5617597630369999,0
A509M,0.0436039604013,1
F510Y,0.0491189201329,1
F510A,0.0053887788519,1
F510E,0.0432295319745899,1
F510D,0.0305801357307,1
F510G,-0.0033782633910999,1
F510H,0.010207190169,1
F510I,0.0015171162827999,1
F510K,-0.0074756266786149,1
F510L,0.0445306811088,1
F510M,0.04856896211105,1
F510N,-0.06799084349805,1
F510P,-0.01754048068481,1
F510Q,0.0158617744116,1
F510R,-0.0373996578043,1
F510S,-0.01305520204435,1
F510T,-0.0200130533025,1
F510C,0.0063604450016,1
F510V,-0.022387310465885,1
F510W,-0.05086674564175,1
T511M,0.0255236039443399,1
T511A,0.028951203122395,1
T511C,-0.0329367322841,1
T511D,0.0414018758934,1
T511L,-0.02772567567035,1
T511E,0.0476323136954,1
T511F,-0.0049450588347949,1
T511G,0.03014086769315,1
T511H,-0.0236152216293459,1
T511I,-0.0434787572268,1
T511K,0.02080581216893,1
T511Y,-0.03661756572585,1
T511W,-0.032047768917205,1
T511V,0.008429716015525,1
T511S,0.0291805010477925,1
T511N,-0.022310149248375,1
T511P,0.0023873863395999,1
T511Q,0.0232913640708589,1
T511R,0.004764609534446,1
Q512A,-0.031013418702575,1
Q512C,-0.001439604780485,1
Q512D,0.0022636498401341,1
Q512F,-0.0687589079909,1
Q512G,-0.02240229783285,1
Q512H,-0.01251430665475,1
Q512L,-0.00235547449757,1
Q512K,-0.02844333170905,1
Q512Y,-0.003154483901445,1
Q512M,-0.01872249347765,1
Q512N,0.0475204585846,1
Q512P,-0.0221346353729,1
Q512R,-0.01945857144635,1
Q512T,0.035601486253155,1
Q512V,0.0212438446945,1
Q512W,-0.01662625648235,1
Q512I,-0.033389010344365,1
Q512S,-0.06887008262945,1
Q512E,-0.0238382434780099,1
L513M,0.024586737600765,1
L513N,0.008508698075445,1
L513P,-0.0157365025955,1
L513Q,0.0515360397462,1
L513R,-0.1295377112896,1
L513S,0.02541826950175,1
L513T,0.0392803549593,1
L513V,-0.0014107118330499,1
L513W,-0.148311652458,1
L513Y,0.0809272696546,1
L513C,0.0355799291036999,1
L513D,-0.0974612127947,1
L513E,-0.0929576841602,1
L513F,-0.0309660855247,1
L513G,0.0312052115799,1
L513H,-0.0039081950655549,1
L513I,0.00710284565723,1
L513K,0.0194597453124304,1
L513A,0.0295528038065,1
K514C,-0.0135476244889499,1
K514A,0.0470752268542,1
K514D,-0.0080621643715,1
K514Y,-0.0478710919026695,1
K514F,-0.000212070551,1
K514G,0.0197737490560499,1
K514H,0.01087189975474,1
K514L,0.023579988971,1
K514M,0.00013202330115,1
K514N,-0.0107039432452999,1
K514P,-0.02013402799855,1
K514Q,0.0284310900979,1
K514R,0.010100920282575,1
K514S,0.0186145452972,1
K514T,0.01497042652845,1
K514W,0.008792719672295,1
K514E,0.02483920884191,1
K514I,-0.0916020967013,1
K514V,-0.03597514197165,1
E515W,0.01461386996048,1
E515A,-0.006857423070845,1
E515C,0.04480276146005,1
E515D,0.01465565933712,1
E515G,0.00842266880561,1
E515H,-0.04111814189725,1
E515I,-0.03390188048945,1
E515K,0.005841130764015,1
E515L,-0.0151052095734,1
E515F,-0.04962343702445,1
E515N,-0.00271062069065,1
E515P,-0.0009658983012675,1
E515Q,-0.0379166982864,1
E515R,-0.0205131304089,1
E515S,-0.01615571426595,1
E515T,0.0148373993938999,1
E515V,-0.012619590702085,1
E515Y,0.02052056949745,1
E515M,0.0692954731102,1
F516Y,-0.02144255463159,1
F516M,0.05722370927535,1
F516L,0.0246280061428,1
F516K,-0.00245633155115,1
F516I,7.135217007499988e-05,1
F516C,0.0478380432491,1
F516E,0.0553278147429,1
F516D,-0.0635963770152999,1
F516A,0.00455556171965,1
F516W,0.0289028052172,1
F516H,0.036502378441445,1
F516V,-0.010113673392375,1
F516G,0.040155815433,1
F516S,0.022603220383405,1
F516T,0.07289998753795,1
F516R,0.02404489474005,1
F516Q,0.0914404550099499,1
F516N,0.0015447203393879,1
F516P,-0.017105983520795,1
E517L,0.006863148303955,1
E517A,-0.011471416519665,1
E517I,-0.02507996317995,1
E517N,-0.0047722702796,1
E517H,0.0544949469509749,1
E517G,-0.0027435826666,1
E517V,0.04886948432105,1
E517T,-0.02247493718,1
E517S,1.2292717200000462e-05,1
E517F,-0.04173005590745,1
E517Q,0.0077409237753065,1
E517P,-0.02396453857375,1
E517K,0.0061823465072499,1
E517M,-0.0313653497707,1
E517R,0.013057083326455,1
E517C,0.0214727210220999,1
E517W,-0.01275126467235,1
E517Y,0.0285280417898499,1
E517D,0.0357779244442,1
G518Y,0.0167456941742999,1
G518W,0.0019721669734499,1
G518V,-0.05176501223935,1
G518T,0.015319213948295,1
G518S,-0.007243864694995,1
G518R,0.0032939462928499,1
G518E,0.0129146488070499,1
G518P,0.0070723435956499,1
G518F,0.0245300478918499,1
G518A,-0.028745477370655,1
G518H,0.0120394581144,1
G518I,-0.004447817827805,1
G518K,0.02135149213715,1
G518L,0.024669793963785,1
G518M,0.00330240225625,1
G518N,0.00945653790233,1
G518D,0.05669986459125,1
G518C,0.020997109514,1
G518Q,0.0200722385790999,1
K519V,-0.0508292152992,1
K519T,-0.01364190958741,1
K519S,-0.01024165792554,1
K519R,0.02595509942323,1
K519P,-0.00931796951705,1
K519Q,0.02255638532964,1
K519W,0.01889132321365,1
K519C,-0.003227685421265,1
K519M,0.02513920512532,1
K519L,-0.011116626425785,1
K519I,0.04385718078625,1
K519H,0.06099685533926,1
K519G,0.0066577361785,1
K519F,0.03053039269855,1
K519E,-0.0055582577029,1
K519D,0.018018360610085,1
K519Y,-0.012381471284545,1
K519A,0.02703405368304,1
K519N,0.02511524561985,1
T520S,0.0151847139237,1
T520R,-0.00418177285463,1
T520Q,-0.00350007861305,1
T520P,0.02279221584545,1
T520H,0.04366381353,1
T520M,0.01314862233755,1
T520L,0.00825734984023,1
T520K,-0.015063573224465,1
T520I,-0.05307936183235,1
T520N,-0.05873526496235,1
T520E,-0.0010832687250499,1
T520F,0.020102509552825,1
T520C,-0.01243105858203,1
T520A,0.01428012438108,1
T520G,0.0266187528934,1
T520V,0.0412617081713,1
T520W,0.00433665550241,1
T520Y,0.00597845650083,1
T520D,-0.001682229227405,1
L521A,0.02617462646432,1
L521D,0.09059254034195,1
L521E,0.013350959305825,1
L521F,0.0243244071600025,1
L521G,0.000457813914,1
L521C,0.018220042656235,1
L521K,0.0114454709943899,1
L521N,0.04558039948015,1
L521P,-0.02432015207405,1
L521Q,-0.015434584799535,1
L521R,-0.0221540363817,1
L521S,0.0118414439935,1
L521T,0.02882291499998,1
L521V,0.02285781581918,1
L521W,0.0325797430487,1
L521Y,-0.09427075086845,1
L521M,0.02373948307855,1
L521H,0.03474439142089,1
L521I,0.02427307616222,1
V522K,-0.02062484944415,1
V522I,0.0009577781721,1
V522Y,-0.0302846161988,1
V522A,-0.012645657972975,1
V522C,-0.0380354176647399,1
V522D,0.0117577739185549,1
V522E,0.00928619889315,1
V522F,-0.01712652655675,1
V522G,-0.00855745901725,1
V522T,-0.027048996893965,1
V522Q,0.01817279509455,1
V522W,0.03254725460795,1
V522L,0.0167657772167,1
V522H,-0.04372016386082,1
V522S,0.0383422920623,1
V522R,-0.017452864579855,1
V522M,-0.03287623844865,1
V522P,-0.015298398986845,1
V522N,-0.0053986239026,1
D523N,-0.0381893863299,1
D523P,-0.0433961114889,1
D523R,-0.852710437183,0
D523S,-0.0287526108625499,1
D523T,-0.00051431652938,1
D523V,-0.02802434672845,1
D523Q,0.0071015581379,1
D523W,-0.5950712806180001,0
D523Y,-0.2507836747505,1
D523A,-0.0324782968312,1
D523C,-0.0161965517751115,1
D523E,-0.0332181771531,1
D523M,-0.046058807898,1
D523F,-0.0957232366743,1
D523G,-0.06566606424695,1
D523H,-0.042334677183,1
D523I,-0.0426067204550999,1
D523K,-1.093496913565,0
D523L,-0.016195236265655,1
I524C,0.0406677852405749,1
I524Y,-0.776886393236,0
I524V,-0.0121654253740499,1
I524T,0.01725824546343,1
I524S,0.01293611301715,1
I524R,-1.029139725705,0
I524Q,-0.933706394961,0
I524P,-0.016019709583955,1
I524N,-0.0613537873644,1
I524M,0.04854047639178,1
I524L,-0.0008748724421999,1
I524K,-1.477613120825,0
I524H,-1.05703596499,0
I524F,-0.472108468249,0
I524E,-0.692589916291,0
I524D,-1.1263393873799998,0
I524A,0.0132339298103499,1
I524G,0.01389573285668,1
I524W,-0.9932536774585,0
T525A,0.0466825821688,1
T525W,-0.0727670513901,1
T525V,0.0270773585122215,1
T525S,-0.013718143468525,1
T525Y,-0.0293757202325049,1
T525R,0.019372481657235,1
T525Q,-0.011784377334,1
T525P,-0.578307464169,0
T525M,-0.02522688431705,1
T525N,-0.0074438259936,1
T525K,-0.05151918202394,1
T525I,-0.1147469616596,1
T525H,-0.0088456336151349,1
T525G,-0.0072352766813499,1
T525F,-0.06847628649465,1
T525E,-0.19506789308715,1
T525D,-0.11273463470325,1
T525L,0.0042451284793,1
T525C,-0.0026271945775,1
K526P,-1.01722698711,0
K526M,0.0286941587426,1
K526N,-0.053645436184155,1
K526F,-0.1348065978356999,1
K526S,0.0074873307416,1
K526E,-0.0472671054063,1
K526D,-0.7182393203390001,0
K526C,-0.01448727852115,1
K526A,0.01171144280943,1
K526R,-0.13418566427265,1
K526H,-0.0178436613905,1
K526G,-0.01910116973083,1
K526I,-0.0153047519155499,1
K526L,-0.02733958104645,1
K526Y,-0.1554653562885,1
K526W,-0.0219842137074199,1
K526V,-0.0117749805393999,1
K526T,0.022893824226825,1
K526Q,0.02770553168715,1
D527Y,-0.04109052608015,1
D527W,-0.007552825348,1
D527V,-0.012243921833625,1
D527T,-0.016763864524415,1
D527P,0.0213649700332,1
D527N,-0.00990878848225,1
D527R,-0.01604472518785,1
D527M,0.01529149940024,1
D527L,-0.014699498603025,1
D527S,0.00314423392515,1
D527I,-0.0089392438313499,1
D527H,-0.03083631970783,1
D527G,-0.0242691085284,1
D527F,0.0113721718965599,1
D527E,0.0202700401707,1
D527K,0.0372032986893,1
D527C,-0.0268610586443,1
D527Q,-0.03291995560908,1
D527A,0.02715105995115,1
F528K,-0.4110656586704999,0
F528W,0.04325707365555,1
F528V,-0.0731405390002,1
F528T,-0.0783628441475,1
F528S,-0.06492408451875,1
F528R,-0.1819978761485,1
F528Q,-0.10153282765035,1
F528P,-0.9160092770495,0
F528L,-0.0231809007746349,1
F528M,0.03870076532546,1
F528Y,-0.0079095099991999,1
F528N,-0.0541587522132999,1
F528I,-0.09085047247175,1
F528A,-0.1237471927615,1
F528C,-0.1270930874017,1
F528D,0.0016400992778,1
F528E,-0.05665931714905,1
F528G,-0.0609078129306,1
F528H,-0.0264777694682,1
E529V,0.02293676690935,1
E529T,-0.02314889461465,1
E529S,-0.0030263355845999,1
E529R,-0.0115351921918999,1
E529Q,0.0591272020601,1
E529P,0.011687635748675,1
E529N,0.019888930806355,1
E529D,0.03493080395295,1
E529L,-0.03232667160565,1
E529K,-0.0087652175653555,1
E529C,0.0009177910283599,1
E529I,0.040991849831445,1
E529H,0.038235810651033,1
E529G,-0.0149591372498069,1
E529F,0.0473727958539,1
E529M,-0.0046832211025999,1
E529A,0.01301943122521,1
E529Y,0.0546284119769,1
E529W,0.06731639353717,1
L530Y,0.0005353977166499,1
L530T,-0.05401256509255,1
L530S,0.01345065200945,1
L530R,-0.05535050495085,1
L530Q,0.0363895199239499,1
L530P,-0.05577535560225,1
L530N,-0.073976938337,1
L530M,-0.0416240084203,1
L530K,-0.11335519425575,1
L530I,-0.03317028175535,1
L530H,-0.05071551058105,1
L530G,-0.05225877938985,1
L530F,-0.0145432743592,1
L530E,-0.0125955658206999,1
L530D,-0.016266369744084,1
L530C,-0.01421628990725,1
L530A,0.0015144368415,1
L530V,-0.0436404658780999,1
L530W,-0.0498822112206,1
E531P,-0.04480846264435,1
E531Q,0.03260432783785,1
E531R,-0.03244177899795,1
E531S,-0.0320242858179,1
E531T,-0.013148281149995,1
E531V,-0.0245339143780299,1
E531W,-0.04760540756945,1
E531Y,-0.0079007241023,1
E531C,-0.0592663362623,1
E531N,-0.0049600239338,1
E531M,-0.02819043736555,1
E531L,-0.03710185162025,1
E531K,-0.01211824563935,1
E531I,-0.04515723647715,1
E531H,-0.0711047168133,1
E531G,-0.01297218142684,1
E531F,-0.1101541972039,1
E531A,-0.026227823154515,1
E531D,-0.0659220690119,1
E532R,-0.03086400176445,1
E532S,0.00225505687757,1
E532Y,-0.0512651668665,1
E532V,-0.0453571894203,1
E532W,-0.10975789268385,1
E532Q,-0.021133197606,1
E532T,0.011452076622375,1
E532P,-0.0241523744980499,1
E532I,0.00513145546995,1
E532M,-0.0965810116121,1
E532L,-0.026243971658235,1
E532K,-0.03456389416732,1
E532H,-0.03510632114875,1
E532G,-0.02744417051375,1
E532D,-0.0486050494367,1
E532C,-0.0616005845219,1
E532A,-0.0005621871161999,1
E532N,0.03259533393364,1
E532F,-0.03608174563491,1
T533K,0.00497990134805,1
T533E,-0.02927554206375,1
T533D,0.0224537331104,1
T533F,0.0111603689824,1
T533G,-0.0047126777276999,1
T533H,0.0032140829917499,1
T533I,-0.0231811798427,1
T533Y,-0.024230095021475,1
T533C,0.0011001282395,1
T533W,-0.004112588414385,1
T533S,-0.025788214160475,1
T533R,0.00172515563105,1
T533Q,-0.0206135136242649,1
T533P,0.0012797024081499,1
T533N,-0.00971454005255,1
T533M,-0.0681504864652,1
T533L,-0.015039625961125,1
T533V,-0.0247650916313914,1
T533A,-0.026632348938725,1
D534A,-0.017598798862245,1
D534C,-0.00060388870015,1
D534W,0.0084669482965,1
D534E,0.01576766534625,1
D534F,-0.0560133656384,1
D534G,-0.0421857496224,1
D534H,-0.0405328535116,1
D534I,-0.04590821053665,1
D534Y,0.0230869413793,1
D534L,-0.04669890768205,1
D534M,-0.0081738915482999,1
D534K,-0.0019516306662,1
D534P,0.00725705034218,1
D534Q,0.011870472717305,1
D534R,-0.00913185837725,1
D534S,0.0062344864493,1
D534T,-0.02494175967055,1
D534V,0.01153079195599,1
D534N,-0.010491258707915,1
E535H,0.02551467576975,1
E535A,-0.00122531557025,1
E535C,-0.04955638141384,1
E535D,0.0093696501087,1
E535F,0.0124192782098,1
E535G,0.0008150460184049,1
E535I,-0.0065944161380399,1
E535Y,0.02315266357115,1
E535L,-0.0325987674062,1
E535W,0.00248754361165,1
E535V,-0.0191763498835999,1
E535T,0.0098850824995499,1
E535S,-0.0460884069828999,1
E535K,-0.0245477998049,1
E535Q,-0.0250900038359,1
E535P,0.0014673876124999,1
E535N,-0.00505378554135,1
E535M,-0.020381578938725,1
E535R,-0.03125660573425,1
E536Y,-0.05465685992095,1
E536W,0.0042104896313499,1
E536V,0.0247610687936929,1
E536T,-0.0167089384945499,1
E536R,-0.0317379335653,1
E536Q,0.032154946970375,1
E536P,-0.0468888714837,1
E536N,-0.017611904376595,1
E536M,0.0170131327450499,1
E536S,-0.02139828550115,1
E536K,0.008824956843285,1
E536I,0.0330991006463,1
E536H,0.0022924509053999,1
E536G,-0.010635791661095,1
E536F,0.00585134769,1
E536D,0.0217055529847999,1
E536C,-0.0214028902905925,1
E536A,0.0043144781365699,1
E536L,-0.0095890200876,1
K537S,0.0039948236096999,1
K537R,-0.0898996984785,1
K537Q,-0.13753186651865,1
K537P,-0.015912938260285,1
K537N,-0.0269815726187,1
K537L,-0.0114248792843,1
K537F,-0.009396285438285,1
K537H,-0.010551387141,1
K537G,-0.0075166677821099,1
K537C,-0.05037974867815,1
K537E,-0.03934905118085,1
K537A,0.0206694874797,1
K537T,-0.07644139702185,1
K537I,0.04896015396035,1
K537V,-0.0082663766595499,1
A538K,-0.0473408959564499,1
A538W,0.03152697441565,1
A538V,0.0023255472754285,1
A538T,-0.01989804937798,1
A538S,-0.0075886362938499,1
A538C,-0.0291806872857,1
A538D,-0.0070813727472749,1
A538E,0.0250394645523,1
A538F,-0.0292562037580999,1
A538G,-0.00753266150885,1
A538H,-0.00093067687135,1
A538I,-0.035529379284865,1
A538L,-0.020437994015312,1
A538M,-0.0897088421346999,1
A538P,-0.0256084310122499,1
A538Y,-0.0715975044563,1
A538N,-0.04308184112441,1
A538Q,0.06022392181915,1
A538R,-0.013599403558225,1
E539Y,-0.012964548963795,1
E539S,-0.0172524058809,1
E539R,0.0014298301358499,1
E539Q,-0.0007670665526499,1
E539W,-0.1087335225061499,1
E539N,-0.012567772655785,1
E539M,-0.03843986133175,1
E539L,0.00645332008965,1
E539K,-0.096399594909,1
E539I,0.0173085270306,1
E539H,-0.0137952017677099,1
E539G,-0.0266173799817749,1
E539F,-0.0402411789087,1
E539D,-0.0151217560560849,1
E539C,0.039138857747575,1
E539A,0.01363114826828,1
E539T,-0.0462181891835,1
E539V,-0.0342771039030999,1
E539P,-0.0313558653492,1
R540Y,0.0015242401812999,1
R540V,0.0034250788477499,1
R540T,-0.01249778328861,1
R540S,-0.0354946260274,1
R540Q,-0.0752705911606499,1
R540P,-0.0047431000888999,1
R540N,-0.01853884839775,1
R540M,0.013830043811035,1
R540L,0.00276539688855,1
R540K,-0.0871765383287,1
R540I,0.0111587796794,1
R540H,-0.0061107402967,1
R540G,-0.02396650274525,1
R540F,-0.0298251516782,1
R540E,-0.15102855760535,1
R540D,-0.0562902256157549,1
R540W,-0.0586966163434,1
R540C,-0.0377167220218499,1
R540A,-0.02607983992935,1
E541V,-0.017167468906905,1
E541A,-0.018998612238,1
E541C,-0.064943892176765,1
E541D,-0.023751364315,1
E541F,-0.0068438449579999,1
E541G,0.0020556891518499,1
E541H,-0.014114485767976,1
E541W,-0.0989034372516,1
E541T,0.00833330572175,1
E541S,0.020943774882445,1
E541R,0.00509014983713,1
E541Q,0.04585438217977,1
E541P,-0.02816529562723,1
E541K,0.0139493001090599,1
E541M,-0.02495839729214,1
E541L,-0.03719282687515,1
E541I,-0.00607488439955,1
E541Y,-0.08316778568555,1
E541N,-0.0117318445896065,1
K542Y,0.08975391971275,1
K542W,0.0423742321483,1
K542V,-0.05750822157995,1
K542T,-0.0464752784829999,1
K542G,-0.00956567689165,1
K542F,-0.00894723551265,1
K542E,-0.0147912463044,1
K542D,-0.0501481549491,1
K542S,0.01320297839615,1
K542A,-0.019647913186615,1
K542R,-0.017226331891,1
K542Q,-0.02314974087742,1
K542P,-0.1050168007062,1
K542N,-0.08427618891775,1
K542M,-0.0266571336428,1
K542I,-0.01549085587185,1
K542L,-0.008117201826145,1
K542C,-0.05781981507115,1
K542H,0.03538739625225,1
E543A,-0.05006290856965,1
E543C,-0.0298549472674999,1
E543N,-0.0182686148734,1
E543P,-0.05429142275975,1
E543K,-0.0496800818416999,1
E543D,-0.02068909918032,1
E543I,-0.0216165482352245,1
E543H,-0.017855705597645,1
E543M,-0.03307708995555,1
E543L,-0.01935718173984,1
E543Q,-0.02793974387732,1
E543F,-0.06766257184665,1
E543R,-0.022575203736,1
E543S,-0.02356133373371,1
E543T,-0.024668291802946,1
E543V,-0.002559715676375,1
E543Y,-0.05094070384675,1
E543G,-0.0013010857050499,1
I544K,0.05091161734585,1
I544L,0.0117763822142999,1
I544T,-0.0153515184877,1
I544F,0.0153694502873,1
I544E,-0.00574662002555,1
I544D,-0.03308816031327,1
I544C,-0.02121047799805,1
I544A,-0.02166312172605,1
I544V,-0.0030436520348,1
I544H,-0.0171447958432,1
I544G,-0.03560680161385,1
I544M,-0.009397107023645,1
I544W,-0.0610765286406499,1
I544Y,-0.011688919795885,1
I544S,-0.0309663320840499,1
I544R,-0.0011345544888999,1
I544Q,0.0105008906175,1
I544P,-0.00598384277545,1
I544N,-0.01614713347186,1
K545C,-0.0274380448184,1
K545Y,0.0087408044033999,1
K545A,-0.0008096804209,1
K545V,-0.0066900032321349,1
K545T,-0.0328481541319,1
K545S,-0.032844575346,1
K545W,0.0879961361922,1
K545Q,0.067316821328575,1
K545D,0.0206600273479,1
K545R,-0.0109202561642,1
K545F,-0.06232843694355,1
K545G,-0.018283661941565,1
K545H,0.0030349615633,1
K545E,-0.02777243386605,1
K545I,-0.02281325949865,1
K545L,-0.01833023679055,1
K545M,-0.02380868861507,1
K545N,-0.0421485107836999,1
K545P,-0.0188662172061,1
E546I,-0.05684369671415,1
E546A,-0.0033158466471,1
E546C,-0.02369135820525,1
E546D,0.015771329863015,1
E546F,-0.05523394801435,1
E546G,-0.01504331284745,1
E546H,0.0382554225206,1
E546R,-0.0103301829402,1
E546K,-0.0367439198777,1
E546S,-0.01624620127175,1
E546M,-0.029284335035595,1
E546L,-0.02051494278083,1
E546Y,-0.04347542141715,1
E546W,0.10132966888402,1
E546V,-0.0105968140053,1
E546T,-0.0113802272047,1
E546P,-0.0145972110736849,1
E546N,-0.04717988864248,1
E546Q,-0.0376021915123,1
Y547S,-0.023170139375095,1
Y547T,-0.0200808171876,1
Y547V,0.0038241938681455,1
Y547W,-0.0683946273545,1
Y547P,-0.03428465856572,1
Y547M,-0.0011434279697999,1
Y547L,-0.0186437436023499,1
Y547R,0.0037993998977,1
Y547A,-0.0435218700772,1
Y547C,-0.00899116222495,1
Y547N,0.03787601625195,1
Y547E,-0.02518205839025,1
Y547D,-0.0480651475708,1
Y547K,-0.042359201171035,1
Y547I,-0.037393431399399,1
Y547H,0.02365901108808,1
Y547G,-0.06498769949275,1
Y547Q,-0.09851482702835,1
Y547F,-0.0293657665304,1
E548I,-0.020210066065545,1
E548D,-0.0046062139850699,1
E548F,-0.0311089563081,1
E548G,-0.027287531079115,1
E548H,0.00862844623395,1
E548Q,-0.0507615173938999,1
E548P,-0.03354705787955,1
E548A,0.00500122500575,1
E548N,-0.02753058125432,1
E548L,-0.0572075751845,1
E548K,-0.03730967162615,1
E548R,-0.001730141285825,1
E548S,-0.0210663648178499,1
E548T,-0.0211297676194249,1
E548V,-0.0494739756046,1
E548W,-0.046494374928205,1
E548Y,-0.05568921737985,1
E548M,-0.04106687487245,1
E548C,-0.03438729910561,1
P549S,-0.031118440489325,1
P549R,-0.0047936523947999,1
P549W,0.0596789957562999,1
P549K,0.0079843367556549,1
P549Y,-0.01208724627148,1
P549I,-0.00966314157745,1
P549H,0.01779932836965,1
P549G,-0.03325007101435,1
P549F,-0.0787569979258999,1
P549E,-0.0309468912645,1
P549D,-0.00638516044735,1
P549M,0.06276688920598,1
P549C,-0.01395486784923,1
P549N,0.0115144207821999,1
P549Q,0.0165582143265499,1
P549A,-0.0156943685624999,1
P549T,-0.017139901982355,1
P549V,-0.01889333143175,1
P549L,-0.01908721936815,1
L550A,-0.00937145176443,1
L550C,-0.02412308688434,1
L550F,-0.00196770729095,1
L550D,-0.03156119828207,1
L550E,-0.0249734465234,1
L550G,-0.03766518480965,1
L550P,-0.0107396380487,1
L550I,-0.015236654934895,1
L550K,-0.020752184553715,1
L550M,-0.07498283690945,1
L550N,-0.00362109092845,1
L550Q,-0.0220765179587099,1
L550R,-0.05662881846025,1
L550S,-0.024496363562,1
L550T,-0.025381945893235,1
L550W,-0.01527373771568,1
L550Y,-0.0127311224631999,1
L550H,-0.11057864684085,1
L550V,-0.05723828744648,1
T551A,-0.0444256196679,1
T551M,-0.048549683244,1
T551R,-0.024096335570905,1
T551Q,0.02949370494355,1
T551P,0.0155194450319,1
T551W,-0.06254436062655,1
T551N,-0.03093932986395,1
T551Y,-0.0195063443462,1
T551L,-0.00423759528723,1
T551K,0.1129791304028,1
T551I,-0.01412845191477,1
T551H,-0.00532206835505,1
T551G,-0.03025715348675,1
T551F,-0.0247863751979999,1
T551E,-0.02574846849945,1
T551D,-0.0420901097081999,1
T551C,0.03188261601335,1
T551S,-0.0254499618775,1
T551V,0.02688502460155,1
K552C,-0.02870660634075,1
K552A,-0.00663480483655,1
K552Y,0.0153422882264549,1
K552N,-0.0203025109126999,1
K552V,-0.0110924247004605,1
K552M,-0.02997694678955,1
K552L,0.0134193540126,1
K552I,-0.0402936528194499,1
K552H,-0.034679607818444,1
K552F,0.0390831625647,1
K552E,-0.03221967087607,1
K552G,-0.02727290368822,1
K552P,-0.0039882135840599,1
K552Q,-0.00656237692015,1
K552R,-0.0269892633213,1
K552S,0.000975757105705,1
K552T,-0.012067350446975,1
K552D,0.0013915911879999,1
K552W,0.0117519454021,1
A553C,-0.0112949946187499,1
A553Y,-0.03472002060385,1
A553W,0.01410433905595,1
A553V,0.02017920730435,1
A553D,-0.007431302863885,1
A553F,-0.104293569708,1
A553R,-0.01433980377035,1
A553S,-0.006888508463205,1
A553T,-0.01672453309093,1
A553P,-0.02711488823795,1
A553N,-0.0147385540007999,1
A553M,-0.0922979837964,1
A553L,-0.02290534095195,1
A553E,-0.00213578325725,1
A553K,-0.03928394137285,1
A553H,-0.0277398875321249,1
A553G,-0.0026793451797999,1
A553I,0.00677966937265,1
A553Q,-0.012700621688146,1
L554W,-0.0540708194494,1
L554V,-0.01274950063615,1
L554T,-0.0244093681684,1
L554S,0.016298674000835,1
L554R,-0.9125603419225,0
L554Y,0.0174666740683,1
L554Q,-0.01376572179739,1
L554P,-0.9760221174905,0
L554C,-0.0534774041594,1
L554H,0.0046592440694999,1
L554G,-0.014131619065095,1
L554F,-0.0627073356072,1
L554N,-0.0437580840277799,1
L554K,-0.00377872695815,1
L554I,0.02422270858915,1
L554E,0.074360483519215,1
L554D,-0.1818740251664999,1
L554A,-0.0174468764634199,1
K555I,0.056497024999455,1
K555H,-0.0240669563872999,1
K555G,-0.05492720111865,1
K555T,-0.03554079670125,1
K555E,-0.012782603597285,1
K555D,0.02665093793645,1
K555L,-0.0504992919519,1
K555F,0.0085878300423,1
K555M,-0.0101650803753549,1
K555C,-0.0439486621711999,1
K555P,0.0012153704302499,1
K555Q,-0.04524170960515,1
K555R,-0.04789119333225,1
K555S,0.0127213233797999,1
K555A,0.0023748014057,1
K555V,-0.009884676077,1
K555W,-0.0063045880011105,1
K555Y,-0.0160850471974999,1
K555N,-0.0274251478492,1
E556S,-0.0165204429835999,1
E556R,-0.0504435604195,1
E556T,-0.01411320913985,1
E556A,0.0023627198257,1
E556C,-0.0055488915226,1
E556D,-0.0296654627738499,1
E556F,-0.0261007994238,1
E556G,-0.018527598508345,1
E556H,0.02268750855635,1
E556I,-0.026035963208025,1
E556K,-0.02751649725565,1
E556L,-0.0153421639962,1
E556M,-0.0045056306384,1
E556N,-0.01899514251588,1
E556P,-0.0194895970796,1
E556Q,0.0089992609526499,1
E556W,0.0008681747512499,1
E556V,-0.02135771062525,1
E556Y,0.0080322286735025,1
I557A,-0.0354549187437,1
I557C,-0.0305299806344,1
I557W,-0.016105689310565,1
I557K,-0.028053045818,1
I557H,-0.0012430470601899,1
I557G,-0.02369394659955,1
I557F,-0.0066006505959999,1
I557E,0.0287157091597,1
I557Y,0.02532867842265,1
I557M,-0.1303808707435,1
I557L,-0.0226054335185,1
I557P,-0.0022008656563499,1
I557D,0.034307466422035,1
I557V,0.01833341031923,1
I557T,-0.0025833195493,1
I557S,-0.0108966413472999,1
I557R,-0.0075369448141999,1
I557N,0.012362620917235,1
I557Q,0.0235883574821865,1
L558P,-0.1728863610729999,1
L558N,-0.0531358950711999,1
L558F,-0.0525044967454,1
L558K,-0.03275824288745,1
L558S,-0.0426282061470999,1
L558T,-0.0068103819380499,1
L558V,-0.0401368288645,1
L558W,-0.04954055692375,1
L558Y,0.05952781556235,1
L558I,-0.005506932516,1
L558H,0.0116817727071499,1
L558G,-0.00780758549505,1
L558Q,0.014597450859215,1
L558R,-0.2129075888154999,1
L558M,-0.0226933043429,1
L558C,-0.0003903495046449,1
L558D,-0.286581956537,1
L558E,0.008284153006855,1
L558A,0.0092454764292849,1
G559P,-0.0055144535490999,1
G559Q,-0.03313940970335,1
G559R,-0.0200111802742,1
G559S,-0.01544187441,1
G559T,-0.07187315936855,1
G559V,-0.02359754793273,1
G559W,0.0443940830849,1
G559Y,-0.057212361102935,1
G559N,0.02615006035565,1
G559L,0.01211991919276,1
G559K,-0.02210941049355,1
G559I,-0.0811209033963999,1
G559H,-0.0826499558575,1
G559F,-0.0536100539164,1
G559E,-0.028651329754865,1
G559D,0.0143193212513349,1
G559C,-0.04109897539965,1
G559A,0.00944435362049,1
G559M,-0.020014119075515,1
D560V,-0.0506270387194,1
D560Y,-0.0550739793370999,1
D560W,0.02635474953275,1
D560T,-0.004529500421365,1
D560I,-0.0076105572471599,1
D560R,-0.02234112395565,1
D560Q,-0.0007989720086499,1
D560P,-0.01597020402985,1
D560N,-0.0453753113407,1
D560L,-0.05241224488345,1
D560K,0.03770120497745,1
D560H,-0.0007826513431,1
D560G,-0.0244261248177249,1
D560F,-0.0134954418827999,1
D560E,-0.01300009949975,1
D560C,0.03984871171565,1
D560A,-0.02816085272535,1
D560S,-0.015536334760715,1
Q561M,-0.0114412011896,1
Q561P,0.0077491420878999,1
Q561C,0.0304133507541,1
Q561E,-0.0315811389587,1
Q561F,0.0277301456404,1
Q561G,-0.0416425241361,1
Q561H,-0.02125699276978,1
Q561I,-0.0631729770311,1
Q561K,-0.0060502907123,1
Q561Y,-0.01352540479775,1
Q561W,-0.065876891291,1
Q561V,-0.04132912972315,1
Q561L,-0.0200521526063,1
Q561T,-0.0016728592643,1
Q561S,-0.030567580453635,1
Q561R,-0.04179322522115,1
Q561N,-0.0148765586808,1
Q561D,-0.0052281889952,1
Q561A,0.02766551050005,1
V562A,0.003306153707965,1
V562Q,0.0271683720069,1
V562K,-0.0049895013311499,1
V562Y,-0.0158231651704,1
V562T,-0.01873475801495,1
V562S,-0.03892966686736,1
V562R,-0.03160330059886,1
V562P,-0.02773535588585,1
V562D,0.0756024515785,1
V562N,-0.01517936835924,1
V562L,-0.027584155519305,1
V562C,-0.0252974053331075,1
V562I,-0.0287518639120999,1
V562E,-0.00060193818145,1
V562F,-0.0176821462868,1
V562G,0.0136129502272,1
V562H,0.0074337345226,1
E563I,-0.04658935588935,1
E563G,-0.0072183574186,1
E563H,-0.04831058622915,1
E563F,-0.02114734896165,1
E563Y,-0.078155381691385,1
E563C,-0.0008427252386499,1
E563A,-0.03420711103518,1
E563K,-0.04677671004275,1
E563L,-0.01254388915625,1
E563N,-0.0589504923728,1
E563P,-0.02869862241345,1
E563R,-0.01617382487375,1
E563S,0.0031495233418,1
E563T,-0.0012364156523999,1
E563V,-0.0446339346024,1
E563W,0.0826224256097,1
E563D,-0.07206964993875,1
E563Q,-0.0281300100495,1
K564F,-0.00113877014025,1
K564R,-0.0237766407105,1
K564Y,-0.04229980132795,1
K564W,-0.1264375189899,1
K564V,-0.01165986118192,1
K564T,-0.0071409938498999,1
K564S,-0.0324654629962,1
K564Q,-0.06441318760435,1
K564P,-0.04044865969242,1
K564M,0.0062686693630255,1
K564N,-0.0061128078432,1
K564I,-0.0303322870325,1
K564H,-0.015404130276097,1
K564G,0.0083034761023999,1
K564E,-0.05389712572215,1
K564D,0.02293509878995,1
K564C,-0.03640803035425,1
K564A,-0.0099163530127,1
K564L,-0.04296850983535,1
V565Q,-0.132655061434,1
V565N,-0.02593349041705,1
V565P,-0.013707660632635,1
V565R,-0.5033642476915,0
V565W,-0.11764469042005,1
V565T,0.0154415781413999,1
V565Y,-0.0236343910479,1
V565M,0.00495154581685,1
V565S,-0.0046795370399999,1
V565L,-0.0134694078782999,1
V565E,-0.501094888605,0
V565I,-0.04005964411825,1
V565K,-0.8830571506189999,0
V565C,0.024088014593735,1
V565D,-0.6810320734635,0
V565A,0.0120068259909,1
V565F,-0.0418463004099499,1
V565G,-0.00540397130685,1
V565H,0.02106879578795,1
V566Y,0.0012951333543999,1
V566W,0.029273319343,1
V566T,-0.06456370621935,1
V566S,-0.0100323791883999,1
V566R,-0.03815343245415,1
V566Q,-0.04136981210155,1
V566P,-0.0021545093108999,1
V566N,-0.01839186392343,1
V566M,-0.0532005846267999,1
V566K,-0.006247942434895,1
V566I,0.006540789840825,1
V566H,-0.0392521362393,1
V566G,-0.0268849618158,1
V566F,-0.0710972484334,1
V566E,-0.07885165803875,1
V566D,-0.0095931328847,1
V566C,9.446701699000012e-05,1
V566A,-0.0061818291471,1
V566L,8.236961729999985e-05,1
V567M,-0.0113954658543,1
V567N,0.0806681793286499,1
V567T,-0.02667177903375,1
V567Q,-0.07469994762415,1
V567R,-0.05345640399655,1
V567L,-0.0030531661038999,1
V567P,-0.00636722717076,1
V567K,0.0225186100942,1
V567F,-0.0612427536357,1
V567H,0.0128194593191499,1
V567G,6.691876549999934e-05,1
V567E,-0.09419263411725,1
V567D,-0.02447307862236,1
V567C,-0.0429150918163349,1
V567A,-0.0598434016456499,1
V567W,-0.0408811412795,1
V567I,-0.0047066126681,1
V567Y,0.026423851537685,1
V567S,-0.0318723138569,1
S568L,0.0125727055857499,1
S568D,0.0054138512297999,1
S568E,-0.0473115970828,1
S568F,-0.05901653259085,1
S568G,-0.0782439054243,1
S568H,0.00665208348256,1
S568I,-0.0104960041477,1
S568M,0.0060923015796499,1
S568N,0.00425066327055,1
S568P,-0.050241670445,1
S568Q,0.031532277634005,1
S568R,-0.03319452597006,1
S568T,0.0162782632087,1
S568V,-0.06450990905675,1
S568W,-0.0579931771718,1
S568Y,-0.009663828485005,1
S568C,-0.04215768010195,1
S568A,-0.0790030843353,1
S568K,-0.0214979792565,1
Y569W,0.03950238638485,1
Y569V,-0.03019031855775,1
Y569C,-0.02277911443955,1
Y569D,-0.028047535892165,1
Y569E,0.04091849393185,1
Y569F,-0.03618735699155,1
Y569G,-0.019933942559565,1
Y569H,-0.0057894151712999,1
Y569I,-0.0691459613669499,1
Y569K,-0.0974325204036,1
Y569A,-0.0118526209207999,1
Y569T,-0.015925569118265,1
Y569L,0.025024229538665,1
Y569M,-0.05122979541825,1
Y569N,0.005145480971545,1
Y569P,-0.0256056561826,1
Y569Q,0.0399909207286999,1
Y569R,-0.0111980854501,1
Y569S,-0.0134902605588999,1
K570P,-0.05210590082355,1
K570Q,-0.0387434864745,1
K570R,-0.02823489862904,1
K570W,-0.0145072675557999,1
K570T,-0.02462349537646,1
K570V,-0.0038127501284149,1
K570N,-0.05801539427165,1
K570S,-0.0015642379250415,1
K570M,-0.0187704807105999,1
K570F,0.032126273019345,1
K570I,0.0010733439061,1
K570H,-0.03784018863105,1
K570G,-0.05167960285885,1
K570E,-0.06598916912095,1
K570D,-0.0083926026491,1
K570C,-0.03010943108315,1
K570A,0.0024391157017,1
K570L,-0.0401595492293,1
K570Y,-0.04229411825465,1
L571W,-0.0715116040351,1
L571Y,-0.354141383143,0
L571K,-0.0781552873071499,1
L571C,0.0007702298070145,1
L571D,-0.09063259983925,1
L571E,0.0125167579820699,1
L571F,-0.03682321303225,1
L571G,-0.0849254233446999,1
L571H,5.09213257875e-05,1
L571I,0.00641769902734,1
L571V,0.02449320891665,1
L571M,-0.019606951428,1
L571N,0.023383868839095,1
L571P,-0.02061293066218,1
L571Q,0.006949075729655,1
L571R,-0.0463725494808,1
L571S,-0.00916781735065,1
L571T,-0.0270274610457,1
L571A,-0.024449502948645,1
L572C,-0.00285707139635,1
L572D,-0.0737288728129,1
L572Y,-0.037097242626925,1
L572E,-0.01435125105788,1
L572F,0.0306886787686,1
L572G,-0.00499727433725,1
L572H,-0.00102598292635,1
L572I,-0.03149411585495,1
L572K,0.00249763174905,1
L572M,0.00999932641545,1
L572N,-0.09957155275185,1
L572P,-0.0218402396502,1
L572Q,0.0101795061373,1
L572R,-0.006132599980175,1
L572S,-0.00610565121235,1
L572T,0.0326643202592,1
L572V,-0.02090053065729,1
L572W,-0.0909537436208,1
L572A,0.00100153122135,1
D573T,-0.033463569675,1
D573S,-0.0451898553241,1
D573V,-0.0074958598539999,1
D573Y,-0.05818481743938,1
D573C,0.01937764360235,1
D573E,0.0191475928913,1
D573F,-0.0352131489021,1
D573G,0.01663859899662,1
D573H,-0.037663912483705,1
D573I,-0.02551687884685,1
D573K,0.027541457625905,1
D573L,-0.01628585837645,1
D573M,0.0065371364427999,1
D573N,-0.0391667120414,1
D573P,0.00231325493435,1
D573Q,-0.05558817130075,1
D573R,-0.0310911225564,1
D573W,0.0071590834966499,1
D573A,-0.0081230534064,1
A574Y,-0.0701019841986499,1
A574T,-0.01862260333087,1
A574D,-0.00207195945625,1
A574E,-0.0008815867522999,1
A574F,-0.0121713506598499,1
A574G,-0.0174788644019,1
A574H,-0.02956449337815,1
A574I,-0.04121559228335,1
A574K,-0.07535331506765,1
A574L,-0.0059334016024,1
A574M,-0.00906851172885,1
A574N,-0.03506907221235,1
A574P,-0.0207322584102599,1
A574Q,-0.0188131791665,1
A574R,-0.0384018826148499,1
A574S,-0.02345582195255,1
A574V,-0.0224492311661,1
A574W,-0.1290510285115,1
A574C,0.0015342048934999,1
P575Y,-0.01550107661625,1
P575A,-0.0305465620332,1
P575C,-0.0549558489116999,1
P575D,-0.0589970169316,1
P575E,-0.0258337230145999,1
P575F,-0.0465604104757,1
P575G,0.01595256400005,1
P575H,-0.025575113341435,1
P575I,-0.0016759107653499,1
P575W,-0.09247858733745,1
P575L,-0.007170484388255,1
P575M,-0.00050722493995,1
P575N,-0.01311816498885,1
P575Q,-0.09396144329405,1
P575R,-0.04814315205685,1
P575S,-0.013247627011315,1
P575T,-0.03673342944395,1
P575V,0.011446604822,1
P575K,-0.0432714564564,1
A576N,-0.0168217871607,1
A576P,-0.0504561573826,1
A576T,0.0050338339092849,1
A576R,-0.6821780598375,0
A576S,-0.0107514229370499,1
A576M,0.0710458912361099,1
A576Q,0.0016661937279499,1
A576L,-0.01872783976667,1
A576G,-0.04748987179475,1
A576I,-0.0514210519837499,1
A576H,-0.030759045196,1
A576F,-0.04415627594015,1
A576E,-0.138397851859,1
A576D,0.0169037209914,1
A576C,-0.01808862995005,1
A576V,-0.0398711058548,1
A576K,-0.218703689059,1
A576W,0.0096513650278999,1
A576Y,-0.0001022582113649,1
A577C,-0.02399577747552,1
A577Y,-0.130328590864,1
A577W,0.0471162358612,1
A577V,-0.0789074781991999,1
A577T,-0.021665336598955,1
A577S,-0.0004151884963499,1
A577Q,-0.0761616451794,1
A577P,-1.05732031788,0
A577N,0.02210348823825,1
A577R,-0.1090817862249,1
A577L,-0.1036264303897,1
A577M,-0.01319748740555,1
A577E,-0.1238281476218,1
A577F,-0.0409833718641,1
A577G,-0.00540240708775,1
A577D,-0.0035527236210499,1
A577I,-0.0802683410705,1
A577K,-0.924897297494,0
A577H,-0.03363776698372,1
I578K,-0.8472771388410001,0
I578C,-0.0017307147973999,1
I578D,-0.9026036414005,0
I578E,-0.7896546582430001,0
I578F,-0.0773735066657499,1
I578G,-0.10748249023215,1
I578H,-0.05610158900845,1
I578L,0.00678870185555,1
I578W,-0.135429432507,1
I578N,-0.05589465014795,1
I578P,-0.0862722037447999,1
I578Q,-0.06640978770695,1
I578R,-0.471218161082,0
I578S,-0.0009951541607649,1
I578T,-0.02571497281105,1
I578V,-0.03994696053955,1
I578M,-0.07411039548705,1
I578A,0.032906001463345,1
I578Y,-0.08969969431595,1
R579W,-0.6486582902545,0
R579G,-0.0940184540614499,1
R579F,-0.12463042157315,1
R579E,-0.9855407835825,0
R579D,-0.9529689127245,0
R579C,-0.08123307527755,1
R579A,-0.103705800993,1
R579H,-0.387769890726,0
R579K,-0.0823015629779199,1
R579I,-0.1120369404845,1
R579M,-0.02994881114425,1
R579N,-0.7767542630569999,0
R579P,-0.9225491426245,0
R579Q,-0.595195410745,0
R579S,-0.05300700249935,1
R579T,-0.0276108541630999,1
R579V,-0.0769663728135,1
R579Y,-0.096521332829,1
R579L,-0.09020086479805,1
T580Q,-0.0698235348186999,1
T580Y,-0.068349497328,1
T580V,0.0130899813182999,1
T580S,-0.010965356543045,1
T580P,-0.038606599607,1
T580R,-0.0730731171274,1
T580M,-0.0115981912416,1
T580N,0.0052773463262499,1
T580A,-0.022829122108,1
T580C,-0.03969423571305,1
T580E,-0.4931464217805,0
T580F,-0.38403181076,0
T580D,-0.6652408596115,0
T580H,-0.1159702369958,1
T580I,-0.0006519219644499,1
T580K,-0.04039702540055,1
T580L,0.0042260564050499,1
T580G,0.00172268658045,1
G581V,-0.04258627411115,1
G581E,-0.1514430846855,1
G581D,-0.0221403784272499,1
G581F,-0.09839140081135,1
G581H,0.00965249492585,1
G581I,-0.1581224787464999,1
G581K,0.001483642836115,1
G581L,-0.028492429570545,1
G581S,-0.03358569055145,1
G581N,0.00645215338295,1
G581P,-0.02902567496715,1
G581Q,-0.0130134848815,1
G581R,-0.00047919198145,1
G581T,-0.01723599546816,1
G581W,-0.0147694876825,1
G581Y,-0.176456981243,1
G581C,-0.0351015239103,1
G581M,-0.04897152028375,1
G581A,0.035432391845065,1
Q582S,-0.007667825136415,1
Q582R,-0.0560827879739,1
Q582W,-0.0383153366225,1
Q582V,-0.0491871153180999,1
Q582T,-0.00641410068645,1
Q582C,-0.0577146086945999,1
Q582D,-0.02888822197849,1
Q582E,-0.017785598267345,1
Q582F,-0.0470685717734,1
Q582G,-0.04359364529155,1
Q582H,-0.057346071868,1
Q582I,-0.08920208589005,1
Q582K,-0.0185614203341,1
Q582L,-0.0481126126826,1
Q582M,0.014635266984955,1
Q582N,-0.02993566346795,1
Q582P,-0.053378443956,1
Q582Y,-0.0501913898351999,1
Q582A,-0.02378057871041,1
F583V,-0.244828876248,1
F583M,-0.12234729685665,1
F583W,-0.06637506128465,1
F583Y,-0.00440288640365,1
F583S,-0.1716225542945,1
F583R,-0.2157357069139999,1
F583Q,-0.1728336305754999,1
F583P,-0.7393953415400001,0
F583N,-0.121980490271,1
F583T,-0.147515082386,1
F583I,-0.2033983277055,1
F583K,-0.451443332495,0
F583H,0.01491508439,1
F583G,-0.11597434095795,1
F583E,-0.310225738994,0
F583D,-0.383756137361,0
F583C,-0.1004035928091999,1
F583A,-0.08520594024335,1
F583L,-0.06053968344505,1
G584V,-0.280767038423,1
G584W,-0.021415992938265,1
G584L,-0.4168314843745,0
G584R,-0.4637823323045,0
G584Q,-0.1359751517104999,1
G584Y,-0.145121193474,1
G584P,-0.966125533107,0
G584N,-0.1865345482025,1
G584M,-0.0162107948473999,1
G584K,-0.6955431120129999,0
G584I,-0.8503301793785,0
G584H,-0.0681193604044,1
G584F,-0.1076820898435,1
G584E,-0.7462934919994999,0
G584D,-0.2885026033215,1
G584C,-0.1292305271045,1
G584A,-0.03015454281815,1
G584S,-0.04292200777575,1
G584T,-0.1247403940545,1
W585C,-0.220001379351,1
W585A,-0.2252842053215,1
W585V,-0.1226624743853999,1
W585T,-0.352511125945,0
W585E,-0.989177135506,0
W585F,-0.03562194185605,1
W585G,-0.9241044265505,0
W585H,-0.133332100927,1
W585I,-0.176830766361,1
W585K,-0.9981292258235,0
W585L,-0.0654811363957,1
W585D,-0.889779825811,0
W585N,-0.2789109436604999,1
W585P,-0.1438750259065,1
W585Q,-0.2496673371945,1
W585R,-0.5974922790985,0
W585S,-0.5567419682625,0
W585Y,-0.07508079758135,1
W585M,-0.026046348518695,1
S586C,-0.1206165885755,1
S586D,-0.9216692413575,0
S586E,-0.9619637300245,0
S586F,-1.121993482485,0
S586G,-0.0165025878423,1
S586H,-0.8408000512945,0
S586I,-0.997272710526,0
S586K,-1.129839669361,0
S586P,-0.5809119388880001,0
S586M,-1.200137139514,0
S586N,0.03066068683265,1
S586Q,-0.8307745788915,0
S586R,-1.1345697706700002,0
S586T,-0.0081334504190999,1
S586Y,-1.07466615552,0
S586L,-1.0323291402075,0
S586A,-0.1294398090565,1
S586V,-1.1492873402665,0
A587D,-1.008363093657,0
A587Y,-0.34160082784,0
A587W,-0.383236454297,0
A587V,-0.0755012898281499,1
A587T,-0.07297645162285,1
A587S,0.0006754696761,1
A587R,-0.08648120104765,1
A587Q,-0.0955933354119,1
A587P,-0.04491148556548,1
A587N,-0.0325733388217999,1
A587M,-0.210696944109,1
A587L,-0.586701247821,0
A587I,-0.2107060419605,1
A587H,-0.12219668002785,1
A587K,-0.530172333091,0
A587F,-0.3671448816215001,0
A587E,-0.9842757104285,0
A587C,0.0112574753346,1
A587G,-0.0222718124349,1
N588E,-0.2988036658435,1
N588F,-0.0141060431864,1
N588S,0.01401532175745,1
N588W,0.0801388548553,1
N588V,-0.0375372923996,1
N588R,-0.03085332153038,1
N588Q,0.0077604256313,1
N588M,0.00543445419625,1
N588L,-0.1013555400926,1
N588K,-0.1282033700017,1
N588I,-0.192873001897,1
N588H,0.000916832328965,1
N588G,0.0143285762481,1
N588D,-0.4246031668114999,0
N588P,-0.2705750131095,1
N588C,0.05346091019955,1
N588T,-0.0265398386496,1
N588A,-0.06656149362995,1
N588Y,-0.0018446493902,1
M589R,-0.08286434238445,1
M589A,-0.0215192239418499,1
M589C,-0.130521916669,1
M589D,-0.5539440718165,0
M589E,-0.07043869627081,1
M589F,-0.02553534682147,1
M589G,-0.2869354917215,1
M589H,0.07552270240485,1
M589I,-0.09506331437625,1
M589K,-0.10351797929155,1
M589L,-0.0464377986770999,1
M589N,-0.12919919860075,1
M589P,-0.927750448185,0
M589Q,-0.4277661838714999,0
M589S,-0.03266452872575,1
M589V,-0.0712496581649499,1
M589Y,-0.0174073197695499,1
M589T,-0.06118626132325,1
M589W,-0.0798558537698,1
E590D,0.029767761734525,1
E590F,-0.09006837867775,1
E590G,-0.0866559659804499,1
E590H,0.02277867451645,1
E590I,-0.11253447124575,1
E590W,-0.0959244089691,1
E590L,-0.0216327592952999,1
E590C,-0.08513326471585,1
E590A,-0.06034267494255,1
E590K,-0.121683839067,1
E590P,-1.0104348318735,0
E590Y,0.012635111545865,1
E590V,-0.0594328752376,1
E590T,-0.00082072161825,1
E590S,-0.03884327635725,1
E590M,0.0360776313213,1
E590N,0.00232919587848,1
E590R,-0.1518487043269999,1
E590Q,-0.0431829246696999,1
R591A,-0.01280603837985,1
R591G,-0.1334124401690999,1
R591C,-0.0447927029606,1
R591D,-1.25279515779,0
R591K,0.01820350688825,1
R591I,-0.189941887054,1
R591E,-1.1107122319195,0
R591F,-0.14927885318935,1
R591H,-0.0228950585107667,1
R591T,-0.03076084424235,1
R591N,0.0178092690115,1
R591V,-0.2688277699515,1
R591S,0.0027381047280599,1
R591Q,-0.02992440574775,1
R591P,-0.9779375854125,0
R591W,0.0301061518669,1
R591Y,-0.0145112086426345,1
R591L,-0.1400676589334999,1
R591M,0.0419194143988,1
I592H,0.0148281828402,1
I592K,-0.0405457943657,1
I592G,-0.1196012480946,1
I592F,-0.1043721017026,1
I592A,-0.02795546108845,1
I592L,-0.0367107821696,1
I592M,0.00871843184805,1
I592E,-0.2169755418849999,1
I592P,-1.11331920784,0
I592D,-0.5887158471645,0
I592C,0.0648769072502,1
I592Q,0.0254499114329199,1
I592R,-0.13692373502865,1
I592S,-0.03278068051815,1
I592T,0.03261040615515,1
I592V,-0.0421933083254,1
I592W,-0.190354646667,1
I592Y,-0.07552041934035,1
I592N,-0.05237592234315,1
M593C,0.0083805252786999,1
M593V,-0.028642614378717,1
M593S,-0.01986521057525,1
M593Y,0.01372780351505,1
M593D,-0.8740393336865,0
M593E,-0.3783717472555001,0
M593F,-0.016197137844725,1
M593P,-1.29100954204,0
M593G,-0.0687767552430499,1
M593R,-0.1845180527605,1
M593H,0.056282627957315,1
M593K,-0.1852269564184999,1
M593L,-0.005691139492095,1
M593N,-0.0007716733205999,1
M593W,-0.0001919882384,1
M593A,0.0081617329481349,1
M593T,-0.0093155704999,1
M593I,-0.015155000653205,1
M593Q,-0.05166922104855,1
K594A,0.0441277927563,1
K594Y,0.00425546919585,1
K594N,-0.0115857505677999,1
K594T,-0.0064591983676074,1
K594S,0.0083715761001885,1
K594R,0.026934155782215,1
K594Q,-0.0383436683451,1
K594P,-0.8907064223085001,0
K594M,0.0354823281032,1
K594L,-0.02609525270075,1
K594I,-0.0030585163615,1
K594H,0.0479571306395,1
K594G,0.0207032487525,1
K594F,0.0536036200362,1
K594E,-0.1009410091706,1
K594D,-0.17277043646165,1
K594C,-0.01225271338879,1
K594V,0.024218324666009,1
K594W,-0.1434608258055,1
A595G,0.01631693057858,1
A595Y,0.028291176918455,1
A595W,-0.023037439292267,1
A595V,0.0026477700917999,1
A595T,0.0363621365022,1
A595S,0.0122775620471,1
A595D,0.013359309613955,1
A595F,0.04407533186435,1
A595R,-0.10441513920935,1
A595P,-0.326931535209,0
A595N,-0.019912914033955,1
A595L,-0.02157336676362,1
A595K,-0.1140553023293999,1
A595I,-0.00546700204275,1
A595H,-0.0064262481539999,1
A595Q,-0.0606125142329,1
A595E,-0.1668181355883,1
A595M,-0.0396225464365,1
A595C,0.02647477790678,1
Q596T,-0.0348667055555,1
Q596R,-0.1523926853475,1
Q596P,-0.206991638051,1
Q596N,-0.03278047999575,1
Q596M,-0.10189510181435,1
Q596L,-0.2657152851684999,1
Q596K,-0.301956833333,0
Q596I,-0.2123243478635,1
Q596H,-0.05099770956725,1
Q596F,-0.09972121823595,1
Q596E,-0.126799921458,1
Q596D,-0.0645616928981,1
Q596C,-0.08383695019055,1
Q596A,0.01507776612867,1
Q596W,-0.17326090137915,1
Q596Y,-0.01070928922175,1
Q596G,0.01666655616715,1
Q596S,-0.04320028292645,1
Q596V,-0.1364760947952,1
A597V,-0.1030290743873,1
A597Y,0.0117942636716,1
A597W,-0.0759386290601,1
A597T,0.0006887468088999,1
A597S,0.0102393514902,1
A597R,-0.0690149674231,1
A597P,-0.020915700787425,1
A597N,-0.06863691660215,1
A597M,-0.0289445058982,1
A597Q,0.06267044737265,1
A597K,-0.09450702419075,1
A597C,0.0377476658269,1
A597D,-0.2018823610455,1
A597L,-0.11904274821255,1
A597F,-0.07090896467085,1
A597E,-0.10576358758735,1
A597H,0.0145992786031,1
A597I,-0.1021583417106499,1
A597G,-0.04209297986775,1
L598W,-0.1132816918271499,1
L598V,-0.03811944083268,1
L598M,0.06594563928505,1
L598T,0.00884856996711,1
L598S,-0.0416088985721999,1
L598Q,0.02081119215695,1
L598P,-0.0633795871902,1
L598N,-0.0623448263973,1
L598K,0.0254771913516,1
L598R,-0.02992804508095,1
L598H,-0.0418959832781,1
L598G,-0.016637899992305,1
L598F,-0.03877129235725,1
L598E,-0.0741886571656999,1
L598D,-0.1888362275345,1
L598Y,0.036802311940655,1
L598C,-0.0012203209225,1
L598A,-0.0372444881354,1
L598I,0.0210805768991,1
R599W,-0.2049905512514999,1
R599V,-0.1126225844703499,1
R599G,-0.025211864235,1
R599A,-0.05188344862615,1
R599C,-0.04584736732039,1
R599D,-0.149085698241,1
R599E,-0.2159463369255,1
R599F,-0.07315577339705,1
R599H,-0.008890684243795,1
R599Y,-0.166192970231,1
R599I,-0.1424961293475,1
R599L,-0.1381305754855,1
R599M,-0.0738692578233499,1
R599N,-0.0185895123182,1
R599P,-0.0479587328335,1
R599Q,-0.0744099943217,1
R599S,-0.03241589287452,1
R599K,-0.0402073750035,1
R599T,-0.04152258275545,1
D600Y,-0.08092225209405,1
D600W,-0.151751229297,1
D600C,-0.01900524406906,1
D600A,-0.0277547110569499,1
D600V,-0.06201174559835,1
D600T,-0.0024896109553,1
D600S,-0.03901787929345,1
D600R,-0.07414746967855,1
D600P,-0.0348970045194,1
D600N,-0.0132568393267999,1
D600Q,-0.0162235669499,1
D600L,-0.02583768715915,1
D600K,-0.02187452975375,1
D600I,-0.00743035173785,1
D600H,-0.0531850705451,1
D600G,-0.02182585553423,1
D600F,-0.0216327063247,1
D600E,0.0173478319304,1
D600M,0.0377014226457,1
S601V,0.02392554489705,1
S601L,-0.020348057081195,1
S601T,0.01763821210265,1
S601R,0.0048497922442449,1
S601Q,-0.010783198180575,1
S601P,0.01028890007548,1
S601N,0.00632971751782,1
S601K,0.03238836464891,1
S601A,0.0023755681376599,1
S601H,-0.0278604985500699,1
S601G,-0.01906518957864,1
S601F,-0.02335089518025,1
S601E,0.0225796445985,1
S601D,-0.03577657090542,1
S601C,-0.0035478005397,1
S601W,-0.0334661561543,1
S601I,0.0289760612443499,1
S601Y,-0.03178538836675,1
S601M,-0.02221386991965,1
S602A,0.01115313624767,1
S602C,-0.016154071952865,1
S602D,-0.011003129750595,1
S602E,0.03037592080005,1
S602F,-0.011567104474255,1
S602G,0.00934102090066,1
S602I,0.0143958177055,1
S602K,-0.0962737377607,1
S602L,-0.01558123945115,1
S602H,-0.00048017701565,1
S602N,0.036573663091,1
S602M,-0.01679802604475,1
S602W,-0.08285643109975,1
S602V,0.00676892715225,1
S602T,0.01195252883032,1
S602Y,0.0511754869409,1
S602Q,-0.0075316995906999,1
S602P,0.012597217138095,1
S602R,-0.0877825103426499,1
M603I,0.0071570782996399,1
M603C,0.0195378489394105,1
M603D,-0.10599506460945,1
M603Y,-0.1076717365481999,1
M603E,-0.1239987622204499,1
M603F,0.0258084776675,1
M603G,-0.04411840513015,1
M603H,-0.0438248565696,1
M603V,0.005707679394595,1
M603W,-0.0071221726204499,1
M603L,-0.0633515599372,1
M603N,-0.1383870851187,1
M603P,-0.10661155481935,1
M603Q,-0.0155228431762536,1
M603R,-0.240879977063,1
M603S,-0.03921771860745,1
M603T,-0.013351254970438,1
M603A,-0.0620726683808499,1
M603K,-0.3686139408545,0
S604C,0.04069869599935,1
S604A,0.00952768137302,1
S604M,0.0478713504085,1
S604F,-0.11799827200605,1
S604G,0.03478780958195,1
S604H,0.001000634032615,1
S604I,0.0294674148973,1
S604K,0.1028109307838,1
S604L,-0.04457722413795,1
S604V,-0.09228325279335,1
S604D,-0.500123509008,0
S604N,-0.07028337999405,1
S604Q,0.04806175558135,1
S604R,0.0288128800963199,1
S604T,0.02588144583465,1
S604Y,-0.09672668411355,1
S604W,-0.10682335295175,1
S604P,-0.018217864776535,1
S604E,0.020364590639,1
S605A,0.0296989361546,1
S605C,-0.02562697196432,1
S605D,0.0389446686654,1
S605W,-0.01538770508765,1
S605E,-0.0149904982112,1
S605F,0.02365439546757,1
S605G,-0.0167648075526,1
S605Y,-0.03179676079795,1
S605I,-0.01185203449745,1
S605K,-0.0417649376260199,1
S605L,0.0095061829331999,1
S605H,0.02918013500915,1
S605N,-0.0137906999945499,1
S605P,-0.09382294938325,1
S605V,0.00187252838575,1
S605T,0.0320118233875999,1
S605R,-0.0245892389454,1
S605Q,-0.0063375613290999,1
S605M,0.03476487806285,1
Y606F,-0.09642930795775,1
Y606C,-0.2153747247915,1
Y606T,-0.2176758818144999,1
Y606S,-0.285433713865,1
Y606R,-0.404648919817,0
Y606N,-0.3254048959635,0
Y606P,-0.352557884216,0
Y606M,-0.0893270103686,1
Y606L,-0.16022559999,1
Y606K,-0.5866681854225,0
Y606I,-0.158830584705,1
Y606H,-0.0779886185386,1
Y606G,-0.4310475243075,0
Y606Q,-0.2690006013985,1
Y606A,-0.1902760505779999,1
Y606D,-0.6665736557424999,0
Y606W,-0.091382204739,1
Y606E,-0.425543459624,0
Y606V,-0.11939720926455,1
M607Y,-0.13843921444995,1
M607A,-0.1976043424165,1
M607C,-0.151091214278,1
M607D,-1.225078349685,0
M607F,-0.059162828034,1
M607G,-0.419135254975,0
M607H,-0.294999715092,1
M607I,-0.05779543295985,1
M607K,-0.577794653667,0
M607L,-0.0378828449658249,1
M607N,-0.523325197422,0
M607P,-0.148647740013,1
M607Q,-0.2655974304985,1
M607R,-0.3349139501115,0
M607S,-0.3247964723685,0
M607T,-0.2352335711585,1
M607W,-0.06066439643465,1
M607V,-0.09568345483305,1
M607E,-0.5263094714115,0
S608W,-0.046893253104,1
S608T,0.0015739087875999,1
S608Y,-0.0519659404069,1
S608Q,0.01567520700995,1
S608P,-0.1326278249314,1
S608N,0.0141077239744,1
S608M,0.0788895412202499,1
S608L,-0.020791210637055,1
S608V,-0.00771467894233,1
S608K,0.0594898716524199,1
S608H,0.011565842762755,1
S608G,-0.00310411071722,1
S608F,0.038358047235175,1
S608E,0.00409594156215,1
S608D,0.0596829500387,1
S608C,-0.0164181953623099,1
S608A,-0.006172691560133,1
S608I,0.0267155666793349,1
S608R,-0.04735213130925,1
S609Y,0.00970036625575,1
S609V,-0.05602429953465,1
S609A,-0.02313708861869,1
S609T,-0.02556738838133,1
S609Q,0.1586249257995499,1
S609P,-0.12638351983245,1
S609N,0.002127268196315,1
S609M,-0.01786842277325,1
S609L,-0.035806574818,1
S609W,-0.0779974123435,1
S609K,-0.109572027498285,1
S609H,0.02869788008425,1
S609G,-0.02139846108655,1
S609F,-0.03643928111605,1
S609E,-0.08821629630685,1
S609D,-0.11898304705975,1
S609C,-0.0150880173503,1
S609I,-0.14080704446205,1
S609R,-0.11230816802085,1
K610V,-0.0614810315323499,1
K610E,-0.3049423150465,0
K610Y,0.01732882295605,1
K610W,-0.03479268730705,1
K610T,-0.05723695611735,1
K610S,-0.05083018604105,1
K610R,-0.017175010204415,1
K610Q,0.005135342675519,1
K610P,-0.16382822803,1
K610N,-0.04624097054165,1
K610M,0.0509479048233,1
K610I,0.019992201615,1
K610H,-0.0302941799241,1
K610G,-0.0808153350619999,1
K610F,-0.08348556890285,1
K610D,-0.2310828417825,1
K610C,-0.0205667728112499,1
K610A,-0.0724118008961,1
K610L,-0.01581426456815,1
K611A,-0.1582949404454,1
K611D,-0.4816541847545,0
K611C,-0.1494251081710499,1
K611E,-0.8310822794089999,0
K611T,-0.1622232231353,1
K611R,0.0341040495073,1
K611Q,0.032171051457345,1
K611P,-1.020015148115,0
K611N,-0.0202712077220299,1
K611M,-0.405083038714,0
K611L,-0.4438565449355,0
K611I,-0.5388593075995001,0
K611H,-0.0315170414693,1
K611G,-0.262404835078,1
K611F,-0.8514572185339999,0
K611W,-0.5653732028385,0
K611Y,-0.228032777325,1
K611S,-0.2334119010289999,1
K611V,-0.169765114768,1
T612I,0.0084902728722,1
T612A,-0.0084272849604,1
T612C,0.05797134478235,1
T612D,-0.0041484481901,1
T612E,0.0054638438481499,1
T612F,0.0479331103459,1
T612G,0.0036080337812,1
T612H,-0.01734888923285,1
T612R,0.00190766077015,1
T612S,0.0072497199693199,1
T612L,0.0337322860042,1
T612W,-0.0004636112897499,1
T612N,-0.11753246656955,1
T612P,-0.2097579445715,1
T612V,0.0085373869057,1
T612Y,0.0060622043289999,1
T612Q,-0.0160480519758999,1
T612K,0.07407806393555,1
F613R,-0.9248358932515,0
F613Q,0.003122091253445,1
F613Y,0.0032279225864999,1
F613T,0.01268420644665,1
F613S,-0.425667353055,0
F613A,0.01890181150263,1
F613C,-0.0060249603401,1
F613D,-1.321621681,0
F613E,-0.0811779060866649,1
F613V,0.00142791230822,1
F613G,-0.13091343917,1
F613I,-0.0320157754693425,1
F613K,-0.0101033948371999,1
F613L,0.0327730144686,1
F613M,0.0340560918035,1
F613N,-0.951522650446,0
F613P,-0.2154413134295,1
F613H,-0.03074174965935,1
F613W,-0.01364230853315,1
E614D,-0.0198525216133499,1
E614A,-0.0123921198208,1
E614K,-1.7978777299850002,0
E614L,-0.0935858411878999,1
E614M,-0.0533529228722099,1
E614N,-0.05816841237245,1
E614P,-0.5223725823855,0
E614Q,-0.03218814629625,1
E614R,-0.971371904068,0
E614S,-0.02039948102195,1
E614T,-0.033927049307355,1
E614V,-0.0034452804553421,1
E614W,-0.00472319979863,1
E614Y,-0.3919814993755,0
E614H,-0.07873478441535,1
E614G,-0.1166005737965,1
E614F,-0.9922116928565,0
E614I,-0.01437189295845,1
E614C,0.028491290479395,1
I615T,-0.0214914604184,1
I615Y,0.0118531768479599,1
I615W,-0.02220233117292,1
I615V,-0.0106307658912,1
I615S,-0.216890284891,1
I615R,-1.050957731285,0
I615Q,-1.0789143432975,0
I615N,-1.0038868051815,0
I615M,-0.06947588376775,1
I615L,-0.02764023124365,1
I615P,-0.354917717032,0
I615H,-0.03615118842505,1
I615G,-0.4281566622959999,0
I615F,-0.0156580081488245,1
I615E,-0.6583133261095,0
I615D,-1.03108472202,0
I615C,0.0007048805931199,1
I615A,-0.0011716782539985,1
I615K,-0.649694104865,0
S616M,-0.0492939652296999,1
S616V,0.0222733239878,1
S616T,-0.01824608546035,1
S616R,-0.0064827776549735,1
S616Q,0.0035189368729499,1
S616P,0.0069940526510499,1
S616N,0.0158807786546,1
S616L,0.0350074436834,1
S616A,-0.002853429847165,1
S616I,0.02417282233734,1
S616H,-0.0347380409622,1
S616G,0.02426626610845,1
S616F,-0.0164370614796,1
S616E,-0.0163592054975,1
S616D,-0.0154915240247499,1
S616Y,0.00351271359225,1
S616C,-0.0103571387807835,1
S616K,0.0654514273571,1
S616W,0.00401952152779,1
P617C,0.05894248781205,1
P617S,-0.03572329586385,1
P617A,0.0003589529288649,1
P617Y,-0.0237357565415,1
P617W,0.0116726554528,1
P617V,-0.013272266172575,1
P617T,-0.02102779208195,1
P617R,0.006585323318115,1
P617Q,-0.066648895882845,1
P617M,0.00186207726265,1
P617N,0.0208476174519,1
P617K,-0.00797487546167,1
P617I,0.032927575559285,1
P617H,0.02169484689195,1
P617G,0.01378866858299,1
P617F,-0.0183584477813,1
P617E,-1.870914869999893e-05,1
P617D,-0.0097455504413,1
P617L,-0.01138943152192,1
K618F,0.04962060733165,1
K618G,0.0006958634615864,1
K618E,-0.022764790666205,1
K618Y,-0.0364444152273,1
K618C,0.0351906925302,1
K618A,0.008801877266155,1
K618H,-0.055866741881,1
K618D,0.0033688027777999,1
K618I,-0.01212363142093,1
K618Q,-0.00116050629291,1
K618M,0.03248598228555,1
K618L,0.0075938454608549,1
K618V,0.022181124629825,1
K618T,0.02547896538745,1
K618S,0.03844168449115,1
K618W,-0.02899616813355,1
K618P,0.03531174374011,1
K618N,0.01259563289322,1
K618R,0.01695968213145,1
S619M,0.0135799306929,1
S619W,-0.08470379300955,1
S619V,-0.00046624943425,1
S619T,0.0509643938228,1
S619R,0.015595859180465,1
S619Q,-0.025363797519365,1
S619P,0.00524541631093,1
S619N,0.01610278862105,1
S619Y,-0.0158596491504999,1
S619L,0.0080685601095,1
S619I,-0.0261910241479405,1
S619H,0.00689097127965,1
S619G,-0.00120221891485,1
S619F,0.02758905564563,1
S619E,-0.0441460627725,1
S619D,0.0372135165449,1
S619C,0.00224739057808,1
S619A,-0.00567314589741,1
S619K,0.0932553848844499,1
P620L,-0.02131593800113,1
P620M,0.01426840490245,1
P620N,-0.017791456325845,1
P620S,-0.00446073767058,1
P620R,-0.0150322953285,1
P620K,0.0010611374014999,1
P620Q,0.00939250898525,1
P620I,0.0033772298744499,1
P620F,-0.0357491440388499,1
P620W,0.06920021223055,1
P620G,-0.0156549511796499,1
P620T,-0.01355771325314,1
P620E,-0.004548537044925,1
P620D,-0.0072228998959095,1
P620C,0.017182190134,1
P620A,0.0015534121534349,1
P620Y,0.03237246031395,1
P620H,0.01170828827727,1
P620V,0.03954770361195,1
I621S,-0.0006877770846649,1
I621W,-0.10549814512045,1
I621A,0.01176523533715,1
I621C,-0.0156065573147999,1
I621D,-0.2397079481725,1
I621E,0.00030449724035,1
I621F,-0.03499542496095,1
I621G,-0.0215535811954384,1
I621Y,-0.0534849703829,1
I621K,-0.0569541442394499,1
I621N,0.03268953048105,1
I621P,0.012623851457285,1
I621Q,0.0334438085525,1
I621R,-0.1049057892757,1
I621T,0.04555709009235,1
I621V,-0.0146661719466299,1
I621L,-0.02832814211075,1
I621M,-0.06180836352455,1
I621H,-0.0040437654190799,1
I622E,-0.7228710606585,0
I622H,-0.0051832466889149,1
I622K,-1.232489143215,0
I622L,-0.01903184952156,1
I622M,-0.0183075675509199,1
I622N,0.011199556300795,1
I622F,-0.02472991221675,1
I622P,-0.0119748842685999,1
I622Q,0.00664850374495,1
I622R,-0.949300245801,0
I622S,-0.03315298137905,1
I622Y,-0.01103001289015,1
I622T,0.01092474175435,1
I622V,-0.01728268316375,1
I622W,-0.05994863609465,1
I622D,-0.8926954469649999,0
I622G,-0.0117742397678235,1
I622A,-0.00792575059567,1
I622C,-0.0158036606242999,1
K623A,-0.02065856523855,1
K623Y,-0.035298942766925,1
K623W,-0.011192542175085,1
K623V,-0.0134820826946999,1
K623T,0.01074838632053,1
K623S,0.0041672899738899,1
K623R,0.015299606572435,1
K623Q,-0.01660767782261,1
K623D,-0.009690320291645,1
K623P,-0.003525534952385,1
K623M,0.0799970401309499,1
K623L,-0.0233034992498,1
K623I,-0.020899844064,1
K623H,0.008128931742315,1
K623G,-0.01020290322014,1
K623F,-0.02320391441145,1
K623E,-0.0377936684079,1
K623N,-0.00982751524245,1
K623C,0.06168497121135,1
E624C,-0.005567769071,1
E624W,-0.0153345776752349,1
E624V,-0.0053317698112,1
E624T,0.0556034263208,1
E624S,-0.0065620177472849,1
E624R,0.0042760961945,1
E624Q,-0.01877090346145,1
E624P,-0.00124114471745,1
E624M,0.0240895250258,1
E624L,-0.0465623243737,1
E624K,0.00361575843695,1
E624I,-0.0143151153628349,1
E624H,0.0197261206082999,1
E624G,-0.01144986287836,1
E624Y,-0.02824225105338,1
E624N,0.01302036559873,1
E624D,-0.03925585558715,1
E624A,-0.02340589186265,1
E624F,0.005365070475,1
L625D,-1.46444162004,0
L625E,-0.667346526361,0
L625F,-0.01186603237766,1
L625G,-0.0482505170814,1
L625H,-0.0516560581716,1
L625I,0.0181553087135,1
L625K,-0.199538418626,1
L625M,-0.00570240789875,1
L625A,-0.0177219898624,1
L625N,-0.7127067297499999,0
L625Q,0.0052932567179,1
L625R,-1.018366493524,0
L625S,-0.05234300734465,1
L625T,-0.022159244140115,1
L625V,-0.0010581507558499,1
L625W,-0.018625680995425,1
L625Y,-0.0479965491645,1
L625P,-1.129133917685,0
L625C,0.01826682787145,1
K626C,0.01629335966935,1
K626A,-0.0141426292326,1
K626S,-0.01850669825575,1
K626Y,-0.0313862909136,1
K626W,-0.0018836274881499,1
K626V,-0.024318586258105,1
K626T,-0.04682269990185,1
K626R,0.00596921446263,1
K626Q,-0.0473831162908,1
K626N,-0.00298289266893,1
K626P,-0.249905806496,1
K626L,0.0089988538356,1
K626I,-0.0268389852613,1
K626H,-0.02305724501585,1
K626G,-0.01597968603065,1
K626F,0.0137820593847,1
K626E,-0.0096873502047,1
K626D,-0.0050204659577499,1
K626M,0.0019384220887,1
K627L,-0.013753054836375,1
K627N,-0.0512615738238,1
K627M,0.1072886024576,1
K627F,-0.02593417857165,1
K627A,-0.0008608635239999,1
K627H,-0.0010967067237125,1
K627I,0.002404507112575,1
K627P,-0.01730424363705,1
K627G,0.0251640025717,1
K627Q,0.0116166917659,1
K627E,-0.02362977611595,1
K627S,-0.0155578399384199,1
K627T,0.00267760259123,1
K627V,0.01123088604991,1
K627W,0.03025661669485,1
K627Y,-0.0325581826658715,1
K627D,0.03346644926025,1
K627C,0.018103000542665,1
K627R,-0.0143526413469249,1
R628F,0.0012984357508999,1
R628A,-0.01974120604805,1
R628C,0.0032464933514499,1
R628D,-0.05683167459465,1
R628E,0.0303086772078,1
R628G,-0.0182512867989,1
R628Q,0.04359815067245,1
R628I,0.0287254756403,1
R628W,-0.02909870555325,1
R628H,-0.0019405824239849,1
R628V,0.0036329489519445,1
R628T,-0.0102294173436,1
R628S,-0.008307639897,1
R628Y,-0.0506937131942,1
R628N,0.0114672584434799,1
R628M,-0.0467454998949,1
R628L,-0.00721983592912,1
R628K,0.0520881888379499,1
R628P,-0.0382932570244499,1
V629G,0.0186207970213489,1
V629A,0.0082889999370805,1
V629C,-0.0517765118807,1
V629D,-0.0079840086769,1
V629E,-0.005031634792385,1
V629F,-0.0194219631228499,1
V629H,0.02467633064175,1
V629N,0.00241820982855,1
V629K,-0.02954705566595,1
V629L,0.01341482544939,1
V629M,0.04755899822315,1
V629P,-0.0401980672319,1
V629Q,-0.00361939953485,1
V629R,-0.02071368847855,1
V629S,0.02549073360404,1
V629I,-0.02049083768915,1
V629W,-0.0176777545099999,1
V629T,-0.02543349226235,1
V629Y,0.0317328688987,1
D630E,-0.0003772195893499,1
D630F,0.05012303406785,1
D630G,0.0077431187183999,1
D630H,0.0317442848817,1
D630I,-0.07741884523905,1
D630K,0.0036132488004,1
D630L,-0.000219277673335,1
D630M,-0.06877427844435,1
D630N,-0.03458349104475,1
D630A,0.00388715837609,1
D630P,-0.0077803943829149,1
D630Q,0.0434242610332,1
D630R,-0.0048834544287099,1
D630S,-0.0066363033727799,1
D630T,0.01312750386005,1
D630V,-0.027027101335,1
D630W,-0.03467056193094,1
D630Y,0.01420761172672,1
D630C,-0.0094364834032649,1
E631A,-0.008138223019265,1
E631C,-0.0268930142925999,1
E631W,-0.07115450509085,1
E631Y,-0.0043428353533999,1
E631F,-0.0440432882789449,1
E631D,-0.0037183575635,1
E631Q,0.0081177034811999,1
E631R,0.00734401651745,1
E631S,-0.02651817458065,1
E631V,-0.0102068490376499,1
E631P,0.00414032445695,1
E631T,0.04151355990675,1
E631M,0.032060947395875,1
E631L,-0.00749426316578,1
E631K,-0.01412344228048,1
E631I,-0.03661182255854,1
E631H,-0.021736898055515,1
E631G,-0.01148679605488,1
E631N,0.01116223663095,1
G632R,-0.00571617499208,1
G632N,-0.02290659593076,1
G632S,-0.0064084413466,1
G632T,0.0043336799038999,1
G632V,0.04552153573795,1
G632W,-0.0119945567138349,1
G632Y,-0.01444267098505,1
G632M,0.03106351448535,1
G632D,0.0032369712239049,1
G632K,0.0067404014944185,1
G632I,0.029428916309125,1
G632H,0.02601460374797,1
G632F,-0.08580081800205,1
G632E,-0.00412767360185,1
G632Q,-0.00591609346479,1
G632C,-0.0152613113889575,1
G632A,-0.013031689835285,1
G632L,-0.0060277409748,1
G632P,-0.03601922716305,1
G633Y,0.07415447509505,1
G633A,0.0174735520903499,1
G633D,-0.0667553305296,1
G633W,-0.1112112931311499,1
G633V,-0.0135186371014799,1
G633T,-0.019592913936305,1
G633S,0.001771465206025,1
G633R,0.002972240620455,1
G633P,-0.00510852252888,1
G633C,-0.0322758996281,1
G633N,0.0234229585417,1
G633L,0.01527321541743,1
G633K,0.0803654949096,1
G633I,0.04220971918375,1
G633H,-0.0391223036356,1
G633F,0.0355620856229,1
G633E,0.01204206108315,1
G633M,0.0079069641240499,1
G633Q,0.022870583617963,1
A634M,0.00127034404542,1
A634H,-0.02343471196225,1
A634E,-0.01259958409845,1
A634F,-0.042626921571325,1
A634G,0.03520466428805,1
A634W,-0.03823323740322,1
A634I,0.0432236571786,1
A634K,-0.01548964702949,1
A634L,-0.014191435537975,1
A634N,0.03627255010518,1
A634P,-0.0079244788621549,1
A634Q,0.02244461974015,1
A634R,-0.00665198456935,1
A634S,-0.019630555987375,1
A634T,-0.0495522988583,1
A634V,0.0021913371706,1
A634Y,0.0249568111719,1
A634D,-0.05146631783765,1
A634C,0.06115458265085,1
Q635C,0.04545295237055,1
Q635E,0.0264395069693,1
Q635Y,0.0716109129522,1
Q635W,-0.0210653466168499,1
Q635D,-0.0339338985456,1
Q635T,-0.0074211358687949,1
Q635S,0.0137286452803099,1
Q635R,0.00234987330855,1
Q635P,0.02830912219633,1
Q635V,-0.02051439332039,1
Q635M,-0.0062264968545499,1
Q635N,0.0046490956139,1
Q635F,-0.01962519991134,1
Q635G,-0.003717198189295,1
Q635A,0.00861870745954,1
Q635I,-0.02997349567875,1
Q635K,0.065372271668,1
Q635L,-0.0228780537818499,1
Q635H,-0.05021169666685,1
D636W,0.03554511053445,1
D636V,0.00975575150054,1
D636T,0.018205955456,1
D636S,-0.0010154450975649,1
D636R,0.0003103531785999,1
D636Q,0.0392296563636,1
D636P,0.025870739659,1
D636N,0.03183033582325,1
D636M,-0.051896102506125,1
D636Y,-0.0330422916523,1
D636K,-0.018363048528225,1
D636I,0.00396951112795,1
D636H,-0.0216751869823,1
D636G,-0.03398717468565,1
D636F,-0.0200794888191199,1
D636E,0.0200252262997,1
D636C,-0.0583010726974,1
D636A,-0.03096835679505,1
D636L,-0.0228058363857,1
K637Y,-0.0129398418888,1
K637W,0.0430672843707,1
K637V,-0.0022305177097055,1
K637S,0.00677122876055,1
K637R,-0.003641108141205,1
K637Q,-0.00812776432115,1
K637P,0.02441956132685,1
K637M,-0.051453393642005,1
K637T,-0.029431488692205,1
K637N,0.02249805582654,1
K637L,0.0134511954016,1
K637C,-0.0210886683536565,1
K637D,-0.06064741220005,1
K637E,-0.0341224337899659,1
K637A,0.005506874959135,1
K637G,0.0152886530265149,1
K637H,0.00926561896,1
K637I,-0.0185750182808349,1
K637F,0.01143829445975,1
T638P,0.0159164544311499,1
T638Y,0.0186140935745,1
T638W,-0.0100340389309999,1
T638V,0.0228840623303199,1
T638S,0.0094705975751875,1
T638R,0.00584537260342,1
T638Q,0.0134118179367999,1
T638N,0.0753845239249,1
T638A,0.02467725327933,1
T638L,-0.005344808563175,1
T638K,0.0040626035724499,1
T638I,-0.0186271962997499,1
T638G,-0.003173923622435,1
T638F,-0.048406271223,1
T638E,-0.0098871385421,1
T638D,-0.00862456224715,1
T638C,-0.0350364821662,1
T638M,-0.0195743557311,1
T638H,-0.0253448187608499,1
V639A,0.021459497033335,1
V639C,-0.0256708263688,1
V639F,-0.018921293468635,1
V639G,0.012812071735745,1
V639H,0.0075939591123499,1
V639I,-0.05375174403225,1
V639K,-0.0556701231317,1
V639L,0.0081388853504,1
V639M,-0.03229248539645,1
V639N,0.0065635494989999,1
V639Y,0.0350377082953,1
V639P,-0.0043214080288755,1
V639Q,-0.001027798038795,1
V639R,0.01628486734325,1
V639S,0.016609457672695,1
V639T,0.01873609134729,1
V639W,-0.0512609449639,1
V639E,0.0233613207997,1
V639D,0.0569599241435999,1
K640W,-0.021228652576635,1
K640A,0.0086681585007,1
K640V,-0.003042537535,1
K640T,-0.0015197902312575,1
K640S,0.00870710040505,1
K640R,-0.0008741106181999,1
K640Q,0.0064519512352349,1
K640P,-0.00641508426845,1
K640M,0.04931889275575,1
K640L,0.01538396691235,1
K640I,0.0158366074388,1
K640H,-0.004785574271745,1
K640G,-0.0105946487323499,1
K640F,-0.0257919795169,1
K640E,0.0017247556808499,1
K640D,-0.0005307210035,1
K640C,-0.0503522402335,1
K640Y,-0.033534397192005,1
K640N,0.024561216654535,1
D641Y,0.0104748765259,1
D641C,-0.0134481642915,1
D641F,-0.0390184356609499,1
D641G,-0.02566889970025,1
D641H,0.0335488972369,1
D641I,-0.005486546901795,1
D641K,0.00119869077085,1
D641L,0.00158059736646,1
D641M,0.01104242977404,1
D641N,0.009234049020655,1
D641P,-0.02312808613885,1
D641Q,-0.0092594197082999,1
D641R,-0.008346820405785,1
D641S,-0.0039602751282,1
D641T,-0.01140846783145,1
D641V,-0.0325594120925,1
D641W,-0.0012655096696499,1
D641E,-0.01430128446785,1
D641A,-0.0042560639315,1
L642W,-0.0148793536657999,1
L642A,-0.0259485129953499,1
L642V,-0.02400959707497,1
L642T,-0.011863454163645,1
L642S,0.00048107266561,1
L642R,-0.02639335794475,1
L642Q,0.0079735664718,1
L642N,-0.1222157689013,1
L642M,-0.0006943202842,1
L642K,-0.0458823218284,1
L642I,0.01828938825425,1
L642H,0.021039637559,1
L642G,-0.0048183332423,1
L642F,-0.022286668955175,1
L642E,-0.0158423276499,1
L642D,-0.145302661225,1
L642C,-0.05227955715905,1
L642Y,0.03689023848945,1
L642P,-0.0202356053162,1
T643W,0.0404627085189,1
T643Y,-0.008598348673215,1
T643C,0.034705521890085,1
T643D,0.01830974553025,1
T643E,0.002416342420795,1
T643F,0.0246081458569,1
T643G,0.01875988181905,1
T643H,0.002513941371,1
T643I,-0.01644152835575,1
T643K,-0.0208782691291899,1
T643A,-0.017996248398475,1
T643M,-0.0412730062404499,1
T643N,-0.005226335996085,1
T643P,-0.0141779842326,1
T643Q,0.011102385369902,1
T643R,-0.1536779891855,1
T643S,-0.0309594369501399,1
T643V,0.01803432130527,1
T643L,0.0209466859099449,1
K644T,0.008153250033,1
K644S,-0.0163738451717,1
K644R,-0.03385618525845,1
K644Q,0.024504096516695,1
K644P,-0.0035298147592,1
K644N,0.026012069951255,1
K644M,-0.01548298893873,1
K644L,-0.0343080378119,1
K644F,-0.0026791685560499,1
K644H,-0.05664158110495,1
K644G,-0.000294992935815,1
K644E,0.006880783173555,1
K644D,-0.0395209727195,1
K644C,0.03503583703525,1
K644A,0.017731318487555,1
K644V,0.011043281230615,1
K644I,0.03648150016148,1
K644W,-0.02751876682958,1
K644Y,0.0083719543901949,1
L645Y,-0.08522418435725,1
L645A,0.03069190543955,1
L645W,-0.0827624911208999,1
L645V,-0.01020029018411,1
L645T,-0.0148323402467,1
L645S,-0.020414218782,1
L645Q,-0.12797730994155,1
L645P,-0.05060764871295,1
L645N,0.0737085756778899,1
L645R,-0.4997471024229999,0
L645K,-0.6292969519664999,0
L645M,-0.0111347180122999,1
L645D,-0.011165968215175,1
L645E,-0.5502514359395,0
L645F,-0.02531960337545,1
L645C,0.0141658833791099,1
L645H,-0.044031560847105,1
L645I,0.025368797893,1
L645G,0.024881011906885,1
L646N,0.0401013222454499,1
L646F,-0.01569718960587,1
L646G,-0.0333932070685,1
L646H,0.0009087738027999,1
L646I,0.007253922667725,1
L646K,-0.1341116272098499,1
L646M,0.00532926489802,1
L646P,-1.098027678895,0
L646D,-1.051996021979,0
L646R,-0.8026750593765,0
L646S,0.00638089503435,1
L646T,-0.0112102857208099,1
L646V,0.00888068822885,1
L646W,-0.00792698075033,1
L646Y,-0.004303193733605,1
L646C,-0.020750374807705,1
L646A,-0.0271552819081,1
L646Q,-0.0284700327718,1
L646E,-0.0389960196551,1
Y647W,-0.0041651805251499,1
Y647K,0.01851787981,1
Y647R,-0.0171091362680349,1
Y647Q,-0.0149141537901,1
Y647P,-0.9627855481685,0
Y647N,0.0198753862101,1
Y647M,-0.04501976528935,1
Y647L,-0.007861750204825,1
Y647V,-0.0073530603300999,1
Y647I,0.001398389607545,1
Y647H,-0.0035021459904,1
Y647G,-0.0011776263021499,1
Y647F,-0.0247271760804,1
Y647E,-0.01006417001637,1
Y647D,-0.1686391284134999,1
Y647C,-0.0507496891774,1
Y647A,0.0233648795954999,1
Y647S,-0.03143488661965,1
Y647T,0.00951672566565,1
E648A,-0.01731775208125,1
E648W,-0.0444049791818,1
E648Y,0.01919546932615,1
E648D,0.00689332664325,1
E648F,0.02422224155105,1
E648G,-0.0327836957977,1
E648H,-0.02839381375865,1
E648I,-0.1077040412452499,1
E648K,-0.00848033476045,1
E648L,-0.0646230951957499,1
E648C,-0.0067323157343999,1
E648N,-0.00328251464835,1
E648P,-0.0647247364619,1
E648Q,-0.0339588178150499,1
E648R,-0.07928804905265,1
E648S,-0.016878218762275,1
E648T,-0.012460814078595,1
E648V,-0.09743398616835,1
E648M,-0.0058468314254499,1
T649A,0.00992031942575,1
T649C,-0.00553607283542,1
T649D,-0.11611212721105,1
T649E,0.03197110891261,1
T649F,-0.07261240024565,1
T649G,0.0003023190912,1
T649H,-0.1770224976469999,1
T649M,-0.0101849670257999,1
T649K,-0.06799204160365,1
T649L,-0.0203537301961399,1
T649N,-0.02743630642845,1
T649P,-0.0063118171034999,1
T649Q,-0.0476951005753,1
T649R,-0.531692855253,0
T649V,-0.01763856821332,1
T649I,0.01720703960865,1
T649S,-0.03392210795945,1
T649Y,0.01029839445925,1
T649W,-0.2901950028995,1
A650D,-0.5797821640435,0
A650W,-0.0042092867351999,1
A650T,0.010273015224455,1
A650S,0.021378524997725,1
A650R,-0.0930736995137,1
A650Q,-0.0657103207236,1
A650P,-0.222532907463,1
A650C,-0.02788634166124,1
A650N,-0.02763732562585,1
A650L,-0.0898580064052999,1
A650K,-0.2106020739515,1
A650I,-0.1221711789363,1
A650H,0.01980512315675,1
A650G,0.02267518119955,1
A650F,-0.04792400300855,1
A650E,-0.13720189875545,1
A650M,-0.0816367711581,1
A650V,0.00823813306967,1
A650Y,0.01378695713535,1
L651H,0.0182595973939,1
L651D,-0.2606862409265,1
L651E,-0.04302401482255,1
L651F,0.0614321407166999,1
L651G,0.00154484010632,1
L651V,-0.027932390293855,1
L651I,0.0350526123991999,1
L651K,0.0071597221775349,1
L651M,-0.00032039729015,1
L651N,-0.0382890296465,1
L651P,-1.238119394415,0
L651Q,0.012217583096015,1
L651R,-0.02102985347945,1
L651S,0.0179853813472,1
L651Y,0.02569713113415,1
L651W,0.07491704395985,1
L651C,0.0033429829712,1
L651A,0.0015197077301499,1
L651T,0.0175494015060999,1
L652Y,-0.01291905788565,1
L652W,-0.07050492497435,1
L652V,0.0318871917291655,1
L652T,0.0596841696782,1
L652S,-0.0038636054367,1
L652R,-0.8152301758835001,0
L652Q,-0.0568480959581999,1
L652P,-0.41487150157,0
L652M,0.0348751931392,1
L652K,-0.92667283494,0
L652N,-0.10124817663675,1
L652H,-0.0412508550509,1
L652G,-0.2136722417175,1
L652F,0.05633028146065,1
L652E,-0.690927697704,0
L652D,-1.38295116841,0
L652C,-0.0406385080083454,1
L652A,-0.00124325858505,1
L652I,0.01783451589545,1
T653N,-0.0342339160639999,1
T653I,-0.0041679965987999,1
T653A,0.02705850894085,1
T653C,0.03451185111791,1
T653K,-0.0653703723929999,1
T653L,0.0270401508877,1
T653M,-0.0629342633727,1
T653P,-0.0585175704659,1
T653G,0.0204763551582249,1
T653R,0.00838640165485,1
T653S,0.02320698071065,1
T653V,0.0062645403528999,1
T653W,0.0533150387785,1
T653Y,-0.021072328332,1
T653D,-0.0095714486659599,1
T653E,0.031752556390585,1
T653F,0.0158415608989999,1
T653Q,0.00112003483325,1
T653H,0.0515685985174,1
S654H,0.0014845117338499,1
S654A,0.008054599045305,1
S654V,0.01149521863315,1
S654T,-0.0012607136292999,1
S654R,-0.1787860217615,1
S654Q,0.002733192897615,1
S654I,-0.0255211427020999,1
S654P,-0.345542988429,0
S654N,0.01658817495815,1
S654M,-0.03692086139783,1
S654L,-0.0057855759269,1
S654K,-1.053878770008,0
S654C,-0.0321233009121,1
S654D,-0.2634871379515,1
S654E,-0.08389346027405,1
S654F,0.09980492279785,1
S654G,0.0130785858782999,1
S654W,-1.111964348125,0
S654Y,0.024858953519775,1
G655S,-0.0220907295608,1
G655Y,-0.0692768120828,1
G655R,-0.006210844282175,1
G655Q,-0.0281087735560499,1
G655P,-1.1228797363899998,0
G655N,0.0640460857812,1
G655M,-0.019995702525255,1
G655L,-0.1285353383104999,1
G655K,-0.0883306680724499,1
G655I,-1.026901114639,0
G655H,0.0404015016497,1
G655F,0.005984919985015,1
G655C,0.027991299303485,1
G655A,-0.02221093095265,1
G655W,-0.08352368324765,1
G655D,-0.034045608756585,1
G655E,-0.1877405512534999,1
G655T,-0.0396093672263,1
G655V,-0.8030117236375001,0
F656Y,0.0463666273534,1
F656C,-0.03404919700032,1
F656W,-0.0055999177079,1
F656V,-0.07867777798895,1
F656T,-0.22973389427,1
F656R,-0.1100695717181,1
F656Q,-0.271669603825,1
F656P,-1.112993152375,0
F656N,-0.121318939324,1
F656S,-0.08092834461115,1
F656L,-0.02891878754081,1
F656M,-0.05103150947105,1
F656D,-0.7928971188139999,0
F656E,-1.03667727675,0
F656G,-0.08237555604295,1
F656A,-0.1199430110499499,1
F656H,-0.011559582732,1
F656I,-0.1513147717275,1
F656K,-0.0826760249381499,1
S657N,0.0062307926708999,1
S657M,0.0095716052992999,1
S657L,0.0149060690266,1
S657K,0.06740189064665,1
S657I,0.03252248086455,1
S657H,0.019658036710305,1
S657G,0.017952073117535,1
S657F,-0.02781880857981,1
S657P,0.0422539958798499,1
S657V,0.01281159119352,1
S657D,-0.02770432850895,1
S657C,0.050742028069315,1
S657A,0.01456585575697,1
S657T,0.0389256884752,1
S657R,0.0276146115587,1
S657W,-0.0126311968976,1
S657Y,-0.0241964749163,1
S657E,0.08019779219025,1
S657Q,0.06767942424545,1
L658W,-0.12137780860575,1
L658Y,-0.0283081265588499,1
L658H,-0.0308099382682,1
L658S,0.0270771549048,1
L658R,-0.8781909533135,0
L658Q,-0.0536790600514499,1
L658P,-0.0147879080379449,1
L658N,-0.0237234074376,1
L658M,0.039563473822,1
L658K,-1.083125709855,0
L658I,0.0334209533309,1
L658G,-0.12383785958155,1
L658F,-0.0287040300417,1
L658E,-0.7297671123589999,0
L658D,-0.8031158256945,0
L658C,-0.0073105516939499,1
L658A,0.00753191717064,1
L658T,0.02655967145855,1
L658V,-0.007803087613555,1
D659N,0.03312760608475,1
D659W,0.0111975533403,1
D659Y,0.0559833866776999,1
D659A,0.0164597427147,1
D659C,0.0313035557484999,1
D659E,0.0482856160918499,1
D659F,-0.006405281250155,1
D659H,-0.002291455995955,1
D659I,0.0742999738203999,1
D659K,-0.00123932229705,1
D659G,-0.0033946089392499,1
D659P,-0.017188344220235,1
D659Q,0.0116538583835,1
D659R,0.00547102570029,1
D659S,-0.0149724792261,1
D659T,-0.008021458910845,1
D659V,0.0246037034838499,1
D659L,-0.0033225733436,1
E660A,0.0217039739505299,1
E660S,0.01370474445265,1
E660C,0.019057095229465,1
E660Y,0.0069612409884999,1
E660W,-0.010653792663405,1
E660V,0.0561213993238,1
E660T,0.00795292284425,1
E660R,0.02477610344275,1
E660H,0.0004317634673199,1
E660P,0.02795347092265,1
E660N,0.0352131965245199,1
E660M,0.03579353497885,1
E660L,0.02875021258653,1
E660K,0.03321394476395,1
E660I,0.01651733281395,1
E660G,0.0086742325308749,1
E660Q,0.02362555306055,1
E660F,-0.0174678589255,1
E660D,-0.03613486660815,1
P661M,0.03092963079645,1
P661G,-0.004107439247135,1
P661H,0.038743883887,1
P661I,0.0111970004375,1
P661K,0.0010195321296235,1
P661L,0.0073999786825999,1
P661D,-0.05595411106145,1
P661N,0.02234036389175,1
P661Q,0.0427737915418749,1
P661R,0.02476909284205,1
P661S,-0.0029742923719499,1
P661F,-0.0092013574128899,1
P661T,0.03528098034135,1
P661W,0.05092693020705,1
P661Y,0.0079091009879499,1
P661C,-0.0330783514315099,1
P661A,-0.00417485028735,1
P661V,0.0412746114307,1
P661E,-0.02417997384245,1
T662Y,0.0022425285317,1
T662I,0.01783409016715,1
T662H,-0.004386667681905,1
T662F,0.04484567951025,1
T662E,0.01924861003965,1
T662L,0.02381134839352,1
T662G,0.00676848858388,1
T662W,0.00924924946805,1
T662V,-0.0158054680076,1
T662S,0.0433362005719,1
T662R,0.03051814382685,1
T662Q,0.030158464431825,1
T662P,0.0136950449866499,1
T662N,-0.0017144381072999,1
T662M,-0.015531343325565,1
T662C,0.0079694769037,1
T662A,-0.01519871610042,1
T662D,0.03476777669032,1
T662K,0.024554060890795,1
S663A,0.021663273649395,1
S663C,0.04498481001015,1
S663D,0.087712466624,1
S663E,0.01697638720226,1
S663F,0.02141643601723,1
S663G,0.01672364877202,1
S663I,0.010383439693815,1
S663K,-0.004728701810725,1
S663L,0.014352148490995,1
S663H,0.0140488260214499,1
S663N,-0.00741488491393,1
S663P,0.013361833777735,1
S663Q,0.0273877264761705,1
S663R,-0.0071122572239569,1
S663T,0.01206756685105,1
S663V,0.01218930082427,1
S663W,-0.0185772316659,1
S663Y,0.014335266495525,1
S663M,0.07268973354605,1
F664L,0.01153342750848,1
F664K,-0.9681562527815,0
F664I,0.0274304733879,1
F664H,-0.001955831603931,1
F664A,-0.013541085922575,1
F664E,-1.054685948395,0
F664D,-0.901025447949,0
F664M,-0.0116685066370999,1
F664G,-0.6405219692549999,0
F664W,-0.0018154458447,1
F664Y,0.00954140698705,1
F664Q,-0.4215184444435,0
F664C,0.01458678735535,1
F664P,-0.4846884850455001,0
F664N,-0.262398597678,1
F664T,0.04404990541125,1
F664V,0.03791029311485,1
F664S,-0.046802353428655,1
F664R,-1.124154673805,0
A665K,-0.0385724111424,1
A665L,0.01203674120627,1
A665H,-0.013103071165635,1
A665N,0.05036125523555,1
A665P,-0.03851557048988,1
A665Q,0.04380250070805,1
A665G,0.0034064580995,1
A665F,-0.02783966034985,1
A665E,0.02625148944615,1
A665D,-0.09606204386925,1
A665C,-0.0106226420377,1
A665I,-0.0034126160625999,1
A665M,0.10479028917295,1
A665Y,0.01775193714581,1
A665S,0.04002365846765,1
A665W,-0.0916684220861999,1
A665V,0.00956392419794,1
A665T,-0.02031574866535,1
A665R,0.0337177904227,1
S666K,0.03229578706295,1
S666I,0.0154104147962499,1
S666N,0.004026521184573,1
S666Y,0.021398022211365,1
S666P,0.0256972158532,1
S666Q,0.002952769500855,1
S666R,0.0298079598875499,1
S666T,0.009997826486995,1
S666V,0.0545027950435,1
S666W,-0.0583607120988,1
S666M,0.04556146200125,1
S666L,-0.01219246444968,1
S666C,0.0233493611781,1
S666F,0.0029202430459,1
S666E,0.0145335782523999,1
S666A,0.00973055537721,1
S666D,-0.002029747539585,1
S666G,0.02401912248655,1
S666H,0.00703606096005,1
R667N,-0.036722185886,1
R667M,-0.0185251077332499,1
R667A,0.0201384855574,1
R667C,0.03236785680164,1
R667E,-0.0041399719583999,1
R667F,-0.0159323026243499,1
R667D,0.05646716024365,1
R667H,-0.01537228641145,1
R667P,-0.1379836626497,1
R667Q,-0.03458217823848,1
R667S,0.02606097917475,1
R667G,0.016604827901,1
R667V,0.0186391295316399,1
R667T,-0.029641917992565,1
R667Y,-0.05020136212975,1
R667L,-0.026613204492657,1
R667K,-0.010280040283155,1
R667I,0.04752253976135,1
R667W,-0.03221943000295,1
I668D,-0.953939513706,0
I668H,-0.546319988737,0
I668E,-0.845359385703,0
I668F,0.03264395420065,1
I668G,-0.8689585484154999,0
I668K,-1.2006691088,0
I668Y,-0.2391426743455,1
I668M,0.0056297839120999,1
I668N,-0.197185660273,1
I668P,-1.000163152502,0
I668Q,0.02986737113355,1
I668R,-1.06639593625,0
I668S,-0.161959902008,1
I668T,-0.02721484849555,1
I668V,0.0161254332000699,1
I668L,-0.01212932286465,1
I668W,-0.13366573122725,1
I668C,0.03825856845265,1
I668A,-0.016884981657935,1
N669W,0.05366599670635,1
N669A,0.03042761196545,1
N669C,0.0303243824892999,1
N669D,-0.012102037634035,1
N669E,0.001504620923,1
N669F,0.0281117050362,1
N669G,-0.0077629063259999,1
N669H,0.0253897283929,1
N669I,0.01553871943455,1
N669L,0.02032825011582,1
N669M,0.04970624715315,1
N669P,-0.2380217937705,1
N669Q,0.015188069243605,1
N669R,0.0009373969708999,1
N669S,0.0210717947793944,1
N669T,-0.013064452234915,1
N669V,0.03891068613895,1
N669Y,-0.03374338371445,1
N669K,0.020542864716935,1
R670W,0.01139511072755,1
R670F,0.0324819362453,1
R670Y,0.04579465412045,1
R670A,0.0006641128598499,1
R670C,0.03225115805055,1
R670D,0.0397926353688,1
R670E,0.0404698510888,1
R670G,0.02690520455225,1
R670H,0.03825241150555,1
R670K,-0.00377523862645,1
R670I,0.0298376325329,1
R670M,0.0777786567235,1
R670N,0.0753890245546,1
R670P,-0.0765428366496,1
R670Q,0.04916797775485,1
R670S,0.01060491003968,1
R670T,0.030335889397,1
R670V,0.01839564862447,1
R670L,0.012283582275205,1
L671G,-0.09524589485925,1
L671H,-0.1096780397587,1
L671F,0.00251693260115,1
L671Y,-0.0251892795865,1
L671D,-0.7669638213255,0
L671C,0.0376576386116999,1
L671I,0.029637651879935,1
L671E,-0.3878858550545,0
L671W,0.0101308437143,1
L671V,0.0302991653885,1
L671M,-0.0160978097181,1
L671N,-0.18488420162655,1
L671P,-1.231433203945,0
L671Q,-0.0990750951411,1
L671R,-0.6274198052705,0
L671S,-0.0673691258356,1
L671T,-0.01520807084945,1
L671K,-0.3472270111235,0
L671A,-0.0087187250180999,1
I672P,-0.848190354165,0
I672W,-0.00647614394299,1
I672E,-0.7190387250770001,0
I672F,-0.00067538248945,1
I672A,0.0272549566118,1
I672G,-0.2592290624109999,1
I672H,-0.3536966894264999,0
I672K,-1.39523782737,0
I672Y,-0.0935408145500499,1
I672L,-0.01312183056849,1
I672N,-0.5283639815505,0
I672Q,-0.2763880406295,1
I672R,-0.958307961043,0
I672S,-0.1601234223635,1
I672T,-0.03885885362545,1
I672V,0.02635324457445,1
I672M,-0.0549999752359499,1
I672D,-0.9792674137935,0
I672C,0.011785700143885,1
S673K,0.06652009840975,1
S673W,-0.0034166879033,1
S673V,0.01500840915782,1
S673T,0.00236546503821,1
S673R,0.01753439417743,1
S673Q,0.0729201269217,1
S673N,-0.0611198177649499,1
S673M,-0.00745757516247,1
S673L,0.02672488499055,1
S673P,-0.12519863240995,1
S673I,0.04967688111055,1
S673H,-0.023479952916345,1
S673G,0.0113301653557299,1
S673F,0.011560571349535,1
S673E,0.0435378771009499,1
S673D,-0.0134560063231,1
S673C,-0.018049139683795,1
S673Y,-0.004605697691415,1
S673A,0.0175059788981499,1
L674H,0.00284221629575,1
L674G,0.0066373548023295,1
L674F,0.0068686375511,1
L674A,0.02210565119224,1
L674D,-0.1171326831396,1
L674C,0.0237493708932,1
L674I,-0.0113637430431399,1
L674E,-0.1557319378632,1
L674K,-0.05722839899835,1
L674Y,0.0257592075630499,1
L674N,-0.0872153106221499,1
L674P,-0.4159120875365,0
L674Q,-0.00447536319925,1
L674R,-0.0857494600246499,1
L674S,-0.005650016999015,1
L674T,-0.0038181566994,1
L674V,0.0252305526636,1
L674W,0.06678728751315,1
L674M,-0.0236560746794,1
G675E,-0.2860903280125,1
G675F,8.804434630000149e-05,1
G675I,0.0083065939915,1
G675K,-0.6420065896764999,0
G675L,-6.226775770000123e-06,1
G675M,0.0278558676367,1
G675N,-0.3514550455935,0
G675S,-0.006391040299785,1
G675Q,-0.3829972054325,0
G675R,-0.5101321952794999,0
G675D,-0.6471029579600001,0
G675T,-0.00381327980391,1
G675V,-0.0175501607345999,1
G675W,-0.3240714939255,0
G675Y,0.04417310396207,1
G675P,-0.0468204626781849,1
G675C,0.02247944750814,1
G675H,-0.159129476616,1
G675A,0.0076438326145,1
L676A,-0.031155682604685,1
L676W,-0.03784256575805,1
L676C,0.0322057682937,1
L676D,-0.4896838922985,0
L676E,-0.1896633300025,1
L676F,-0.01984030632615,1
L676G,-0.1548655848099999,1
L676H,-0.0861804012486,1
L676I,0.00303648402875,1
L676Y,-0.3373394794745,0
L676M,-0.0159640083872499,1
L676K,-0.666478050546,0
L676T,-0.0421664248866,1
L676S,-0.0698434481031999,1
L676V,-0.0293709848979,1
L676Q,-0.0577188272877105,1
L676P,-0.654757352693,0
L676N,-0.0225481538499,1
L676R,-0.408020069477,0
N677Y,-0.05098467781295,1
N677Q,-0.002333961912235,1
N677W,-0.0783957365469499,1
N677V,0.0132796539326,1
N677T,0.01554969133941,1
N677S,0.000958411854935,1
N677R,0.017645038311025,1
N677P,-0.0096000044959799,1
N677H,-0.05399934129745,1
N677L,-0.02981749490605,1
N677K,0.0010861632573525,1
N677I,0.01418605302725,1
N677G,0.00872872333335,1
N677F,-0.0104879245912999,1
N677E,-0.016794907927975,1
N677D,-0.03708840936275,1
N677C,0.0310368819343,1
N677M,-0.0120689828957099,1
N677A,-0.0007334573180499,1
I678D,0.015705920536215,1
I678A,0.03882430646215,1
I678Y,-0.00828704283315,1
I678W,-0.005738872951651,1
I678V,0.00108357577355,1
I678T,0.01224774027709,1
I678S,0.00421701529585,1
I678Q,-0.00894369634945,1
I678P,-0.0015645774820999,1
I678N,0.0063112488735,1
I678R,0.004039094585585,1
I678L,0.01328226799202,1
I678K,-0.0244529685398,1
I678H,-0.015121936069395,1
I678G,-0.005617215458365,1
I678F,-0.007790142105625,1
I678E,-0.0021453083511,1
I678C,0.0543627419434999,1
I678M,0.0447933751823249,1
D679M,-0.03920303492365,1
D679V,-9.229872305000027e-05,1
D679T,0.0399995587088,1
D679S,-0.0011125018069195,1
D679R,0.02538641261455,1
D679P,0.03330767909265,1
D679N,0.0290565275917,1
D679L,0.00494388180843,1
D679W,0.032216845789955,1
D679I,-0.00348852383035,1
D679H,-0.0169403490494999,1
D679G,0.0206362831314599,1
D679F,0.0146610433504899,1
D679E,0.009429086632615,1
D679C,0.00627380213474,1
D679A,0.0127421954166275,1
D679K,0.0055721579335004,1
D679Y,0.04738776801235,1
E680A,-0.11336732825715,1
E680C,-0.142906730270195,1
E680R,-0.1295858166436,1
E680Y,-0.14999457007883,1
E680W,-0.2012567018502999,1
E680V,-0.126657935390145,1
E680T,-0.15484953452991,1
E680S,-0.1327772827305975,1
E680Q,-0.1398044503647,1
E680P,-0.12522337610415,1
E680N,-0.1310511422346499,1
E680L,-0.1101579632532499,1
E680K,-0.15104262468395,1
E680I,-0.1475392038301499,1
E680H,-0.0798492527133,1
E680G,-0.1006064167039999,1
E680F,-0.1376890072827599,1
E680D,-0.09531308892725,1
E680M,-0.104902062701,1
D681Q,-0.1432285167752,1
D681P,-0.121015902277,1
D681R,-0.1048600196453,1
D681T,-0.11928070832235,1
D681V,-0.1113271939981499,1
D681W,-0.18015252801595,1
D681N,-0.104239667611,1
D681S,-0.1467940573056,1
D681M,-0.14688748519645,1
D681G,-0.1359021095975,1
D681K,-0.1709606398502499,1
D681L,-0.11631901007485,1
D681C,-0.1892857469991,1
D681E,-0.091453873895725,1
D681A,-0.1225270178946999,1
D681H,-0.12696638639125,1
D681I,-0.1633456469736499,1
D681F,-0.14226468415085,1
D681Y,-0.09924199063755,1
E682M,-0.0565203910775,1
E682Y,-0.112764062731,1
E682W,-0.1315664566116,1
E682V,-0.1425597949197599,1
E682T,-0.1372714279505,1
E682S,-0.13032531819585,1
E682R,-0.1318508397401,1
E682Q,-0.13953810516192,1
E682P,-0.1615198312975,1
E682N,-0.1907366313009,1
E682L,-0.114550474319605,1
E682I,-0.152042035258315,1
E682H,-0.09194673485075,1
E682G,-0.1296934639132499,1
E682F,-0.08843544950175,1
E682D,-0.0727150254010499,1
E682C,-0.11584489067743,1
E682A,-0.1680239896929,1
E682K,-0.10725888152232,1
E683P,-0.1427298570753,1
E683Q,-0.12798298144695,1
E683S,-0.1112228099297,1
E683W,-0.1235551163906105,1
E683V,-0.13273746539773,1
E683N,-0.1006380417058,1
E683Y,-0.132657091818355,1
E683T,-0.11849986468955,1
E683M,-0.0800069292233,1
E683R,-0.1119688136443,1
E683K,-0.12281852614625,1
E683I,-0.15398406394425,1
E683H,-0.13735971225385,1
E683G,-0.124817723743615,1
E683F,-0.13093822163675,1
E683D,-0.16716102495515,1
E683C,-0.1176579967316649,1
E683A,-0.15434626317455,1
E683L,-0.14672242975585,1
T684H,-0.08353250398055,1
T684G,-0.1372350938304,1
T684A,-0.13687948785055,1
T684E,-0.104195271577,1
T684Y,-0.18950094783335,1
T684I,-0.10403111667915,1
T684F,-0.10125668466485,1
T684K,-0.1620742231995499,1
T684P,-0.1029113772204499,1
T684M,-0.1119698801376,1
T684N,-0.12808345143145,1
T684Q,-0.143138149495,1
T684R,-0.12577794217725,1
T684S,-0.1519054964538,1
T684V,-0.12823155784685,1
T684W,-0.11372178821065,1
T684L,-0.122456718232075,1
T684D,-0.19442472418835,1
T684C,-0.12134055519085,1
E685F,-0.1784693932402999,1
E685Y,-0.1392111133565,1
E685W,-0.0834338906066,1
E685V,-0.1640454280142,1
E685T,-0.1154488028396499,1
E685S,-0.1264822449583499,1
E685R,-0.11986529745675,1
E685P,-0.1259426061881499,1
E685N,-0.15569145201605,1
E685M,-0.11712534918185,1
E685L,-0.16707444164835,1
E685K,-0.1328585681613,1
E685I,-0.1092670141506,1
E685H,-0.1468458853647999,1
E685G,-0.1258143202008,1
E685D,-0.1632462451283499,1
E685Q,-0.126230081559875,1
E685A,-0.1120317654401,1
E685C,-0.119293090987855,1
T686Y,-0.18424122342185,1
T686V,-0.122441867702575,1
T686S,-0.10466192236645,1
T686A,-0.14172446666085,1
T686C,-0.1489541019306,1
T686D,-0.13968083417389,1
T686E,-0.06783263180915,1
T686F,-0.17557689430835,1
T686G,-0.15197529530765,1
T686W,-0.1176603156796499,1
T686H,-0.0908538590929999,1
T686Q,-0.15271674022505,1
T686P,-0.1162792657247499,1
T686N,-0.0896108327001,1
T686R,-0.1256379946136999,1
T686L,-0.1268678451785,1
T686K,-0.1319622599805,1
T686I,-0.12486045081765,1
T686M,-0.1496485605962799,1
A687M,-0.09191520867411,1
A687E,-0.1590638671414999,1
A687F,-0.062640903597,1
A687G,-0.11499694936815,1
A687H,-0.16768379127415,1
A687I,-0.1675936937937,1
A687K,-0.0427359790771,1
A687N,-0.1720698597863999,1
A687S,-0.1435272624302,1
A687Q,-0.180862981266045,1
A687R,-0.1175788605454499,1
A687D,-0.12611045505285,1
A687T,-0.1289002244406,1
A687V,-0.0941691760531,1
A687W,-0.1444855542553,1
A687Y,-0.06228281339205,1
A687P,-0.1054983587525,1
A687C,-0.2121040789851,1
A687L,-0.1119703174099499,1
P688D,-0.0974783204686,1
P688C,-0.14375977570235,1
P688A,-0.1122284903088999,1
P688E,-0.1139730221963,1
P688F,-0.1148594759738,1
P688G,-0.12243043279277,1
P688H,-0.1017905718609849,1
P688I,-0.1266260204625,1
P688K,-0.095248037716,1
P688L,-0.13891419871998,1
P688N,-0.15452364369415,1
P688Q,-0.113524125567265,1
P688R,-0.116132106858085,1
P688S,-0.12752725018954,1
P688T,-0.123240367885985,1
P688V,-0.1443332659457,1
P688W,-0.10459212064035,1
P688Y,-0.1414365322116,1
P688M,-0.1567701027240899,1
E689Y,-0.113687842271215,1
E689A,-0.11358660212545,1
E689W,-0.09476097082955,1
E689C,-0.16499670032035,1
E689G,-0.12477649367325,1
E689H,-0.0959211047165,1
E689I,-0.2017933412605,1
E689K,-0.15886434118315,1
E689L,-0.12957100391595,1
E689M,-0.1068369844215,1
E689N,-0.13559667915735,1
E689P,-0.1215969190814,1
E689Q,-0.1382631552904999,1
E689R,-0.126324092078285,1
E689S,-0.144449777285,1
E689T,-0.11710894528895,1
E689V,-0.1116163493301,1
E689F,-0.138323832581615,1
E689D,-0.1198935768373499,1
A690W,-0.10962397632745,1
A690Q,-0.1623051257620499,1
A690P,-0.12983165052315,1
A690M,-0.09529613452995,1
A690L,-0.105409310937795,1
A690K,-0.1083867740205,1
A690I,-0.13206617966365,1
A690Y,-0.2533254720525,1
A690S,-0.125494074371695,1
A690G,-0.136557107962345,1
A690F,-0.08751239803985,1
A690E,-0.12640256284835,1
A690D,-0.1281174818402,1
A690T,-0.1326692565501,1
A690C,-0.1828518484965499,1
A690V,-0.119450630907,1
A690H,-0.12354940178365,1
A690R,-0.11303172975045,1
S691D,-0.12342587506695,1
S691Q,-0.11165164047575,1
S691G,-0.10211670795815,1
S691H,-0.126946890946,1
S691I,-0.1105729732373,1
S691K,-0.16285210016835,1
S691L,-0.1136897534135,1
S691N,-0.1062121496464,1
S691P,-0.1384118188392999,1
S691R,-0.130039415681495,1
S691T,-0.1477538711347,1
S691V,-0.1250945561936,1
S691W,-0.1342850335967,1
S691Y,-0.1571157468925,1
S691C,-0.1146064528874,1
S691A,-0.118862245258165,1
S691F,-0.1515260829266,1
S691E,-0.1584737925368,1
T692D,-0.1399330581862,1
T692C,-0.1395342858507,1
T692A,-0.11602788078665,1
T692Y,-0.114618074208,1
T692W,-0.13993444605585,1
T692V,-0.12013471211761,1
T692S,-0.14296562020592,1
T692Q,-0.1196114018645,1
T692P,-0.131488667702445,1
T692N,-0.1695647269886999,1
T692R,-0.1452532792132,1
T692L,-0.1576493769011,1
T692K,-0.0681160198774,1
T692I,-0.11566899164795,1
T692H,-0.1150764368021,1
T692G,-0.1084974771216199,1
T692F,-0.15075978812645,1
T692E,-0.1595491067652749,1
T692M,-0.16248881243065,1
A693M,-0.0450645470365,1
A693V,-0.1486108531128999,1
A693S,-0.168600838211075,1
A693R,-0.117658575059025,1
A693Q,-0.1533984706013,1
A693P,-0.1093255138687,1
A693N,-0.11508959018005,1
A693L,-0.1083844926621,1
A693W,-0.141263971335725,1
A693I,-0.03460271281535,1
A693H,-0.1895735387697,1
A693G,-0.10685480368355,1
A693F,-0.14315981630045,1
A693E,-0.18130117505085,1
A693D,-0.1793751116705,1
A693C,-0.20256770567545,1
A693K,-0.1162805637686999,1
A693Y,-0.11059811879415,1
A693T,-0.1333953554583999,1
A694R,-0.13281545644915,1
A694S,-0.1186384026777299,1
A694W,-0.16150681722302,1
A694V,-0.114651845204,1
A694T,-0.0868651981524499,1
A694C,-0.1590811037162,1
A694D,-0.1987679677234999,1
A694E,-0.0964360072627,1
A694F,-0.1282576169126,1
A694Y,-0.221330949492,1
A694H,-0.08727090123365,1
A694G,-0.140405663761845,1
A694P,-0.098807167426,1
A694N,-0.1400108782943999,1
A694Q,-0.1047477566422,1
A694L,-0.1294107512953,1
A694K,-0.13826479488895,1
A694I,-0.1781076497995,1
A694M,-0.1562760841645,1
P695Y,-0.08671548238375,1
P695Q,-0.1558334671692,1
P695W,-0.16476202416195,1
P695V,-0.137598428537915,1
P695T,-0.1299229573877,1
P695S,-0.13389368066485,1
P695R,-0.1203664193810665,1
P695N,-0.0806192718118999,1
P695I,-0.1673639405023,1
P695L,-0.0947805099571,1
P695K,-0.15369348198865,1
P695H,-0.118352998755935,1
P695G,-0.1281534724134435,1
P695F,-0.08119154781585,1
P695E,-0.104917882633195,1
P695D,-0.0591471696779999,1
P695M,-0.2328187269395,1
P695A,-0.13303244886425,1
P695C,-0.11538744537515,1
V696L,-0.15275874839835,1
V696I,-0.125521594077705,1
V696H,-0.107391037448955,1
V696G,-0.110532455353445,1
V696F,-0.1374416221240499,1
V696E,-0.1063966457879,1
V696D,-0.1207555958112999,1
V696C,-0.1143265035017,1
V696A,-0.127656238631595,1
V696N,-0.125062166264,1
V696P,-0.1804386964945999,1
V696Q,-0.17068713617275,1
V696R,-0.1577696764125999,1
V696S,-0.14933665736653,1
V696T,-0.115006446972535,1
V696W,-0.0970918643696,1
V696Y,-0.1545263563961799,1
V696K,-0.2216229381507999,1
V696M,-0.08245729875,1
E697A,-0.11643778375205,1
E697T,-0.10605305142415,1
E697V,-0.10668025640215,1
E697W,-0.1799410248422,1
E697Y,-0.1879130928716,1
E697C,-0.177151977974,1
E697S,-0.1175121886027,1
E697D,-0.17928053860925,1
E697F,-0.1384463756110499,1
E697H,-0.1258506286239999,1
E697I,-0.07318913836695,1
E697K,-0.1475826249106099,1
E697G,-0.13467356911575,1
E697M,-0.0815422014844999,1
E697N,-0.06579980205075,1
E697P,-0.15646035393635,1
E697Q,-0.13370880291695,1
E697R,-0.1207406405959,1
E697L,-0.09762721704265,1
E698N,-0.14684730563579,1
E698W,-0.15191765436155,1
E698V,-0.12093105006325,1
E698T,-0.16025254549095,1
E698S,-0.1520832410035,1
E698R,-0.1256081168428399,1
E698Q,-0.154098265470095,1
E698P,-0.13369828933175,1
E698M,-0.12785285010105,1
E698K,-0.160237936458,1
E698Y,-0.11038140538864,1
E698I,-0.09341942299015,1
E698H,-0.08674301461955,1
E698G,-0.0881787542441999,1
E698F,-0.1399706036258,1
E698D,-0.1793024164525,1
E698C,-0.14278608591375,1
E698A,-0.10240181003615,1
E698L,-0.0977280820208999,1
V699Y,-0.1468106113255499,1
V699T,-0.1485611463836,1
V699S,-0.13271336750635,1
V699Q,-0.0151297901684999,1
V699P,-0.10969457647485,1
V699N,-0.1190102712016,1
V699L,-0.15373533043785,1
V699R,-0.08938923862235,1
V699I,-0.1335461642430999,1
V699H,-0.12337652535445,1
V699G,-0.108548102646,1
V699F,-0.11648070204315,1
V699E,-0.0741743959645,1
V699D,-0.2621552511765,1
V699C,-0.1296992817325,1
V699A,-0.110031499168885,1
V699K,0.0003726274344999,1
P700Q,-0.1071103696785,1
P700R,-0.11713057211515,1
P700W,-0.1360971465737999,1
P700T,-0.12531423516407,1
P700V,-0.1119658434444,1
P700N,-0.146725724656335,1
P700S,-0.128891690958455,1
P700M,-0.096481415470925,1
P700G,-0.121022166131925,1
P700I,-0.12436524733575,1
P700H,-0.13838502134595,1
P700F,-0.1456006169119,1
P700E,-0.12192073346375,1
P700D,-0.13248217156645,1
P700C,-0.14046759702145,1
P700A,-0.13116999017004,1
P700K,-0.14289945882295,1
P700Y,-0.0960019293356,1
P700L,-0.1342133776098,1
A701V,-0.156929522387005,1
A701E,-0.13691288674005,1
A701F,-0.10612279551069,1
A701G,-0.1559413836082999,1
A701H,-0.12781661178315,1
A701I,-0.1619917677514999,1
A701K,-0.1411654559010499,1
A701L,-0.16508070863715,1
A701T,-0.1233579497084499,1
A701Y,-0.11949391179965,1
A701W,-0.1068277418678999,1
A701N,-0.1338958418979499,1
A701P,-0.08923319753485,1
A701Q,-0.13023479331335,1
A701R,-0.109300322327515,1
A701C,-0.099375099383405,1
A701S,-0.14272070381548,1
A701M,-0.13729184221905,1
A701D,-0.1084769510038,1
D702W,-0.04016375605125,1
D702C,-0.090366289912,1
D702E,-0.1632576250190499,1
D702F,-0.16174011349605,1
D702G,-0.10071413008535,1
D702H,-0.11456956253515,1
D702I,-0.15943441509237,1
D702K,-0.1079170266016,1
D702L,-0.09580673018975,1
D702M,-0.20093705274135,1
D702N,-0.106286490878,1
D702P,-0.0967659239717149,1
D702Q,-0.135586561971,1
D702R,-0.132687837841415,1
D702S,-0.09330327166195,1
D702A,-0.14416032412205,1
D702V,-0.1491032789779,1
D702T,-0.11944666100445,1
D702Y,-0.1001262227289,1
T703W,-0.1447146776467,1
T703V,-0.121240616809945,1
T703S,-0.1209792517406199,1
T703R,-0.105258359187,1
T703Q,-0.14485647959888,1
T703P,-0.129039616544395,1
T703N,-0.15302352555275,1
T703M,-0.10018731294455,1
T703L,-0.104653389795,1
T703I,-0.1194415023600999,1
T703H,-0.12609031790545,1
T703G,-0.14046157981435,1
T703F,-0.19941430818235,1
T703E,-0.100678863495,1
T703D,-0.05082117031305,1
T703C,-0.1416059831480499,1
T703A,-0.1398318048183,1
T703K,-0.13231273403146,1
T703Y,-0.15907570040115,1
E704C,-0.0960969502241,1
E704Y,-0.1276257045618,1
E704F,-0.2131178852775,1
E704W,-0.1891980559659,1
E704V,-0.0976105467529,1
E704T,-0.08617602288205,1
E704S,-0.12754498224375,1
E704R,-0.11952310396675,1
E704Q,-0.11348668733455,1
E704D,-0.14149835484095,1
E704P,-0.1244092655931,1
E704M,-0.1717745154563,1
E704L,-0.11060657079218,1
E704K,-0.12461170780685,1
E704I,-0.1325458773353,1
E704H,-0.1653461516287999,1
E704G,-0.10392143115465,1
E704N,-0.1451944940164,1
E704A,-0.13644778292205,1
M705D,-0.15924722457595,1
M705Y,-0.16425209642395,1
M705A,-0.13085396304705,1
M705E,-0.102940571684215,1
M705F,-0.12855511802689,1
M705G,-0.13242413150715,1
M705H,-0.1181039272202,1
M705I,-0.0928925031469,1
M705K,-0.15922936803655,1
M705L,-0.1501242243056,1
M705C,-0.131676740158,1
M705P,-0.1090259540111,1
M705Q,-0.21207528040255,1
M705R,-0.148564894539495,1
M705S,-0.16920005041935,1
M705T,-0.1168161431749,1
M705V,-0.154114950611,1
M705W,-0.1541452800481,1
M705N,-0.1514576934021,1
E706W,-0.1921989894385,1
E706V,-0.1366274275583,1
E706T,-0.1212655838733,1
E706S,-0.1211012832967999,1
E706R,-0.1370887909269499,1
E706Q,-0.0849184795296499,1
E706N,-0.1825056897633,1
E706I,-0.1610704660389,1
E706L,-0.1106163468588,1
E706K,-0.16349113570115,1
E706H,-0.14117842954755,1
E706G,-0.131864097612365,1
E706F,-0.1229467936958,1
E706D,-0.09888070541994,1
E706Y,-0.10798431312155,1
E706M,-0.1790959582829999,1
E706P,-0.1539086434583,1
E706C,-0.1468854074567,1
E706A,-0.138290251128565,1
E707M,-0.12326357863805,1
E707G,-0.1135119309171,1
E707H,-0.07498228721445,1
E707I,-0.1023961683724,1
E707K,-0.1122696271603,1
E707L,-0.10788885845765,1
E707N,-0.07605711889165,1
E707P,-0.1627681244407,1
E707Q,-0.1802632753400499,1
E707R,-0.12931146193685,1
E707S,-0.1225711802696999,1
E707T,-0.1011957999996,1
E707V,-0.1453027486945499,1
E707W,-0.15448045306535,1
E707Y,-0.09089121261225,1
E707F,-0.1067186291551999,1
E707D,-0.1682841028135499,1
E707A,-0.1581474581441,1
E707C,-0.1813122989188,1
V708Y,-0.155437140559815,1
V708D,-0.2654988228095,1
V708E,-0.2139788194352999,1
V708F,-0.16374419331295,1
V708G,-0.2361571729785001,1
V708H,-0.179848453197,1
V708I,-0.2139717397280499,1
V708K,-0.2578474220905,1
V708L,-0.12863928716861,1
V708C,-0.14753106720985,1
V708N,-0.1413154120085999,1
V708A,-0.12482983352071,1
V708P,-0.21534250320305,1
V708Q,-0.18662563278795,1
V708R,-0.274541975752,1
V708S,-0.1811317296018,1
V708T,-0.13509284473615,1
V708W,-0.1741499210501499,1
V708M,-0.1509070414298799,1
D709A,-0.0880826022783,1
D709C,-0.14466258980225,1
D709E,-0.11282082914155,1
D709F,-0.1213615314816499,1
D709G,-0.16507441247295,1
D709I,-0.1395664279739999,1
D709R,-0.2511890002775,1
D709L,-0.09106923587768,1
D709N,-0.14651239547385,1
D709S,-0.1361174064464,1
D709T,-0.1580722973647499,1
D709V,-0.1453789153899,1
D709W,-0.1461847648315,1
D709K,-0.2154368740851,1
D709Y,-0.1822656053581,1
