model,config,assay,delta,snr
650M,bf16,A0A192B1T2_9HIV1_Haddox_2018,-0.0008898785490230043,53.44502636436111
650M,bf16,A0A1I9GEU1_NEIME_Kennouche_2019,-0.0005466047131323995,68.53014392815157
650M,bf16,A0A247D711_LISMN_Stadelmann_2021,-0.0005598346933616966,72.8201867080474
650M,bf16,A0A2Z5U3Z0_9INFA_Doud_2016,-0.00044465018550754465,29.666667329152755
650M,bf16,A0A2Z5U3Z0_9INFA_Wu_2014,0.00027404700911370927,29.10436188643915
650M,bf16,A4D664_9INFA_Soh_2019,0.0002005778822911919,63.22104002101102
650M,bf16,A4GRB6_PSEAI_Chen_2020,-0.0008926670206224063,74.08971078831743
650M,bf16,A4_HUMAN_Seuma_2022,-0.0011391890142291028,62.44295540369328
650M,bf16,AACC1_PSEAI_Dandage_2018,-0.0008825437903012823,57.00698890205165
650M,bf16,ACE2_HUMAN_Chan_2020,0.000921259292686688,47.95981728578387
650M,bf16,ADRB2_HUMAN_Jones_2020,0.00017951915361347215,70.5151564998706
650M,bf16,AICDA_HUMAN_Gajula_2014_3cycles,-0.004037691239721086,54.77488026878154
650M,bf16,AMFR_HUMAN_Tsuboyama_2023_4G3O,0.0007432387590962097,77.71952693367504
650M,bf16,AMIE_PSEAE_Wrenbeck_2017,1.799202040431158e-05,50.225685432584164
650M,bf16,ANCSZ_Hobbs_2022,-0.00035304614834796855,76.46696749830474
650M,bf16,ARGR_ECOLI_Tsuboyama_2023_1AOY,0.0015485180052899894,41.636861861978076
650M,bf16,B2L11_HUMAN_Dutta_2010_binding-Mcl-1,0.0162306242133603,27.388286173299072
650M,bf16,BBC1_YEAST_Tsuboyama_2023_1TG0,0.0004291603534329891,101.31100117370332
650M,bf16,BCHB_CHLTE_Tsuboyama_2023_2KRU,0.002424199756183576,51.56077795274274
650M,bf16,BLAT_ECOLX_Deng_2012,0.0008355895761653631,58.287350008865985
650M,bf16,BLAT_ECOLX_Firnberg_2014,-0.0005011596596032897,57.85546211577926
650M,bf16,BLAT_ECOLX_Jacquier_2013,-0.0005537157963815265,60.19840314528218
650M,bf16,BLAT_ECOLX_Stiffler_2015,-0.0003430522745464515,58.287350008865985
650M,bf16,C6KNH7_9INFA_Lee_2018,-0.0010952111296504974,33.27064740000547
650M,bf16,CALM1_HUMAN_Weile_2017,-0.0014580605478273778,49.842227517595234
650M,bf16,CAPSD_AAV2S_Sinai_2021,0.0012043958469908356,91.82655685131014
650M,bf16,CASP3_HUMAN_Roychowdhury_2020,0.000695482281935389,55.819721193095226
650M,bf16,CASP7_HUMAN_Roychowdhury_2020,0.000849681043749051,47.989795187844074
650M,bf16,CATR_CHLRE_Tsuboyama_2023_2AMI,0.00034551499966650745,83.67924767907104
650M,bf16,CBPA2_HUMAN_Tsuboyama_2023_1O6X,6.768790018152337e-05,83.39844242445217
650M,bf16,CBS_HUMAN_Sun_2020,-3.0975731432403286e-05,61.02244660492603
650M,bf16,CBX4_HUMAN_Tsuboyama_2023_2K28,0.0015897650822040976,77.53926388747567
650M,bf16,CCDB_ECOLI_Adkar_2012,-0.0005022611303576174,62.07716144773631
650M,bf16,CCDB_ECOLI_Tripathi_2016,0.00040090791762681377,61.20528063137712
650M,bf16,CCR5_HUMAN_Gill_2023,-0.00022430215469881887,60.75999433834113
650M,bf16,CD19_HUMAN_Klesmith_2019_FMC_singles,-0.0005098171644295005,71.62806169910739
650M,bf16,CP2C9_HUMAN_Amorosi_2021_abundance,0.0005198746609587079,63.02617084434102
650M,bf16,CP2C9_HUMAN_Amorosi_2021_activity,0.0009883628918215814,62.078139956340564
650M,bf16,CSN4_MOUSE_Tsuboyama_2023_1UFM,-0.0013736610085304801,28.622583075337662
650M,bf16,CUE1_YEAST_Tsuboyama_2023_2MYX,-0.0016928842123776766,74.92287829816975
650M,bf16,D7PM05_CLYGR_Somermeyer_2022,-0.0009377544807126978,36.547766376511106
650M,bf16,DLG4_HUMAN_Faure_2021,0.0025236126509394774,44.145494997905544
650M,bf16,DLG4_RAT_McLaughlin_2012,-0.0014437759599343902,38.38187548315451
650M,bf16,DN7A_SACS2_Tsuboyama_2023_1JIC,-0.0020865597088036147,59.7472929112507
650M,bf16,DNJA1_HUMAN_Tsuboyama_2023_2LO1,0.0013709593851668478,99.10437565770204
650M,bf16,DOCK1_MOUSE_Tsuboyama_2023_2M0Y,-0.0013090035188620952,58.87858145915217
650M,bf16,DYR_ECOLI_Nguyen_2023,-0.00075377546040023,71.90925544594229
650M,bf16,DYR_ECOLI_Thompson_2019,-0.0009897562279668204,66.04498396936584
650M,bf16,ENVZ_ECOLI_Ghose_2023,-0.001430979611163008,52.246481438352035
650M,bf16,ENV_HV1B9_DuenasDecamp_2016,-0.0023321935018832014,64.07316688130486
650M,bf16,ENV_HV1BR_Haddox_2016,-0.0007417783620205995,56.20153520056792
650M,bf16,EPHB2_HUMAN_Tsuboyama_2023_1F0M,-0.00025543404673677994,101.97970655842786
650M,bf16,ESTA_BACSU_Nutschel_2020,-0.00014390241523232206,63.49982045351292
650M,bf16,F7YBW8_MESOW_Aakre_2015,0.0037431088621494024,30.34499312121839
650M,bf16,F7YBW8_MESOW_Ding_2023,-0.00034480374511641765,98.40376844880994
650M,bf16,FECA_ECOLI_Tsuboyama_2023_2D1U,-0.0010023126686948824,64.20716648101052
650M,bf16,FKBP3_HUMAN_Tsuboyama_2023_2KFV,0.0037482531409679942,17.340403130326735
650M,bf16,GAL4_YEAST_Kitzman_2015,-0.0005687372726336237,66.69908166230964
650M,bf16,GCN4_YEAST_Staller_2018,0.0002724970329457399,94.45265264484917
650M,bf16,GDIA_HUMAN_Silverstein_2021,0.00010503359436730975,36.02351961330983
650M,bf16,GFP_AEQVI_Sarkisyan_2016,-0.00017804804246479566,41.69855334773579
650M,bf16,GLPA_HUMAN_Elazar_2016,-0.001281010637364799,74.0973618420801
650M,bf16,GRB2_HUMAN_Faure_2021,0.001083442502939902,76.17977909708493
650M,bf16,HCP_LAMBD_Tsuboyama_2023_2L6Q,-0.0028111162808427403,50.07692074084716
650M,bf16,HECD1_HUMAN_Tsuboyama_2023_3DKM,-0.0015355025946068301,59.31487074447729
650M,bf16,HEM3_HUMAN_Loggerenberg_2023,0.00011317229649349114,63.47112288394878
650M,bf16,HIS7_YEAST_Pokusaeva_2019,-0.0013727189161781284,30.880450427618456
650M,bf16,HMDH_HUMAN_Jiang_2019,0.0014002159588690777,44.509876988222935
650M,bf16,HSP82_YEAST_Cote-Hammarlof_2020_growth-H2O2,-0.0012170565280863466,48.16064669953853
650M,bf16,HSP82_YEAST_Flynn_2019,-0.0007935852497620854,54.20428490931498
650M,bf16,HSP82_YEAST_Mishra_2016,-0.001093224915149682,58.40481085842779
650M,bf16,HXK4_HUMAN_Gersing_2022_activity,-0.00015995164920690197,67.45738961467224
650M,bf16,HXK4_HUMAN_Gersing_2023_abundance,-0.000179459402750215,67.32593184919521
650M,bf16,I6TAH8_I68A0_Doud_2015,0.0004507794100340988,81.18105069812022
650M,bf16,IF1_ECOLI_Kelsic_2016,-0.00033699372186857257,63.14300598229533
650M,bf16,ILF3_HUMAN_Tsuboyama_2023_2L33,-0.0030097212844359955,23.92221901635492
650M,bf16,ISDH_STAAW_Tsuboyama_2023_2LHR,5.6752257321435184e-05,137.91344314092206
650M,bf16,KCNE1_HUMAN_Muhammad_2023_expression,-4.689362040900813e-05,40.87854835411566
650M,bf16,KCNE1_HUMAN_Muhammad_2023_function,-0.0011008221607108348,40.83077211440665
650M,bf16,KCNJ2_MOUSE_Coyote-Maestas_2022_function,-0.0005984070486744208,54.819966918922
650M,bf16,KCNJ2_MOUSE_Coyote-Maestas_2022_surface,-0.00024785051823500437,54.74791331207298
650M,bf16,KKA2_KLEPN_Melnikov_2014,-0.00037380304857637103,57.110619343087954
650M,bf16,LGK_LIPST_Klesmith_2015,0.0002825219037305704,48.58662097989513
650M,bf16,LYAM1_HUMAN_Elazar_2016,-0.0020712892171568797,77.50901667297258
650M,bf16,MAFG_MOUSE_Tsuboyama_2023_1K1V,-0.00027213982957358107,109.47769896341788
650M,bf16,MBD11_ARATH_Tsuboyama_2023_6ACV,0.00420976827527253,41.226934364409175
650M,bf16,MET_HUMAN_Estevam_2023,-0.0003099920905433873,65.31148591287729
650M,bf16,MK01_HUMAN_Brenan_2016,2.3830361944698897e-05,64.5676133552423
650M,bf16,MLAC_ECOLI_MacRae_2023,-0.00042660323219695373,58.527695829555554
650M,bf16,MSH2_HUMAN_Jia_2020,-0.0004487839870437882,37.54172652601638
650M,bf16,MTH3_HAEAE_RockahShmuel_2015,0.000650497445727316,56.73179538331488
650M,bf16,MTHR_HUMAN_Weile_2021,-3.899654180433698e-05,36.92713948231289
650M,bf16,MYO3_YEAST_Tsuboyama_2023_2BTT,-0.0011244077476968428,78.10255695024708
650M,bf16,NCAP_I34A1_Doud_2015,-0.0003182337908633967,65.1265238889711
650M,bf16,NKX31_HUMAN_Tsuboyama_2023_2L9R,-0.0006020954205988582,56.62914656388765
650M,bf16,NRAM_I33A0_Jiang_2016,0.0012809215475655111,27.146286676366067
650M,bf16,NUD15_HUMAN_Suiter_2020,0.0012921560789845854,56.040299159192934
650M,bf16,NUSA_ECOLI_Tsuboyama_2023_1WCL,-0.002009847580209001,95.5452251496345
650M,bf16,NUSG_MYCTU_Tsuboyama_2023_2MI6,-0.0010329544218626863,60.911255980967006
650M,bf16,OBSCN_HUMAN_Tsuboyama_2023_1V1C,-0.0008066924724033919,69.08490817648695
650M,bf16,ODP2_GEOSE_Tsuboyama_2023_1W4G,0.002231327572619707,42.6781715472185
650M,bf16,OPSD_HUMAN_Wan_2019,0.0014361845429367026,35.864250950732156
650M,bf16,OTC_HUMAN_Lo_2023,0.0002204852173870453,53.96139142280076
650M,bf16,OTU7A_HUMAN_Tsuboyama_2023_2L2D,-0.003848755016638006,35.43324116559785
650M,bf16,OXDA_RHOTO_Vanella_2023_activity,0.0001253886764341905,50.59582244752162
650M,bf16,OXDA_RHOTO_Vanella_2023_expression,-6.745651354000959e-05,51.63939542079706
650M,bf16,P53_HUMAN_Giacomelli_2018_Null_Etoposide,-0.0001400787874408782,56.03011359340744
650M,bf16,P53_HUMAN_Giacomelli_2018_Null_Nutlin,-0.00014164672467537054,56.03011359340744
650M,bf16,P53_HUMAN_Giacomelli_2018_WT_Nutlin,-0.0006729564997111637,56.03011359340744
650M,bf16,P53_HUMAN_Kotler_2018,0.00014971367234395405,47.243557941668236
650M,bf16,P84126_THETH_Chan_2017,-0.0005018482761203202,63.553575746678554
650M,bf16,PABP_YEAST_Melamed_2013,-0.00040448462426323495,66.60412434894906
650M,bf16,PAI1_HUMAN_Huttinger_2021,-0.0005110888764008892,65.7819635124895
650M,bf16,PA_I34A1_Wu_2015,-3.4784057727201e-05,29.48211757420291
650M,bf16,PHOT_CHLRE_Chen_2023,-0.002435520799937696,53.361589180203374
650M,bf16,PIN1_HUMAN_Tsuboyama_2023_1I6C,-0.002388160614266166,59.75676580657866
650M,bf16,PITX2_HUMAN_Tsuboyama_2023_2L7M,-0.0030070045118747446,41.33179731152829
650M,bf16,PKN1_HUMAN_Tsuboyama_2023_1URF,-0.0028082798054646085,31.627623645170214
650M,bf16,POLG_DEN26_Suphatrakul_2023,-0.0009296507155820977,48.197231124717796
650M,bf16,POLG_PESV_Tsuboyama_2023_2MXD,0.017684231845159715,32.608755148937945
650M,bf16,PPARG_HUMAN_Majithia_2016,0.0010678551056205743,53.78967688893229
650M,bf16,PPM1D_HUMAN_Miller_2022,-0.0003850740866635505,51.307363447683805
650M,bf16,PR40A_HUMAN_Tsuboyama_2023_1UZC,0.0009348664850243882,69.74447978589464
650M,bf16,PRKN_HUMAN_Clausen_2023,-0.0005569700654102228,59.70535130575949
650M,bf16,PSAE_PICP2_Tsuboyama_2023_1PSE,0.00048286181330126077,109.94367399280438
650M,bf16,PTEN_HUMAN_Matreyek_2021,-0.0002904152068199939,45.3975196288646
650M,bf16,PTEN_HUMAN_Mighell_2018,-6.689404337234528e-05,46.5625365300575
650M,bf16,Q2N0S5_9HIV1_Haddox_2018,-0.0006106853636339976,45.22501291140309
650M,bf16,Q53Z42_HUMAN_McShan_2019_binding-TAPBPR,-0.0009084835759415877,47.85645041631227
650M,bf16,Q53Z42_HUMAN_McShan_2019_expression,0.00043405338642665825,47.85645041631227
650M,bf16,Q59976_STRSQ_Romero_2015,-0.0010636039380789164,55.67810290291913
650M,bf16,Q6WV12_9MAXI_Somermeyer_2022,0.001842430522438,28.29320264697537
650M,bf16,Q837P4_ENTFA_Meier_2023,0.0017632587377756082,67.77053598264398
650M,bf16,Q837P5_ENTFA_Meier_2023,0.0007034187105726675,73.69630487681415
650M,bf16,Q8WTC7_9CNID_Somermeyer_2022,-0.002409224240232599,41.76050267311938
650M,bf16,R1AB_SARS2_Flynn_2022,0.0016453506269609036,33.98040112551703
650M,bf16,RAD_ANTMA_Tsuboyama_2023_2CJJ,-0.0004939517098661028,66.11527294191846
650M,bf16,RAF1_HUMAN_Zinkus-Boltz_2019,0.00015502852766502428,36.497117304328036
650M,bf16,RASH_HUMAN_Bandaru_2017,0.0011544246152672133,59.351122607649984
650M,bf16,RASK_HUMAN_Weng_2022_abundance,-0.000361142954151239,54.132529416706696
650M,bf16,RASK_HUMAN_Weng_2022_binding-DARPin_K55,0.0005965754646393151,54.72003610509752
650M,bf16,RBP1_HUMAN_Tsuboyama_2023_2KWH,0.00035837581684705633,87.47500218305782
650M,bf16,RCD1_ARATH_Tsuboyama_2023_5OAO,0.00012388710105704082,57.02003198238309
650M,bf16,RCRO_LAMBD_Tsuboyama_2023_1ORC,-0.0005279764205536885,95.90315844650806
650M,bf16,RD23A_HUMAN_Tsuboyama_2023_1IFY,0.000486621384179875,51.42315766152333
650M,bf16,RDRP_I33A0_Li_2023,0.00023157323038780486,22.829097376681695
650M,bf16,REV_HV1H2_Fernandes_2016,-0.001705790062009993,25.442259586717018
650M,bf16,RFAH_ECOLI_Tsuboyama_2023_2LCL,0.0004653069132145027,64.96713799034677
650M,bf16,RL20_AQUAE_Tsuboyama_2023_1GYZ,0.0013935312798282196,103.92339482987772
650M,bf16,RL40A_YEAST_Mavor_2016,0.001141201172752182,38.96413089152081
650M,bf16,RL40A_YEAST_Roscoe_2013,0.00019818133730231668,37.118256748365695
650M,bf16,RL40A_YEAST_Roscoe_2014,0.001367139016942076,39.601419886458565
650M,bf16,RNC_ECOLI_Weeks_2023,-0.0003501606572453575,67.41259193918708
650M,bf16,RPC1_BP434_Tsuboyama_2023_1R69,-0.0009964489984292113,125.62032752093242
650M,bf16,RPC1_LAMBD_Li_2019_high-expression,-0.002828658566535802,49.73588377028178
650M,bf16,RPC1_LAMBD_Li_2019_low-expression,-0.0008404264082538804,49.73588377028178
650M,bf16,RS15_GEOSE_Tsuboyama_2023_1A32,-0.0015241043156922207,47.11909670506644
650M,bf16,S22A1_HUMAN_Yee_2023_abundance,-0.0005791986116857606,50.501964801993225
650M,bf16,S22A1_HUMAN_Yee_2023_activity,-0.00027454339085031254,50.903739327326804
650M,bf16,SAV1_MOUSE_Tsuboyama_2023_2YSB,0.004879525627110914,37.590580270201116
650M,bf16,SBI_STAAM_Tsuboyama_2023_2JVG,-0.0005958443246242284,64.42105763615642
650M,bf16,SC6A4_HUMAN_Young_2021,-0.0003105396505469482,60.244381759942385
650M,bf16,SCIN_STAAR_Tsuboyama_2023_2QFF,0.0018400983026738982,69.88777396962601
650M,bf16,SDA_BACSU_Tsuboyama_2023_1PV0,4.3950858733321496e-05,89.3296771127068
650M,bf16,SERC_HUMAN_Xie_2023,0.00024611247025363436,59.864212084720236
650M,bf16,SHOC2_HUMAN_Kwon_2022,0.0005720784872659812,45.719689303059255
650M,bf16,SOX30_HUMAN_Tsuboyama_2023_7JJK,-0.0026600126963672865,58.61388114909975
650M,bf16,SPA_STAAU_Tsuboyama_2023_1LP1,0.0006104776007178,49.42140990130674
650M,bf16,SPG1_STRSG_Olson_2014,-0.0024510107930282854,100.8312338798231
650M,bf16,SPG1_STRSG_Wu_2016,-0.0005426883940004845,116.72405789059114
650M,bf16,SPG2_STRSG_Tsuboyama_2023_5UBS,-0.001351249193502102,131.6962155159888
650M,bf16,SPTN1_CHICK_Tsuboyama_2023_1TUD,-0.0005841881089237999,76.59657700318284
650M,bf16,SQSTM_MOUSE_Tsuboyama_2023_2RRU,0.003632893442088947,29.246985016177735
650M,bf16,SR43C_ARATH_Tsuboyama_2023_2N88,-0.0001833660145516003,136.96520503045568
650M,bf16,SRBS1_HUMAN_Tsuboyama_2023_2O2W,0.0004694534614630985,55.07815645595317
650M,bf16,SRC_HUMAN_Ahler_2019,-0.0008689381745922153,57.03622468527275
650M,bf16,SRC_HUMAN_Chakraborty_2023_binding-DAS_25uM,-0.0010705303282921297,57.5936799970574
650M,bf16,SRC_HUMAN_Nguyen_2022,-0.0013447954138230966,56.99671367319917
650M,bf16,SUMO1_HUMAN_Weile_2017,-0.0015142889239139201,46.66007646856878
650M,bf16,SYUA_HUMAN_Newberry_2020,0.000473340574109693,90.66437210265681
650M,bf16,TADBP_HUMAN_Bolognesi_2019,-0.00025006163746679744,79.81405686979929
650M,bf16,TAT_HV1BR_Fernandes_2016,0.0026676007222851995,32.42661969843414
650M,bf16,TCRG1_MOUSE_Tsuboyama_2023_1E0L,0.0015923734287571767,97.5911091625135
650M,bf16,THO1_YEAST_Tsuboyama_2023_2WQG,-0.0002501228276192702,117.57495439635319
650M,bf16,TNKS2_HUMAN_Tsuboyama_2023_5JRT,-0.0007218456606096213,99.28734172551711
650M,bf16,TPK1_HUMAN_Weile_2017,-0.00011703455092526571,32.848601182124995
650M,bf16,TPMT_HUMAN_Matreyek_2018,-0.0006339977088142268,55.51684588861325
650M,bf16,TPOR_HUMAN_Bridgford_2020,0.00022929675858351928,69.76466394250384
650M,bf16,TRPC_SACS2_Chan_2017,-0.0004599730660306278,74.11471046349439
650M,bf16,TRPC_THEMA_Chan_2017,-0.00042159892847387637,74.47210069275232
650M,bf16,UBC9_HUMAN_Weile_2017,0.00044770322923060046,57.304289440069056
650M,bf16,UBE4B_HUMAN_Tsuboyama_2023_3L1X,-0.002925200570910891,44.9352381393775
650M,bf16,UBR5_HUMAN_Tsuboyama_2023_1I2T,0.012127081957147207,15.071055327472996
650M,bf16,VG08_BPP22_Tsuboyama_2023_2GP8,-0.0008417660810443595,57.86175918764058
650M,bf16,VILI_CHICK_Tsuboyama_2023_1YU5,-0.0014759015618225346,75.06170785787907
650M,bf16,VKOR1_HUMAN_Chiasson_2020_abundance,-0.00013814090939928692,59.90851898290084
650M,bf16,VKOR1_HUMAN_Chiasson_2020_activity,0.000670250457055932,59.47789231594402
650M,bf16,VRPI_BPT7_Tsuboyama_2023_2WNM,-0.00067278883505828,107.60756762463478
650M,bf16,YAIA_ECOLI_Tsuboyama_2023_2KVT,0.0011588047237155452,69.19748487563386
650M,bf16,YAP1_HUMAN_Araya_2012,0.00020441063016019,65.29441939000888
650M,bf16,YNZC_BACSU_Tsuboyama_2023_2JVD,-0.0008790185939321349,81.50873868076597
650M,int8_wo,A0A192B1T2_9HIV1_Haddox_2018,-0.00016821233891979592,34.91430360838114
650M,int8_wo,A0A1I9GEU1_NEIME_Kennouche_2019,4.931625098097969e-06,47.877883662487484
650M,int8_wo,A0A247D711_LISMN_Stadelmann_2021,-0.0008195148091349885,66.82729344358398
650M,int8_wo,A0A2Z5U3Z0_9INFA_Doud_2016,-0.002112994870820284,19.596982962677682
650M,int8_wo,A0A2Z5U3Z0_9INFA_Wu_2014,-0.0012843296331205845,19.474964482204953
650M,int8_wo,A4D664_9INFA_Soh_2019,0.0013949706695534914,43.75221139925127
650M,int8_wo,A4GRB6_PSEAI_Chen_2020,-4.6072888526427214e-05,44.644049318773185
650M,int8_wo,A4_HUMAN_Seuma_2022,0.0031545278004345145,49.71925388897276
650M,int8_wo,AACC1_PSEAI_Dandage_2018,-0.0008050298002155731,40.25879641165119
650M,int8_wo,ACE2_HUMAN_Chan_2020,0.00031755375720848855,28.836348330624023
650M,int8_wo,ADRB2_HUMAN_Jones_2020,0.00018850488341237703,49.644627090327916
650M,int8_wo,AICDA_HUMAN_Gajula_2014_3cycles,-0.0030298321734232303,49.750099147340414
650M,int8_wo,AMFR_HUMAN_Tsuboyama_2023_4G3O,-0.0033432092107212874,46.70002447141993
650M,int8_wo,AMIE_PSEAE_Wrenbeck_2017,0.0004901944344399833,35.454573688558554
650M,int8_wo,ANCSZ_Hobbs_2022,0.00039082303408832786,46.317906805890495
650M,int8_wo,ARGR_ECOLI_Tsuboyama_2023_1AOY,-0.0019059950297042882,22.417573345751837
650M,int8_wo,B2L11_HUMAN_Dutta_2010_binding-Mcl-1,0.0012342050367704083,16.927681902174374
650M,int8_wo,BBC1_YEAST_Tsuboyama_2023_1TG0,-0.002731829210381176,49.845939629345466
650M,int8_wo,BCHB_CHLTE_Tsuboyama_2023_2KRU,0.0012620061623360712,43.93668383481112
650M,int8_wo,BLAT_ECOLX_Deng_2012,9.37547343082823e-05,40.40385383951271
650M,int8_wo,BLAT_ECOLX_Firnberg_2014,0.0009479542298190813,40.06548150054088
650M,int8_wo,BLAT_ECOLX_Jacquier_2013,0.0012889158652195087,40.858746666505446
650M,int8_wo,BLAT_ECOLX_Stiffler_2015,0.0010875151649892834,40.40385383951271
650M,int8_wo,C6KNH7_9INFA_Lee_2018,-0.001148741803744302,21.44670226217091
650M,int8_wo,CALM1_HUMAN_Weile_2017,-0.0005430357347447901,36.95146093897164
650M,int8_wo,CAPSD_AAV2S_Sinai_2021,0.001107528321935336,28.128119943360577
650M,int8_wo,CASP3_HUMAN_Roychowdhury_2020,-0.001156234088588115,36.87015066489744
650M,int8_wo,CASP7_HUMAN_Roychowdhury_2020,0.0008697423393133619,29.15390390639265
650M,int8_wo,CATR_CHLRE_Tsuboyama_2023_2AMI,0.0008864204386246355,51.449497294170705
650M,int8_wo,CBPA2_HUMAN_Tsuboyama_2023_1O6X,-0.001772716374452643,62.185801119857686
650M,int8_wo,CBS_HUMAN_Sun_2020,0.0004568355910409272,41.894406643365066
650M,int8_wo,CBX4_HUMAN_Tsuboyama_2023_2K28,0.0013919382513840617,48.30180505206097
650M,int8_wo,CCDB_ECOLI_Adkar_2012,0.00042542900763020697,33.49248598749107
650M,int8_wo,CCDB_ECOLI_Tripathi_2016,0.0018527369718595033,32.814760544444354
650M,int8_wo,CCR5_HUMAN_Gill_2023,-0.0002524410987871373,36.81114782563571
650M,int8_wo,CD19_HUMAN_Klesmith_2019_FMC_singles,-0.0020650323366445955,45.337118308981275
650M,int8_wo,CP2C9_HUMAN_Amorosi_2021_abundance,0.0004417995594349078,42.998755882240324
650M,int8_wo,CP2C9_HUMAN_Amorosi_2021_activity,0.0003756165880617335,41.123248974273736
650M,int8_wo,CSN4_MOUSE_Tsuboyama_2023_1UFM,-0.0036101682894176257,24.084854503353483
650M,int8_wo,CUE1_YEAST_Tsuboyama_2023_2MYX,-0.0001938119883672096,36.92032316462492
650M,int8_wo,D7PM05_CLYGR_Somermeyer_2022,-0.0015035964244993968,33.52533008461189
650M,int8_wo,DLG4_HUMAN_Faure_2021,0.006922349951152151,25.193355910257598
650M,int8_wo,DLG4_RAT_McLaughlin_2012,0.004614372743885431,23.427067004042826
650M,int8_wo,DN7A_SACS2_Tsuboyama_2023_1JIC,-0.0008261240641067036,49.27332152855105
650M,int8_wo,DNJA1_HUMAN_Tsuboyama_2023_2LO1,0.0008250583519162635,79.39135489674642
650M,int8_wo,DOCK1_MOUSE_Tsuboyama_2023_2M0Y,0.004133068537583107,46.115368975603204
650M,int8_wo,DYR_ECOLI_Nguyen_2023,0.0012095913613709985,49.57309050171053
650M,int8_wo,DYR_ECOLI_Thompson_2019,0.001369385375862564,44.27165915342265
650M,int8_wo,ENVZ_ECOLI_Ghose_2023,9.372308568658672e-05,35.2164260469691
650M,int8_wo,ENV_HV1B9_DuenasDecamp_2016,-0.0020500583218871007,49.56605094104532
650M,int8_wo,ENV_HV1BR_Haddox_2016,-0.00021297778030120174,37.49610392976772
650M,int8_wo,EPHB2_HUMAN_Tsuboyama_2023_1F0M,-0.00040961385645843507,64.91906141142738
650M,int8_wo,ESTA_BACSU_Nutschel_2020,-0.00023494941156282367,43.244572042766606
650M,int8_wo,F7YBW8_MESOW_Aakre_2015,-0.012013439129060166,29.220167799175016
650M,int8_wo,F7YBW8_MESOW_Ding_2023,0.0007592444969837242,81.35302426796342
650M,int8_wo,FECA_ECOLI_Tsuboyama_2023_2D1U,-0.0021263737092949153,53.75617040499951
650M,int8_wo,FKBP3_HUMAN_Tsuboyama_2023_2KFV,0.005980641544746285,11.479283650366703
650M,int8_wo,GAL4_YEAST_Kitzman_2015,0.0016524347633972702,40.51985820734702
650M,int8_wo,GCN4_YEAST_Staller_2018,-0.0006607780454050971,74.22174727028273
650M,int8_wo,GDIA_HUMAN_Silverstein_2021,0.003149431903711364,23.55288106365082
650M,int8_wo,GFP_AEQVI_Sarkisyan_2016,-0.0007873811677700931,36.39361984659453
650M,int8_wo,GLPA_HUMAN_Elazar_2016,-0.0010878644038518903,59.22825547304617
650M,int8_wo,GRB2_HUMAN_Faure_2021,0.0018238025701237115,46.52076323139645
650M,int8_wo,HCP_LAMBD_Tsuboyama_2023_2L6Q,-0.002999787484418648,35.74507549889351
650M,int8_wo,HECD1_HUMAN_Tsuboyama_2023_3DKM,-0.001375923984551719,41.6361711887895
650M,int8_wo,HEM3_HUMAN_Loggerenberg_2023,0.00012741465031906873,39.3309131188446
650M,int8_wo,HIS7_YEAST_Pokusaeva_2019,-0.0037623570116672167,26.824082832982675
650M,int8_wo,HMDH_HUMAN_Jiang_2019,0.0014922212295904735,33.25777347028315
650M,int8_wo,HSP82_YEAST_Cote-Hammarlof_2020_growth-H2O2,-0.002826708160001745,29.05566992688839
650M,int8_wo,HSP82_YEAST_Flynn_2019,-0.001795466508787702,34.670294511014795
650M,int8_wo,HSP82_YEAST_Mishra_2016,-0.001365903673673785,37.79869891323642
650M,int8_wo,HXK4_HUMAN_Gersing_2022_activity,-0.0017193736997797027,42.14927888747879
650M,int8_wo,HXK4_HUMAN_Gersing_2023_abundance,-0.000557693632930012,42.21185974824854
650M,int8_wo,I6TAH8_I68A0_Doud_2015,0.0007377266345203991,67.10016255800862
650M,int8_wo,IF1_ECOLI_Kelsic_2016,-0.0003693699426452479,34.553319176695894
650M,int8_wo,ILF3_HUMAN_Tsuboyama_2023_2L33,0.00194415507562129,18.60828958521486
650M,int8_wo,ISDH_STAAW_Tsuboyama_2023_2LHR,-0.0021860423607533708,63.84816638510586
650M,int8_wo,KCNE1_HUMAN_Muhammad_2023_expression,0.002537480987088489,27.68917307189514
650M,int8_wo,KCNE1_HUMAN_Muhammad_2023_function,-0.00029816540208060793,27.688284141256016
650M,int8_wo,KCNJ2_MOUSE_Coyote-Maestas_2022_function,0.0004974737498682491,39.335458386637185
650M,int8_wo,KCNJ2_MOUSE_Coyote-Maestas_2022_surface,-0.0005907646210491224,39.29989360958521
650M,int8_wo,KKA2_KLEPN_Melnikov_2014,-0.00022923185740897356,40.46474439163307
650M,int8_wo,LGK_LIPST_Klesmith_2015,-0.00037571593372409673,32.602987186632745
650M,int8_wo,LYAM1_HUMAN_Elazar_2016,-0.0020068080989160686,42.522546561915334
650M,int8_wo,MAFG_MOUSE_Tsuboyama_2023_1K1V,-0.0019488417198862962,62.722953633876216
650M,int8_wo,MBD11_ARATH_Tsuboyama_2023_6ACV,0.0008739071089175487,41.18128530536299
650M,int8_wo,MET_HUMAN_Estevam_2023,-0.001276971606360311,43.579568663468585
650M,int8_wo,MK01_HUMAN_Brenan_2016,-0.00013413967763659107,39.06008549890011
650M,int8_wo,MLAC_ECOLI_MacRae_2023,0.0023070035542192557,36.9427431071088
650M,int8_wo,MSH2_HUMAN_Jia_2020,0.0027426263720130017,24.156066396895966
650M,int8_wo,MTH3_HAEAE_RockahShmuel_2015,-0.00011521807898706715,38.32753337947928
650M,int8_wo,MTHR_HUMAN_Weile_2021,-0.001965751829531015,24.6326365650105
650M,int8_wo,MYO3_YEAST_Tsuboyama_2023_2BTT,-0.0012382420805461258,35.21028507533707
650M,int8_wo,NCAP_I34A1_Doud_2015,-0.00036833439960619677,58.72346457157211
650M,int8_wo,NKX31_HUMAN_Tsuboyama_2023_2L9R,-0.004029959230980151,40.96027561794361
650M,int8_wo,NRAM_I33A0_Jiang_2016,-0.0017673099933827874,20.51665627557792
650M,int8_wo,NUD15_HUMAN_Suiter_2020,4.285267931580794e-05,35.98464829338091
650M,int8_wo,NUSA_ECOLI_Tsuboyama_2023_1WCL,-0.0013844800178536842,58.75881492927749
650M,int8_wo,NUSG_MYCTU_Tsuboyama_2023_2MI6,0.0007089568834888205,42.1658927220543
650M,int8_wo,OBSCN_HUMAN_Tsuboyama_2023_1V1C,-0.0018798804672608416,42.67912493359024
650M,int8_wo,ODP2_GEOSE_Tsuboyama_2023_1W4G,-0.008360918421600999,29.399935944184218
650M,int8_wo,OPSD_HUMAN_Wan_2019,0.0030760864998116144,23.05784520824258
650M,int8_wo,OTC_HUMAN_Lo_2023,-0.0005945280338053305,37.72291792299688
650M,int8_wo,OTU7A_HUMAN_Tsuboyama_2023_2L2D,-0.002292019675613821,26.021595868958183
650M,int8_wo,OXDA_RHOTO_Vanella_2023_activity,-0.0004039068101353571,36.90113777528284
650M,int8_wo,OXDA_RHOTO_Vanella_2023_expression,-0.002095180277528086,37.503871852785224
650M,int8_wo,P53_HUMAN_Giacomelli_2018_Null_Etoposide,-0.0010305965242489723,34.894858630815094
650M,int8_wo,P53_HUMAN_Giacomelli_2018_Null_Nutlin,-0.0006275556384767733,34.894858630815094
650M,int8_wo,P53_HUMAN_Giacomelli_2018_WT_Nutlin,-0.0023361394602202656,34.894858630815094
650M,int8_wo,P53_HUMAN_Kotler_2018,-0.001042009138942701,30.070763038663795
650M,int8_wo,P84126_THETH_Chan_2017,-0.0019071428737488239,41.29630225929548
650M,int8_wo,PABP_YEAST_Melamed_2013,0.0011481005754530038,43.14505698725637
650M,int8_wo,PAI1_HUMAN_Huttinger_2021,-7.626652862996464e-05,42.4608245473351
650M,int8_wo,PA_I34A1_Wu_2015,-0.0008067594619491983,23.312327057971533
650M,int8_wo,PHOT_CHLRE_Chen_2023,-0.006582065260239522,28.36455127429813
650M,int8_wo,PIN1_HUMAN_Tsuboyama_2023_1I6C,-0.002151172511012378,42.65178400347541
650M,int8_wo,PITX2_HUMAN_Tsuboyama_2023_2L7M,-0.00461694031969595,34.942683526101746
650M,int8_wo,PKN1_HUMAN_Tsuboyama_2023_1URF,-0.003939576256165811,24.240199476738997
650M,int8_wo,POLG_DEN26_Suphatrakul_2023,-0.0015788985113802945,32.77757375697314
650M,int8_wo,POLG_PESV_Tsuboyama_2023_2MXD,0.001925111704135507,47.81335490446232
650M,int8_wo,PPARG_HUMAN_Majithia_2016,-0.0012431229775506925,34.640837193808075
650M,int8_wo,PPM1D_HUMAN_Miller_2022,-0.00014094678152110074,36.81294071061045
650M,int8_wo,PR40A_HUMAN_Tsuboyama_2023_1UZC,0.0014431889927736252,49.303651846289746
650M,int8_wo,PRKN_HUMAN_Clausen_2023,0.00017626377902091317,40.74293203240903
650M,int8_wo,PSAE_PICP2_Tsuboyama_2023_1PSE,0.0005721585315106026,78.39707443829512
650M,int8_wo,PTEN_HUMAN_Matreyek_2021,-0.0004994275763262057,28.608024038729674
650M,int8_wo,PTEN_HUMAN_Mighell_2018,-0.0004855578058771126,30.06560333120383
650M,int8_wo,Q2N0S5_9HIV1_Haddox_2018,-0.0002317946489042988,31.750178341458813
650M,int8_wo,Q53Z42_HUMAN_McShan_2019_binding-TAPBPR,0.0011444658269068042,33.613967726182125
650M,int8_wo,Q53Z42_HUMAN_McShan_2019_expression,0.0014241628690221386,33.613967726182125
650M,int8_wo,Q59976_STRSQ_Romero_2015,-0.0005814015879095358,39.29722618781831
650M,int8_wo,Q6WV12_9MAXI_Somermeyer_2022,-0.0008653483192444002,20.13713592216667
650M,int8_wo,Q837P4_ENTFA_Meier_2023,0.0009292165385759166,42.25106115446514
650M,int8_wo,Q837P5_ENTFA_Meier_2023,0.000162013991173382,35.882001707571675
650M,int8_wo,Q8WTC7_9CNID_Somermeyer_2022,-0.0008878737038073986,37.09375987943032
650M,int8_wo,R1AB_SARS2_Flynn_2022,-0.00015030342795520346,24.80738910533912
650M,int8_wo,RAD_ANTMA_Tsuboyama_2023_2CJJ,-0.00446171979737392,50.591155891073626
650M,int8_wo,RAF1_HUMAN_Zinkus-Boltz_2019,0.0035222349848296197,18.612071600383427
650M,int8_wo,RASH_HUMAN_Bandaru_2017,0.0020977692568724393,36.63408897173795
650M,int8_wo,RASK_HUMAN_Weng_2022_abundance,-0.0007021744557906273,37.360203797604335
650M,int8_wo,RASK_HUMAN_Weng_2022_binding-DARPin_K55,0.0008821984343310163,37.581077588275306
650M,int8_wo,RBP1_HUMAN_Tsuboyama_2023_2KWH,0.0013192723235502246,49.509939514728885
650M,int8_wo,RCD1_ARATH_Tsuboyama_2023_5OAO,0.0022845353416304226,37.809073231372146
650M,int8_wo,RCRO_LAMBD_Tsuboyama_2023_1ORC,0.009890749217053463,24.75954165622435
650M,int8_wo,RD23A_HUMAN_Tsuboyama_2023_1IFY,0.0006444089186009583,28.542959424186172
650M,int8_wo,RDRP_I33A0_Li_2023,-0.003544967309137226,14.675050683928728
650M,int8_wo,REV_HV1H2_Fernandes_2016,0.004050767661937793,18.723468594989676
650M,int8_wo,RFAH_ECOLI_Tsuboyama_2023_2LCL,-0.0025666914288289266,35.932431908248944
650M,int8_wo,RL20_AQUAE_Tsuboyama_2023_1GYZ,-0.0005688568043160647,66.60021783772284
650M,int8_wo,RL40A_YEAST_Mavor_2016,-0.00146522256622994,26.484123023103763
650M,int8_wo,RL40A_YEAST_Roscoe_2013,-0.0010675483523371332,26.35322130445605
650M,int8_wo,RL40A_YEAST_Roscoe_2014,0.0002632331036094282,26.74647235736968
650M,int8_wo,RNC_ECOLI_Weeks_2023,-0.00037751923296247547,44.53908045029644
650M,int8_wo,RPC1_BP434_Tsuboyama_2023_1R69,-0.0013479489875173334,100.85199470771663
650M,int8_wo,RPC1_LAMBD_Li_2019_high-expression,-0.0026495446926954047,35.724272774917694
650M,int8_wo,RPC1_LAMBD_Li_2019_low-expression,0.0017318615842665253,35.724272774917694
650M,int8_wo,RS15_GEOSE_Tsuboyama_2023_1A32,0.0020873357182317753,32.376423612056556
650M,int8_wo,S22A1_HUMAN_Yee_2023_abundance,-0.00011049229078052836,33.104726573673254
650M,int8_wo,S22A1_HUMAN_Yee_2023_activity,-0.0010804814489474568,33.253328531052766
650M,int8_wo,SAV1_MOUSE_Tsuboyama_2023_2YSB,-0.0016902300161266703,19.87418418754114
650M,int8_wo,SBI_STAAM_Tsuboyama_2023_2JVG,-0.001976135288408898,42.68874399392047
650M,int8_wo,SC6A4_HUMAN_Young_2021,-5.977183555883059e-07,40.08355263681192
650M,int8_wo,SCIN_STAAR_Tsuboyama_2023_2QFF,-0.002949795854563897,51.618098506818356
650M,int8_wo,SDA_BACSU_Tsuboyama_2023_1PV0,0.0005515819946669831,80.59480536098384
650M,int8_wo,SERC_HUMAN_Xie_2023,0.0005727583763404098,40.78449921594908
650M,int8_wo,SHOC2_HUMAN_Kwon_2022,0.0012624116494810989,30.69420852279327
650M,int8_wo,SOX30_HUMAN_Tsuboyama_2023_7JJK,0.001141772347583614,32.07999516811369
650M,int8_wo,SPA_STAAU_Tsuboyama_2023_1LP1,0.0006086164261380001,40.661338117033466
650M,int8_wo,SPG1_STRSG_Olson_2014,0.0014335683554043133,67.12675017319364
650M,int8_wo,SPG1_STRSG_Wu_2016,-0.0018589858275779858,86.59962227968845
650M,int8_wo,SPG2_STRSG_Tsuboyama_2023_5UBS,0.0010350830567118496,69.50605412434278
650M,int8_wo,SPTN1_CHICK_Tsuboyama_2023_1TUD,0.0011209681559732898,50.78092575194428
650M,int8_wo,SQSTM_MOUSE_Tsuboyama_2023_2RRU,0.0004773921800104164,21.466790820345302
650M,int8_wo,SR43C_ARATH_Tsuboyama_2023_2N88,0.0006511387225741627,79.00793153481798
650M,int8_wo,SRBS1_HUMAN_Tsuboyama_2023_2O2W,0.0030769367020928584,28.110043699065976
650M,int8_wo,SRC_HUMAN_Ahler_2019,-0.0010802582456812537,37.65562857401017
650M,int8_wo,SRC_HUMAN_Chakraborty_2023_binding-DAS_25uM,-0.001033219322954304,37.578311848570664
650M,int8_wo,SRC_HUMAN_Nguyen_2022,-0.001548556532946277,37.627395265743964
650M,int8_wo,SUMO1_HUMAN_Weile_2017,0.00024002681439538875,32.63845863134279
650M,int8_wo,SYUA_HUMAN_Newberry_2020,-0.0011970683001437943,57.07229741205476
650M,int8_wo,TADBP_HUMAN_Bolognesi_2019,0.0024841172461154,53.15770739317659
650M,int8_wo,TAT_HV1BR_Fernandes_2016,0.0030673913920412008,22.761235403154522
650M,int8_wo,TCRG1_MOUSE_Tsuboyama_2023_1E0L,0.00014047842671660593,49.233631707067616
650M,int8_wo,THO1_YEAST_Tsuboyama_2023_2WQG,-0.0008136671482961155,50.277108766709354
650M,int8_wo,TNKS2_HUMAN_Tsuboyama_2023_5JRT,-0.0005448380108303841,58.522049922336215
650M,int8_wo,TPK1_HUMAN_Weile_2017,-0.002638874762157295,19.798380896480076
650M,int8_wo,TPMT_HUMAN_Matreyek_2018,-0.00033401434105206906,37.55173452817626
650M,int8_wo,TPOR_HUMAN_Bridgford_2020,0.0036505780302379387,36.061861370086774
650M,int8_wo,TRPC_SACS2_Chan_2017,-0.0011270060458470343,43.73267420761242
650M,int8_wo,TRPC_THEMA_Chan_2017,-0.0005602910061959787,54.751387698404706
650M,int8_wo,UBC9_HUMAN_Weile_2017,-0.001121830404398061,35.554488088911924
650M,int8_wo,UBE4B_HUMAN_Tsuboyama_2023_3L1X,0.0016679672678997504,53.074181305181284
650M,int8_wo,UBR5_HUMAN_Tsuboyama_2023_1I2T,0.016237575266876414,14.517668185127738
650M,int8_wo,VG08_BPP22_Tsuboyama_2023_2GP8,-0.007648743531001867,31.58933028245244
650M,int8_wo,VILI_CHICK_Tsuboyama_2023_1YU5,-0.00011386491554943312,44.481966623129864
650M,int8_wo,VKOR1_HUMAN_Chiasson_2020_abundance,0.00021493032028768733,37.01034066923363
650M,int8_wo,VKOR1_HUMAN_Chiasson_2020_activity,-0.0011490469950745652,37.189099014865995
650M,int8_wo,VRPI_BPT7_Tsuboyama_2023_2WNM,-0.0021075388312497,77.10171533743744
650M,int8_wo,YAIA_ECOLI_Tsuboyama_2023_2KVT,-0.00513156053282704,32.783409767025816
650M,int8_wo,YAP1_HUMAN_Araya_2012,0.0006051339143584022,45.3869737508758
650M,int8_wo,YNZC_BACSU_Tsuboyama_2023_2JVD,0.0016137375924779596,59.76352345079872
650M,fp8_dyn,A0A192B1T2_9HIV1_Haddox_2018,-0.0025040194027619034,10.834441309175642
650M,fp8_dyn,A0A1I9GEU1_NEIME_Kennouche_2019,-0.0025992634475702006,11.706870951871158
650M,fp8_dyn,A0A247D711_LISMN_Stadelmann_2021,0.000755850331654706,20.721286002565087
650M,fp8_dyn,A0A2Z5U3Z0_9INFA_Doud_2016,0.00030074513593802976,5.085827233258169
650M,fp8_dyn,A0A2Z5U3Z0_9INFA_Wu_2014,-0.0007604829050272821,4.981909375280553
650M,fp8_dyn,A4D664_9INFA_Soh_2019,0.0029153632088599057,10.672937457602126
650M,fp8_dyn,A4GRB6_PSEAI_Chen_2020,-0.0011275224670700412,12.379486848394395
650M,fp8_dyn,A4_HUMAN_Seuma_2022,-0.0033074767545488992,11.973996278325105
650M,fp8_dyn,AACC1_PSEAI_Dandage_2018,-0.0027138642417645076,10.650746930978496
650M,fp8_dyn,ACE2_HUMAN_Chan_2020,-0.0004911720144346876,6.819096976284557
650M,fp8_dyn,ADRB2_HUMAN_Jones_2020,-0.0031677570413641276,12.291444612431423
650M,fp8_dyn,AICDA_HUMAN_Gajula_2014_3cycles,0.01670973674093007,9.942587594601479
650M,fp8_dyn,AMFR_HUMAN_Tsuboyama_2023_4G3O,0.003150653869510467,10.164039895635751
650M,fp8_dyn,AMIE_PSEAE_Wrenbeck_2017,-0.009537982019677371,9.3748322924129
650M,fp8_dyn,ANCSZ_Hobbs_2022,-0.004319006341562681,12.941574282905968
650M,fp8_dyn,ARGR_ECOLI_Tsuboyama_2023_1AOY,-0.018957596042555425,7.213481389602286
650M,fp8_dyn,B2L11_HUMAN_Dutta_2010_binding-Mcl-1,0.024172453384500026,4.129603282951723
650M,fp8_dyn,BBC1_YEAST_Tsuboyama_2023_1TG0,-0.000188280015167408,11.618145151307711
650M,fp8_dyn,BCHB_CHLTE_Tsuboyama_2023_2KRU,-0.02529498472350833,9.705962613055886
650M,fp8_dyn,BLAT_ECOLX_Deng_2012,0.0008270158850822718,10.827992391799402
650M,fp8_dyn,BLAT_ECOLX_Firnberg_2014,0.00045800843045706863,10.802089009013699
650M,fp8_dyn,BLAT_ECOLX_Jacquier_2013,-0.004429887770529883,11.036765245506766
650M,fp8_dyn,BLAT_ECOLX_Stiffler_2015,-0.0006367460980352124,10.827992391799402
650M,fp8_dyn,C6KNH7_9INFA_Lee_2018,-0.007877491040527762,5.985874813260385
650M,fp8_dyn,CALM1_HUMAN_Weile_2017,0.004767096517332009,8.81061109322318
650M,fp8_dyn,CAPSD_AAV2S_Sinai_2021,0.003066331907102038,20.631448195305527
650M,fp8_dyn,CASP3_HUMAN_Roychowdhury_2020,-0.0019088153078536951,10.192356221763529
650M,fp8_dyn,CASP7_HUMAN_Roychowdhury_2020,0.010825706920040368,7.774733130535659
650M,fp8_dyn,CATR_CHLRE_Tsuboyama_2023_2AMI,0.0021138002964252722,16.69392498145988
650M,fp8_dyn,CBPA2_HUMAN_Tsuboyama_2023_1O6X,-0.0011263450104403994,14.360963323017735
650M,fp8_dyn,CBS_HUMAN_Sun_2020,0.0002781434624112289,11.048995679817889
650M,fp8_dyn,CBX4_HUMAN_Tsuboyama_2023_2K28,0.003988679081968871,14.212239362966944
650M,fp8_dyn,CCDB_ECOLI_Adkar_2012,0.00783640162720517,10.653471356508229
650M,fp8_dyn,CCDB_ECOLI_Tripathi_2016,0.0005050937255917098,10.665876443940492
650M,fp8_dyn,CCR5_HUMAN_Gill_2023,-0.003658552041340246,11.15474658947338
650M,fp8_dyn,CD19_HUMAN_Klesmith_2019_FMC_singles,-0.010706906297133598,13.15984365116874
650M,fp8_dyn,CP2C9_HUMAN_Amorosi_2021_abundance,-0.0047593644636206855,11.255992259338692
650M,fp8_dyn,CP2C9_HUMAN_Amorosi_2021_activity,-0.0056310032484618855,10.428928394218064
650M,fp8_dyn,CSN4_MOUSE_Tsuboyama_2023_1UFM,-0.020207556728718212,5.738806993642931
650M,fp8_dyn,CUE1_YEAST_Tsuboyama_2023_2MYX,-0.006228226184903929,16.0514663024919
650M,fp8_dyn,D7PM05_CLYGR_Somermeyer_2022,-0.00020228939429009496,10.661939570060175
650M,fp8_dyn,DLG4_HUMAN_Faure_2021,0.016486010380850846,7.354175233192104
650M,fp8_dyn,DLG4_RAT_McLaughlin_2012,-0.004138882480084871,6.064212914480131
650M,fp8_dyn,DN7A_SACS2_Tsuboyama_2023_1JIC,0.0010091362638706136,13.48056653554978
650M,fp8_dyn,DNJA1_HUMAN_Tsuboyama_2023_2LO1,-0.0026321006794086665,19.77584307324758
650M,fp8_dyn,DOCK1_MOUSE_Tsuboyama_2023_2M0Y,-0.008719360483482097,16.580202194077483
650M,fp8_dyn,DYR_ECOLI_Nguyen_2023,-0.0002966346570922873,14.434505897383485
650M,fp8_dyn,DYR_ECOLI_Thompson_2019,-0.0013232538854910936,12.999974001898133
650M,fp8_dyn,ENVZ_ECOLI_Ghose_2023,0.002997452609154294,9.166270281684236
650M,fp8_dyn,ENV_HV1B9_DuenasDecamp_2016,0.0039696242958135,12.08051452250059
650M,fp8_dyn,ENV_HV1BR_Haddox_2016,-0.0009179928308592003,10.24142021664563
650M,fp8_dyn,EPHB2_HUMAN_Tsuboyama_2023_1F0M,0.0003458511909233408,18.44387481138465
650M,fp8_dyn,ESTA_BACSU_Nutschel_2020,0.005681531282742014,10.433710774352441
650M,fp8_dyn,F7YBW8_MESOW_Aakre_2015,-0.004968888568793461,12.244201729945273
650M,fp8_dyn,F7YBW8_MESOW_Ding_2023,-0.006726321024609183,22.033680715636198
650M,fp8_dyn,FECA_ECOLI_Tsuboyama_2023_2D1U,-0.0037206406149135063,12.598698381060665
650M,fp8_dyn,FKBP3_HUMAN_Tsuboyama_2023_2KFV,0.030438652928501286,4.516695986502351
650M,fp8_dyn,GAL4_YEAST_Kitzman_2015,-0.006974290097155111,9.315041974030173
650M,fp8_dyn,GCN4_YEAST_Staller_2018,-0.00426118761733657,27.062983346265124
650M,fp8_dyn,GDIA_HUMAN_Silverstein_2021,0.009556714657239618,6.278582319653637
650M,fp8_dyn,GFP_AEQVI_Sarkisyan_2016,-0.001143674375593498,12.307874235744894
650M,fp8_dyn,GLPA_HUMAN_Elazar_2016,-0.00919965665756678,14.061741755069606
650M,fp8_dyn,GRB2_HUMAN_Faure_2021,-0.0021449133964457356,9.677152268578096
650M,fp8_dyn,HCP_LAMBD_Tsuboyama_2023_2L6Q,0.0041287995544910805,9.160039552858523
650M,fp8_dyn,HECD1_HUMAN_Tsuboyama_2023_3DKM,-0.011625497075423541,11.900477779516802
650M,fp8_dyn,HEM3_HUMAN_Loggerenberg_2023,-0.0030708510057902427,11.016060059390144
650M,fp8_dyn,HIS7_YEAST_Pokusaeva_2019,-0.024208550971018705,7.696184945437929
650M,fp8_dyn,HMDH_HUMAN_Jiang_2019,-0.001121102427605214,10.596808354925109
650M,fp8_dyn,HSP82_YEAST_Cote-Hammarlof_2020_growth-H2O2,0.004414994390164795,8.160420488692438
650M,fp8_dyn,HSP82_YEAST_Flynn_2019,-0.00561314893517012,9.883223579838237
650M,fp8_dyn,HSP82_YEAST_Mishra_2016,-0.006688797111623401,11.14402538889313
650M,fp8_dyn,HXK4_HUMAN_Gersing_2022_activity,-0.0023413319826104395,11.428140467697402
650M,fp8_dyn,HXK4_HUMAN_Gersing_2023_abundance,-0.004447700379008324,11.466370952003968
650M,fp8_dyn,I6TAH8_I68A0_Doud_2015,-0.0022262647519838002,25.992443945172152
650M,fp8_dyn,IF1_ECOLI_Kelsic_2016,-0.003668598433978709,11.000039888980885
650M,fp8_dyn,ILF3_HUMAN_Tsuboyama_2023_2L33,0.0014462205824000707,3.4812528675594088
650M,fp8_dyn,ISDH_STAAW_Tsuboyama_2023_2LHR,0.0019222071186750234,20.62653279547525
650M,fp8_dyn,KCNE1_HUMAN_Muhammad_2023_expression,0.010383124966565793,7.225882219762165
650M,fp8_dyn,KCNE1_HUMAN_Muhammad_2023_function,-0.0040070810910435295,7.225345395520617
650M,fp8_dyn,KCNJ2_MOUSE_Coyote-Maestas_2022_function,-0.00016337548690603665,9.937532703502146
650M,fp8_dyn,KCNJ2_MOUSE_Coyote-Maestas_2022_surface,-0.0021291284607851124,9.889747561885404
650M,fp8_dyn,KKA2_KLEPN_Melnikov_2014,-0.004168442379046344,10.881872537987274
650M,fp8_dyn,LGK_LIPST_Klesmith_2015,0.003531317302752135,9.036154694477341
650M,fp8_dyn,LYAM1_HUMAN_Elazar_2016,-0.012463617777712266,13.789598286317078
650M,fp8_dyn,MAFG_MOUSE_Tsuboyama_2023_1K1V,0.027338643115414785,16.808825446995005
650M,fp8_dyn,MBD11_ARATH_Tsuboyama_2023_6ACV,0.0057669639078566926,9.608846609439095
650M,fp8_dyn,MET_HUMAN_Estevam_2023,-0.004642211664731555,11.64375623449035
650M,fp8_dyn,MK01_HUMAN_Brenan_2016,0.003065726143343106,11.095931787754749
650M,fp8_dyn,MLAC_ECOLI_MacRae_2023,-0.0034348661351729093,9.628182103963312
650M,fp8_dyn,MSH2_HUMAN_Jia_2020,0.0053695061805090205,6.6390845430572
650M,fp8_dyn,MTH3_HAEAE_RockahShmuel_2015,-0.005427801690335743,11.293303545007097
650M,fp8_dyn,MTHR_HUMAN_Weile_2021,0.003978160146638765,6.304939596731203
650M,fp8_dyn,MYO3_YEAST_Tsuboyama_2023_2BTT,0.017552795154938905,13.181397140506187
650M,fp8_dyn,NCAP_I34A1_Doud_2015,-0.003290325360342298,22.490344521899203
650M,fp8_dyn,NKX31_HUMAN_Tsuboyama_2023_2L9R,0.010089112577462811,9.388157097932265
650M,fp8_dyn,NRAM_I33A0_Jiang_2016,0.011744065513516505,8.40965460400904
650M,fp8_dyn,NUD15_HUMAN_Suiter_2020,0.0010599293219638595,10.740692188103319
650M,fp8_dyn,NUSA_ECOLI_Tsuboyama_2023_1WCL,-0.008017550656543193,17.293218249877945
650M,fp8_dyn,NUSG_MYCTU_Tsuboyama_2023_2MI6,0.012169116130693602,12.645885174119604
650M,fp8_dyn,OBSCN_HUMAN_Tsuboyama_2023_1V1C,0.007279112679897226,10.258711720380111
650M,fp8_dyn,ODP2_GEOSE_Tsuboyama_2023_1W4G,0.013263031583586604,9.50372784864393
650M,fp8_dyn,OPSD_HUMAN_Wan_2019,0.0022321328111259975,6.213687726618484
650M,fp8_dyn,OTC_HUMAN_Lo_2023,-0.00414074723202329,9.41309768958005
650M,fp8_dyn,OTU7A_HUMAN_Tsuboyama_2023_2L2D,0.03404324575513218,5.373886869579675
650M,fp8_dyn,OXDA_RHOTO_Vanella_2023_activity,-0.0069166621193961775,10.567198651871347
650M,fp8_dyn,OXDA_RHOTO_Vanella_2023_expression,-0.003562143271846119,10.767356846013405
650M,fp8_dyn,P53_HUMAN_Giacomelli_2018_Null_Etoposide,-0.007031786753410707,9.969227613803055
650M,fp8_dyn,P53_HUMAN_Giacomelli_2018_Null_Nutlin,-0.007313476341176572,9.969227613803055
650M,fp8_dyn,P53_HUMAN_Giacomelli_2018_WT_Nutlin,-0.006619274164032185,9.969227613803055
650M,fp8_dyn,P53_HUMAN_Kotler_2018,-0.00654991133168592,8.374984046345974
650M,fp8_dyn,P84126_THETH_Chan_2017,-0.005767230204371088,11.151741319625161
650M,fp8_dyn,PABP_YEAST_Melamed_2013,0.0021721462854952245,12.563778285311068
650M,fp8_dyn,PAI1_HUMAN_Huttinger_2021,0.0006855093501649256,11.870471673171647
650M,fp8_dyn,PA_I34A1_Wu_2015,-0.0018984543117908995,8.883790722923125
650M,fp8_dyn,PHOT_CHLRE_Chen_2023,-0.00696258713236142,12.07247009551241
650M,fp8_dyn,PIN1_HUMAN_Tsuboyama_2023_1I6C,0.004515943941714062,10.224043920087105
650M,fp8_dyn,PITX2_HUMAN_Tsuboyama_2023_2L7M,-0.01839156212305182,9.19843006749768
650M,fp8_dyn,PKN1_HUMAN_Tsuboyama_2023_1URF,0.008857912365539622,6.799188649882073
650M,fp8_dyn,POLG_DEN26_Suphatrakul_2023,-0.005084191609902783,8.702234356348184
650M,fp8_dyn,POLG_PESV_Tsuboyama_2023_2MXD,-0.031580481383106596,13.598147113290631
650M,fp8_dyn,PPARG_HUMAN_Majithia_2016,-0.003300242930295516,9.394635197918468
650M,fp8_dyn,PPM1D_HUMAN_Miller_2022,-0.0002951443926422215,8.707380085316275
650M,fp8_dyn,PR40A_HUMAN_Tsuboyama_2023_1UZC,0.0026714771115852187,7.272028077397707
650M,fp8_dyn,PRKN_HUMAN_Clausen_2023,-0.006151688720424431,11.471721694180141
650M,fp8_dyn,PSAE_PICP2_Tsuboyama_2023_1PSE,0.0010135682543553903,23.50545034295851
650M,fp8_dyn,PTEN_HUMAN_Matreyek_2021,0.0003639061364615892,8.137407793908285
650M,fp8_dyn,PTEN_HUMAN_Mighell_2018,0.0075377104602176725,7.982547559251192
650M,fp8_dyn,Q2N0S5_9HIV1_Haddox_2018,-0.0006870597846309959,9.97733719947599
650M,fp8_dyn,Q53Z42_HUMAN_McShan_2019_binding-TAPBPR,0.011320812144015036,8.322120340262416
650M,fp8_dyn,Q53Z42_HUMAN_McShan_2019_expression,-0.00931498229382044,8.322120340262416
650M,fp8_dyn,Q59976_STRSQ_Romero_2015,-0.007725989737317418,11.389949936312965
650M,fp8_dyn,Q6WV12_9MAXI_Somermeyer_2022,0.0009477478023228996,12.427317570240664
650M,fp8_dyn,Q837P4_ENTFA_Meier_2023,-0.003958743676411247,12.911889127257174
650M,fp8_dyn,Q837P5_ENTFA_Meier_2023,-0.003971543772669617,10.376012662724955
650M,fp8_dyn,Q8WTC7_9CNID_Somermeyer_2022,-0.005535537383092197,8.440485869045613
650M,fp8_dyn,R1AB_SARS2_Flynn_2022,-0.002639454695013796,7.9226682605738326
650M,fp8_dyn,RAD_ANTMA_Tsuboyama_2023_2CJJ,0.0037084334450728784,12.477974746657425
650M,fp8_dyn,RAF1_HUMAN_Zinkus-Boltz_2019,-0.0011284498760469885,5.451611774998324
650M,fp8_dyn,RASH_HUMAN_Bandaru_2017,0.017536891483457495,9.262041400722184
650M,fp8_dyn,RASK_HUMAN_Weng_2022_abundance,0.012986804644879169,10.490117290516665
650M,fp8_dyn,RASK_HUMAN_Weng_2022_binding-DARPin_K55,-0.005977763445527806,10.551132396333687
650M,fp8_dyn,RBP1_HUMAN_Tsuboyama_2023_2KWH,-0.010127405010764146,15.011338993595196
650M,fp8_dyn,RCD1_ARATH_Tsuboyama_2023_5OAO,0.007255648057485686,10.605848816011315
650M,fp8_dyn,RCRO_LAMBD_Tsuboyama_2023_1ORC,0.012637118180380935,12.055652487358532
650M,fp8_dyn,RD23A_HUMAN_Tsuboyama_2023_1IFY,0.007714484438954505,9.349202076593809
650M,fp8_dyn,RDRP_I33A0_Li_2023,-0.0015042563039205925,3.611795130416307
650M,fp8_dyn,REV_HV1H2_Fernandes_2016,-0.0006192451634677021,5.582622524682762
650M,fp8_dyn,RFAH_ECOLI_Tsuboyama_2023_2LCL,-0.006074997862445808,8.047599134363722
650M,fp8_dyn,RL20_AQUAE_Tsuboyama_2023_1GYZ,0.004718535708609584,18.134997458276636
650M,fp8_dyn,RL40A_YEAST_Mavor_2016,0.0008573194705184806,6.560966196973722
650M,fp8_dyn,RL40A_YEAST_Roscoe_2013,0.00985375048028736,6.557353174642609
650M,fp8_dyn,RL40A_YEAST_Roscoe_2014,-0.0016320682230032135,6.596976431842626
650M,fp8_dyn,RNC_ECOLI_Weeks_2023,-0.002246060349065493,12.428388801164814
650M,fp8_dyn,RPC1_BP434_Tsuboyama_2023_1R69,-0.0016388069720502108,29.531780294580024
650M,fp8_dyn,RPC1_LAMBD_Li_2019_high-expression,-0.011101084020830654,9.743326275485476
650M,fp8_dyn,RPC1_LAMBD_Li_2019_low-expression,-0.01746658531064771,9.743326275485476
650M,fp8_dyn,RS15_GEOSE_Tsuboyama_2023_1A32,0.005714691977266206,8.31210477879876
650M,fp8_dyn,S22A1_HUMAN_Yee_2023_abundance,-0.003914826077039746,8.304481158877726
650M,fp8_dyn,S22A1_HUMAN_Yee_2023_activity,-0.008102621152632938,8.383249208668143
650M,fp8_dyn,SAV1_MOUSE_Tsuboyama_2023_2YSB,0.0016305358309716134,7.609068601753483
650M,fp8_dyn,SBI_STAAM_Tsuboyama_2023_2JVG,-0.002378955919871917,12.187279184672308
650M,fp8_dyn,SC6A4_HUMAN_Young_2021,0.002705113426641703,11.10949217034546
650M,fp8_dyn,SCIN_STAAR_Tsuboyama_2023_2QFF,0.0031638553138175207,18.11880032621896
650M,fp8_dyn,SDA_BACSU_Tsuboyama_2023_1PV0,-0.005123067495931943,21.442725350796405
650M,fp8_dyn,SERC_HUMAN_Xie_2023,5.293529186400914e-05,11.26187807085605
650M,fp8_dyn,SHOC2_HUMAN_Kwon_2022,0.0001849369044908955,7.854521235148868
650M,fp8_dyn,SOX30_HUMAN_Tsuboyama_2023_7JJK,0.005363108208380096,11.209124004175333
650M,fp8_dyn,SPA_STAAU_Tsuboyama_2023_1LP1,0.002206548446306,18.37742183810564
650M,fp8_dyn,SPG1_STRSG_Olson_2014,-0.001530140259048185,21.451879920408114
650M,fp8_dyn,SPG1_STRSG_Wu_2016,-0.0038477250405562907,21.909100998735724
650M,fp8_dyn,SPG2_STRSG_Tsuboyama_2023_5UBS,-0.014377593361127206,23.01641305408097
650M,fp8_dyn,SPTN1_CHICK_Tsuboyama_2023_1TUD,0.0006073128323904609,7.7328757400174215
650M,fp8_dyn,SQSTM_MOUSE_Tsuboyama_2023_2RRU,-0.00487133735951828,4.549552396642854
650M,fp8_dyn,SR43C_ARATH_Tsuboyama_2023_2N88,-0.0007741275026652561,18.3890005411144
650M,fp8_dyn,SRBS1_HUMAN_Tsuboyama_2023_2O2W,-0.006483044786717129,11.179506735812755
650M,fp8_dyn,SRC_HUMAN_Ahler_2019,-0.0130483161286441,9.690713286825622
650M,fp8_dyn,SRC_HUMAN_Chakraborty_2023_binding-DAS_25uM,-0.006618617070037802,9.830602709650094
650M,fp8_dyn,SRC_HUMAN_Nguyen_2022,-0.015748224666713384,9.681281219123578
650M,fp8_dyn,SUMO1_HUMAN_Weile_2017,-0.012416511895665117,9.250254868134144
650M,fp8_dyn,SYUA_HUMAN_Newberry_2020,0.003253021339123696,18.677944897976268
650M,fp8_dyn,TADBP_HUMAN_Bolognesi_2019,0.006766147082256091,16.700281661219854
650M,fp8_dyn,TAT_HV1BR_Fernandes_2016,-0.007591789875566999,10.874632444237387
650M,fp8_dyn,TCRG1_MOUSE_Tsuboyama_2023_1E0L,-0.003647801228324088,14.421301825062358
650M,fp8_dyn,THO1_YEAST_Tsuboyama_2023_2WQG,0.0042626786408705986,20.467417742758098
650M,fp8_dyn,TNKS2_HUMAN_Tsuboyama_2023_5JRT,0.0006645769953839142,15.250608299882055
650M,fp8_dyn,TPK1_HUMAN_Weile_2017,-0.003581421049849487,6.510048538795083
650M,fp8_dyn,TPMT_HUMAN_Matreyek_2018,-0.00028527120539634243,10.142006253997831
650M,fp8_dyn,TPOR_HUMAN_Bridgford_2020,0.01011028071367992,13.711016886677061
650M,fp8_dyn,TRPC_SACS2_Chan_2017,-0.004423120281724868,11.268167818089635
650M,fp8_dyn,TRPC_THEMA_Chan_2017,-0.01036782179077017,11.97011216203308
650M,fp8_dyn,UBC9_HUMAN_Weile_2017,-0.0033326780118967947,9.368978810861806
650M,fp8_dyn,UBE4B_HUMAN_Tsuboyama_2023_3L1X,-0.009785069898555876,10.27295851802465
650M,fp8_dyn,UBR5_HUMAN_Tsuboyama_2023_1I2T,0.027782533361504103,4.068579136771563
650M,fp8_dyn,VG08_BPP22_Tsuboyama_2023_2GP8,-0.0008779483591851989,15.811937341336364
650M,fp8_dyn,VILI_CHICK_Tsuboyama_2023_1YU5,0.0035351195500752386,16.107448921437868
650M,fp8_dyn,VKOR1_HUMAN_Chiasson_2020_abundance,0.003548365250337915,9.47881370174277
650M,fp8_dyn,VKOR1_HUMAN_Chiasson_2020_activity,0.00016954713577621572,10.165627657954763
650M,fp8_dyn,VRPI_BPT7_Tsuboyama_2023_2WNM,-0.004249352868184286,17.361026348075985
650M,fp8_dyn,YAIA_ECOLI_Tsuboyama_2023_2KVT,-0.020914591995854548,10.107348472191566
650M,fp8_dyn,YAP1_HUMAN_Araya_2012,0.007897173720141204,12.561516777054086
650M,fp8_dyn,YNZC_BACSU_Tsuboyama_2023_2JVD,0.00380319369926696,19.92502858786113
650M,int8_dyn,A0A192B1T2_9HIV1_Haddox_2018,0.0038342335022298057,9.776426240444966
650M,int8_dyn,A0A1I9GEU1_NEIME_Kennouche_2019,-0.0015196164142843999,12.11176851787299
650M,int8_dyn,A0A247D711_LISMN_Stadelmann_2021,0.0027222988483600052,15.598069148150662
650M,int8_dyn,A0A2Z5U3Z0_9INFA_Doud_2016,0.0006102687364860637,4.7013310897848495
650M,int8_dyn,A0A2Z5U3Z0_9INFA_Wu_2014,-0.007666009459146694,4.627904154240813
650M,int8_dyn,A4D664_9INFA_Soh_2019,0.00043065229301469943,9.37480178550006
650M,int8_dyn,A4GRB6_PSEAI_Chen_2020,-0.000931759260258902,14.298062835659092
650M,int8_dyn,A4_HUMAN_Seuma_2022,0.012194737372631437,12.909471780136961
650M,int8_dyn,AACC1_PSEAI_Dandage_2018,0.001242155189281502,11.238067504365207
650M,int8_dyn,ACE2_HUMAN_Chan_2020,-0.004451715886603508,8.358728917768039
650M,int8_dyn,ADRB2_HUMAN_Jones_2020,-0.001109213964085587,14.970274673475359
650M,int8_dyn,AICDA_HUMAN_Gajula_2014_3cycles,-0.0079130013443926,14.950681058925818
650M,int8_dyn,AMFR_HUMAN_Tsuboyama_2023_4G3O,-0.004288279911849435,8.392416449107044
650M,int8_dyn,AMIE_PSEAE_Wrenbeck_2017,-0.0050268901239598485,9.807271898773514
650M,int8_dyn,ANCSZ_Hobbs_2022,7.145338344338725e-07,15.122527476602478
650M,int8_dyn,ARGR_ECOLI_Tsuboyama_2023_1AOY,-0.01045476023985259,6.81904836430534
650M,int8_dyn,B2L11_HUMAN_Dutta_2010_binding-Mcl-1,0.003054395130613119,3.179974972002894
650M,int8_dyn,BBC1_YEAST_Tsuboyama_2023_1TG0,0.005841862479159521,13.691567496101928
650M,int8_dyn,BCHB_CHLTE_Tsuboyama_2023_2KRU,0.012032676350440252,11.24491196895295
650M,int8_dyn,BLAT_ECOLX_Deng_2012,0.00020646683529401688,12.078050331737943
650M,int8_dyn,BLAT_ECOLX_Firnberg_2014,0.0033169608743565115,12.016559336871268
650M,int8_dyn,BLAT_ECOLX_Jacquier_2013,-9.574947354062946e-05,12.758899625204014
650M,int8_dyn,BLAT_ECOLX_Stiffler_2015,0.0040505505307296685,12.078050331737943
650M,int8_dyn,C6KNH7_9INFA_Lee_2018,0.0025495453451915284,5.800893504192828
650M,int8_dyn,CALM1_HUMAN_Weile_2017,0.0014886482467666995,11.627715286016855
650M,int8_dyn,CAPSD_AAV2S_Sinai_2021,0.005018607532984609,20.279200804536835
650M,int8_dyn,CASP3_HUMAN_Roychowdhury_2020,-0.0032277762401557997,11.344279249408316
650M,int8_dyn,CASP7_HUMAN_Roychowdhury_2020,-0.0009635083491225105,9.498190969364279
650M,int8_dyn,CATR_CHLRE_Tsuboyama_2023_2AMI,0.011360968830451013,11.859916559418851
650M,int8_dyn,CBPA2_HUMAN_Tsuboyama_2023_1O6X,-0.008735028842348558,12.504812208404473
650M,int8_dyn,CBS_HUMAN_Sun_2020,0.0002920631994428047,12.46836936054757
650M,int8_dyn,CBX4_HUMAN_Tsuboyama_2023_2K28,-0.010913141378644742,15.980298779040496
650M,int8_dyn,CCDB_ECOLI_Adkar_2012,0.005623268006797966,11.210523139685169
650M,int8_dyn,CCDB_ECOLI_Tripathi_2016,0.004904280787563997,11.005460887100947
650M,int8_dyn,CCR5_HUMAN_Gill_2023,0.0017448691403034733,13.07226920304646
650M,int8_dyn,CD19_HUMAN_Klesmith_2019_FMC_singles,0.0027034098632982007,14.143753185147979
650M,int8_dyn,CP2C9_HUMAN_Amorosi_2021_abundance,0.0005351844698175956,12.837897457408015
650M,int8_dyn,CP2C9_HUMAN_Amorosi_2021_activity,-0.0011280515514652256,12.722499977171404
650M,int8_dyn,CSN4_MOUSE_Tsuboyama_2023_1UFM,-0.007397072318962583,7.218418886293776
650M,int8_dyn,CUE1_YEAST_Tsuboyama_2023_2MYX,-9.557874612398098e-05,10.10642278797033
650M,int8_dyn,D7PM05_CLYGR_Somermeyer_2022,-0.008430989616510398,6.068906760403877
650M,int8_dyn,DLG4_HUMAN_Faure_2021,0.02209280402676983,7.89827672502854
650M,int8_dyn,DLG4_RAT_McLaughlin_2012,0.0007147810691957579,7.241861601679032
650M,int8_dyn,DN7A_SACS2_Tsuboyama_2023_1JIC,0.0018786264657689178,12.789725041655414
650M,int8_dyn,DNJA1_HUMAN_Tsuboyama_2023_2LO1,-0.0016474779440349696,27.820256187191067
650M,int8_dyn,DOCK1_MOUSE_Tsuboyama_2023_2M0Y,0.005077686787733016,14.38871699137917
650M,int8_dyn,DYR_ECOLI_Nguyen_2023,-0.004675012893729069,14.524128225535616
650M,int8_dyn,DYR_ECOLI_Thompson_2019,-0.0032598954704914918,13.074308721868292
650M,int8_dyn,ENVZ_ECOLI_Ghose_2023,-0.005860729013150101,11.078549330652223
650M,int8_dyn,ENV_HV1B9_DuenasDecamp_2016,-0.0003052289010047008,14.77992783938854
650M,int8_dyn,ENV_HV1BR_Haddox_2016,-0.0005299459775479007,10.736555242746146
650M,int8_dyn,EPHB2_HUMAN_Tsuboyama_2023_1F0M,-0.0022547564225249284,18.307227999472865
650M,int8_dyn,ESTA_BACSU_Nutschel_2020,0.0007690017672168925,13.31237794059787
650M,int8_dyn,F7YBW8_MESOW_Aakre_2015,-0.0020792327874639693,13.459651782303851
650M,int8_dyn,F7YBW8_MESOW_Ding_2023,-0.027874167386671977,17.642285755710983
650M,int8_dyn,FECA_ECOLI_Tsuboyama_2023_2D1U,-0.0013233132932491953,17.060393591590884
650M,int8_dyn,FKBP3_HUMAN_Tsuboyama_2023_2KFV,-0.022202662013290797,2.245492517969062
650M,int8_dyn,GAL4_YEAST_Kitzman_2015,0.0016537284854867274,14.312782735778287
650M,int8_dyn,GCN4_YEAST_Staller_2018,-0.012652295654767276,22.252355190307902
650M,int8_dyn,GDIA_HUMAN_Silverstein_2021,0.005650533829585691,6.611148817205598
650M,int8_dyn,GFP_AEQVI_Sarkisyan_2016,-0.0020609842960137986,7.9144851974549555
650M,int8_dyn,GLPA_HUMAN_Elazar_2016,-0.009719891514946788,15.470554305570895
650M,int8_dyn,GRB2_HUMAN_Faure_2021,0.008788067122152965,13.885169082604051
650M,int8_dyn,HCP_LAMBD_Tsuboyama_2023_2L6Q,-0.009619570204159156,8.439583265012173
650M,int8_dyn,HECD1_HUMAN_Tsuboyama_2023_3DKM,-0.0023969145309689077,17.71809464338204
650M,int8_dyn,HEM3_HUMAN_Loggerenberg_2023,0.000973204758809687,11.731530160359718
650M,int8_dyn,HIS7_YEAST_Pokusaeva_2019,-0.009232201612874691,6.423567813380836
650M,int8_dyn,HMDH_HUMAN_Jiang_2019,-0.0025383878610063526,10.105631709743637
650M,int8_dyn,HSP82_YEAST_Cote-Hammarlof_2020_growth-H2O2,0.005067385005146363,10.156865646365162
650M,int8_dyn,HSP82_YEAST_Flynn_2019,-0.003916592206187786,10.823886353139397
650M,int8_dyn,HSP82_YEAST_Mishra_2016,-0.0032114672012079626,13.189575781821773
650M,int8_dyn,HXK4_HUMAN_Gersing_2022_activity,-0.0028080881297639637,11.609044496032427
650M,int8_dyn,HXK4_HUMAN_Gersing_2023_abundance,-0.0010695583955911414,11.605246878985504
650M,int8_dyn,I6TAH8_I68A0_Doud_2015,0.00022603152648439928,18.09393668474527
650M,int8_dyn,IF1_ECOLI_Kelsic_2016,-0.003595942460126067,11.315403816948791
650M,int8_dyn,ILF3_HUMAN_Tsuboyama_2023_2L33,0.011123199301340203,4.234961972008456
650M,int8_dyn,ISDH_STAAW_Tsuboyama_2023_2LHR,-0.004496931957457095,15.565772930393488
650M,int8_dyn,KCNE1_HUMAN_Muhammad_2023_expression,0.0012950099509769913,7.520368246815599
650M,int8_dyn,KCNE1_HUMAN_Muhammad_2023_function,0.002613899054533353,7.533546223393471
650M,int8_dyn,KCNJ2_MOUSE_Coyote-Maestas_2022_function,-0.0012162056510602315,11.146473040262682
650M,int8_dyn,KCNJ2_MOUSE_Coyote-Maestas_2022_surface,0.004255246660687717,11.11265847060934
650M,int8_dyn,KKA2_KLEPN_Melnikov_2014,-0.0071874800477523815,12.12470734021271
650M,int8_dyn,LGK_LIPST_Klesmith_2015,-0.003619604529314535,9.755054635356823
650M,int8_dyn,LYAM1_HUMAN_Elazar_2016,-0.0009504866403022838,14.795391781043119
650M,int8_dyn,MAFG_MOUSE_Tsuboyama_2023_1K1V,0.0013504663586622057,20.160694279964023
650M,int8_dyn,MBD11_ARATH_Tsuboyama_2023_6ACV,-0.020034995820856327,11.010102856189938
650M,int8_dyn,MET_HUMAN_Estevam_2023,-0.003449002680841362,14.698043275809223
650M,int8_dyn,MK01_HUMAN_Brenan_2016,0.0005143314402900057,12.860477429980909
650M,int8_dyn,MLAC_ECOLI_MacRae_2023,-0.00023493294167853396,11.162522567030559
650M,int8_dyn,MSH2_HUMAN_Jia_2020,0.008063074112909019,6.943292139287896
650M,int8_dyn,MTH3_HAEAE_RockahShmuel_2015,-0.012495794229913981,10.255118751419571
650M,int8_dyn,MTHR_HUMAN_Weile_2021,0.00848051662781757,6.557434258829596
650M,int8_dyn,MYO3_YEAST_Tsuboyama_2023_2BTT,-0.005821956648004556,14.49223667962999
650M,int8_dyn,NCAP_I34A1_Doud_2015,0.0007341399572236007,17.59603800971956
650M,int8_dyn,NKX31_HUMAN_Tsuboyama_2023_2L9R,0.005796093909967048,14.775486964014393
650M,int8_dyn,NRAM_I33A0_Jiang_2016,-0.013234793421009,9.832352615461573
650M,int8_dyn,NUD15_HUMAN_Suiter_2020,0.0023440050992423744,11.7720609454344
650M,int8_dyn,NUSA_ECOLI_Tsuboyama_2023_1WCL,-0.015516378230597871,17.85025748765368
650M,int8_dyn,NUSG_MYCTU_Tsuboyama_2023_2MI6,0.012611733696435645,9.060084878389937
650M,int8_dyn,OBSCN_HUMAN_Tsuboyama_2023_1V1C,0.005823937786239575,9.817569279428913
650M,int8_dyn,ODP2_GEOSE_Tsuboyama_2023_1W4G,-0.0042052694914477,10.10105653835368
650M,int8_dyn,OPSD_HUMAN_Wan_2019,-0.010954380076134473,8.567906125781478
650M,int8_dyn,OTC_HUMAN_Lo_2023,-0.001051565591070447,10.412120283946695
650M,int8_dyn,OTU7A_HUMAN_Tsuboyama_2023_2L2D,-0.012038942167063582,7.795669563058127
650M,int8_dyn,OXDA_RHOTO_Vanella_2023_activity,-0.0017141081474842945,10.546966254851537
650M,int8_dyn,OXDA_RHOTO_Vanella_2023_expression,0.0032068958034431327,10.780641672581988
650M,int8_dyn,P53_HUMAN_Giacomelli_2018_Null_Etoposide,-0.0023556837715452694,10.125926865954732
650M,int8_dyn,P53_HUMAN_Giacomelli_2018_Null_Nutlin,-0.001237826403516884,10.125926865954732
650M,int8_dyn,P53_HUMAN_Giacomelli_2018_WT_Nutlin,-0.004858713285219751,10.125926865954732
650M,int8_dyn,P53_HUMAN_Kotler_2018,-0.00524121343340711,8.362348488317021
650M,int8_dyn,P84126_THETH_Chan_2017,-0.0033987172942980814,13.502578595797495
650M,int8_dyn,PABP_YEAST_Melamed_2013,-0.0017900866348857791,16.563849122320807
650M,int8_dyn,PAI1_HUMAN_Huttinger_2021,-0.0009894085058227975,13.235633704937465
650M,int8_dyn,PA_I34A1_Wu_2015,0.001432034424455303,9.849813675121537
650M,int8_dyn,PHOT_CHLRE_Chen_2023,0.00018158107642030075,14.328022622480198
650M,int8_dyn,PIN1_HUMAN_Tsuboyama_2023_1I6C,-0.009299545543549947,13.846386119213884
650M,int8_dyn,PITX2_HUMAN_Tsuboyama_2023_2L7M,-0.002451734579143494,15.359186375155533
650M,int8_dyn,PKN1_HUMAN_Tsuboyama_2023_1URF,0.00361612077033191,7.076136452556583
650M,int8_dyn,POLG_DEN26_Suphatrakul_2023,-0.010409854124140194,8.79828935053043
650M,int8_dyn,POLG_PESV_Tsuboyama_2023_2MXD,-0.041068813824961095,7.889016242568993
650M,int8_dyn,PPARG_HUMAN_Majithia_2016,-0.007894021933701367,10.44729889933707
650M,int8_dyn,PPM1D_HUMAN_Miller_2022,-0.00544459443100509,9.431077318251651
650M,int8_dyn,PR40A_HUMAN_Tsuboyama_2023_1UZC,0.0017445811879275297,14.616515212648077
650M,int8_dyn,PRKN_HUMAN_Clausen_2023,-0.003964371893351859,11.497832682181489
650M,int8_dyn,PSAE_PICP2_Tsuboyama_2023_1PSE,0.0011405262911658998,25.14005300806981
650M,int8_dyn,PTEN_HUMAN_Matreyek_2021,0.00022575043390499205,7.372715695228977
650M,int8_dyn,PTEN_HUMAN_Mighell_2018,0.006661969806824208,7.521173672788136
650M,int8_dyn,Q2N0S5_9HIV1_Haddox_2018,0.004272534693416007,9.59679023831594
650M,int8_dyn,Q53Z42_HUMAN_McShan_2019_binding-TAPBPR,-0.0016044683680589977,8.913089767382484
650M,int8_dyn,Q53Z42_HUMAN_McShan_2019_expression,0.01080648728884337,8.913089767382484
650M,int8_dyn,Q59976_STRSQ_Romero_2015,-0.0004582666680154057,13.385899850077308
650M,int8_dyn,Q6WV12_9MAXI_Somermeyer_2022,-0.0007898226290003994,7.6445511028889666
650M,int8_dyn,Q837P4_ENTFA_Meier_2023,-0.005139416598064606,16.991956036734756
650M,int8_dyn,Q837P5_ENTFA_Meier_2023,0.00060128843677687,15.767685207996177
650M,int8_dyn,Q8WTC7_9CNID_Somermeyer_2022,-0.0011301970167334995,9.362936735100734
650M,int8_dyn,R1AB_SARS2_Flynn_2022,-0.004008689432252299,7.149012845079121
650M,int8_dyn,RAD_ANTMA_Tsuboyama_2023_2CJJ,-0.005079771486785012,16.258251035138134
650M,int8_dyn,RAF1_HUMAN_Zinkus-Boltz_2019,-0.003219469358458682,6.776952991180475
650M,int8_dyn,RASH_HUMAN_Bandaru_2017,0.0016945959797445287,11.493832703050794
650M,int8_dyn,RASK_HUMAN_Weng_2022_abundance,-0.005827690334423097,12.241586782009184
650M,int8_dyn,RASK_HUMAN_Weng_2022_binding-DARPin_K55,0.00317508502138264,12.304393904949658
650M,int8_dyn,RBP1_HUMAN_Tsuboyama_2023_2KWH,-0.001458163795228673,14.7929486202549
650M,int8_dyn,RCD1_ARATH_Tsuboyama_2023_5OAO,0.005536221840647948,10.730350755452704
650M,int8_dyn,RCRO_LAMBD_Tsuboyama_2023_1ORC,-0.02816157977307754,10.669752782407494
650M,int8_dyn,RD23A_HUMAN_Tsuboyama_2023_1IFY,-0.01123337813923675,8.14346101353476
650M,int8_dyn,RDRP_I33A0_Li_2023,0.0007917717526754742,3.79343861058916
650M,int8_dyn,REV_HV1H2_Fernandes_2016,0.004994355930672795,4.868523259960141
650M,int8_dyn,RFAH_ECOLI_Tsuboyama_2023_2LCL,-0.01061405879649141,11.209279640447877
650M,int8_dyn,RL20_AQUAE_Tsuboyama_2023_1GYZ,-0.0014023560633544818,16.895711010734303
650M,int8_dyn,RL40A_YEAST_Mavor_2016,0.00929376787232783,8.585276767669955
650M,int8_dyn,RL40A_YEAST_Roscoe_2013,0.010982638981560933,8.458134340171672
650M,int8_dyn,RL40A_YEAST_Roscoe_2014,0.0006703984726805778,8.67619633412491
650M,int8_dyn,RNC_ECOLI_Weeks_2023,-0.003559045594240251,14.764106055419338
650M,int8_dyn,RPC1_BP434_Tsuboyama_2023_1R69,7.392580930032366e-05,28.474324645107885
650M,int8_dyn,RPC1_LAMBD_Li_2019_high-expression,-0.015020652471619322,10.823133161334665
650M,int8_dyn,RPC1_LAMBD_Li_2019_low-expression,-0.007540127086675841,10.823133161334665
650M,int8_dyn,RS15_GEOSE_Tsuboyama_2023_1A32,0.014239886004855984,8.488008496133684
650M,int8_dyn,S22A1_HUMAN_Yee_2023_abundance,-0.0030557840528523394,10.864336343633513
650M,int8_dyn,S22A1_HUMAN_Yee_2023_activity,-0.006975202979959794,10.92739132868718
650M,int8_dyn,SAV1_MOUSE_Tsuboyama_2023_2YSB,0.0038544353366465334,5.736325176428386
650M,int8_dyn,SBI_STAAM_Tsuboyama_2023_2JVG,-0.005790709508898706,11.852117753812053
650M,int8_dyn,SC6A4_HUMAN_Young_2021,-0.0005027036918764383,11.215567734755927
650M,int8_dyn,SCIN_STAAR_Tsuboyama_2023_2QFF,-0.004727744501173081,15.086689529805613
650M,int8_dyn,SDA_BACSU_Tsuboyama_2023_1PV0,0.017514528178729782,17.040626970618604
650M,int8_dyn,SERC_HUMAN_Xie_2023,-0.002630079451435896,12.366201583368007
650M,int8_dyn,SHOC2_HUMAN_Kwon_2022,-0.0038131216746781216,9.312319692406508
650M,int8_dyn,SOX30_HUMAN_Tsuboyama_2023_7JJK,0.008316981190077677,10.63900226534903
650M,int8_dyn,SPA_STAAU_Tsuboyama_2023_1LP1,-0.0279598513375331,10.747855977728825
650M,int8_dyn,SPG1_STRSG_Olson_2014,0.002309630585020095,23.299556485626987
650M,int8_dyn,SPG1_STRSG_Wu_2016,-0.0083159015719525,27.136238509113777
650M,int8_dyn,SPG2_STRSG_Tsuboyama_2023_5UBS,-0.00735811700012734,20.068353371483852
650M,int8_dyn,SPTN1_CHICK_Tsuboyama_2023_1TUD,-0.0015714176748052866,16.900274063072043
650M,int8_dyn,SQSTM_MOUSE_Tsuboyama_2023_2RRU,-0.032429388216612454,5.623719487994772
650M,int8_dyn,SR43C_ARATH_Tsuboyama_2023_2N88,0.0029347938395701823,21.062776397556117
650M,int8_dyn,SRBS1_HUMAN_Tsuboyama_2023_2O2W,-0.0037993407756484743,10.775178622945953
650M,int8_dyn,SRC_HUMAN_Ahler_2019,0.0019781805218119786,13.161907266116227
650M,int8_dyn,SRC_HUMAN_Chakraborty_2023_binding-DAS_25uM,-0.00010898312081392136,13.250228134900718
650M,int8_dyn,SRC_HUMAN_Nguyen_2022,0.0017739357502284947,13.15224518016394
650M,int8_dyn,SUMO1_HUMAN_Weile_2017,0.00046676967354830623,10.012348771626643
650M,int8_dyn,SYUA_HUMAN_Newberry_2020,-0.0046387890025660905,18.172401306546043
650M,int8_dyn,TADBP_HUMAN_Bolognesi_2019,-0.005961444866484894,13.490498183212852
650M,int8_dyn,TAT_HV1BR_Fernandes_2016,-0.0152642232525002,10.240175167745656
650M,int8_dyn,TCRG1_MOUSE_Tsuboyama_2023_1E0L,0.004035721819666049,16.69001329434082
650M,int8_dyn,THO1_YEAST_Tsuboyama_2023_2WQG,0.0038923864263721297,23.755806747725575
650M,int8_dyn,TNKS2_HUMAN_Tsuboyama_2023_5JRT,-0.002542165250775885,14.010394110031235
650M,int8_dyn,TPK1_HUMAN_Weile_2017,-0.007334089253565379,6.161864146119266
650M,int8_dyn,TPMT_HUMAN_Matreyek_2018,0.0019032068238798994,10.548394365694499
650M,int8_dyn,TPOR_HUMAN_Bridgford_2020,0.013263038609173328,14.37271223928937
650M,int8_dyn,TRPC_SACS2_Chan_2017,-0.0023512954567689315,13.767960272189832
650M,int8_dyn,TRPC_THEMA_Chan_2017,-0.009422643573217981,14.36668955040817
650M,int8_dyn,UBC9_HUMAN_Weile_2017,-0.004725737597901569,10.29656482258322
650M,int8_dyn,UBE4B_HUMAN_Tsuboyama_2023_3L1X,0.0017944457515128298,11.846259025598068
650M,int8_dyn,UBR5_HUMAN_Tsuboyama_2023_1I2T,-0.0178449941735829,5.02660343712538
650M,int8_dyn,VG08_BPP22_Tsuboyama_2023_2GP8,-0.004516591687635629,12.510073497182296
650M,int8_dyn,VILI_CHICK_Tsuboyama_2023_1YU5,-0.0009678025006630842,16.715230587334883
650M,int8_dyn,VKOR1_HUMAN_Chiasson_2020_abundance,-0.0016168888335416076,10.798541522978072
650M,int8_dyn,VKOR1_HUMAN_Chiasson_2020_activity,-0.0009274008819519786,10.853931043628757
650M,int8_dyn,VRPI_BPT7_Tsuboyama_2023_2WNM,-0.002822866565594495,21.5394021479541
650M,int8_dyn,YAIA_ECOLI_Tsuboyama_2023_2KVT,-0.010548928225465048,9.641420347674455
650M,int8_dyn,YAP1_HUMAN_Araya_2012,-0.006635104713322626,13.948283695231508
650M,int8_dyn,YNZC_BACSU_Tsuboyama_2023_2JVD,0.003996003837994366,20.590273380800017
650M,int4_wo,A0A192B1T2_9HIV1_Haddox_2018,-0.005148217897602003,4.272179001558412
650M,int4_wo,A0A1I9GEU1_NEIME_Kennouche_2019,-0.007055663114615401,4.704070966167911
650M,int4_wo,A0A247D711_LISMN_Stadelmann_2021,-0.011299792080827091,7.927271315750573
650M,int4_wo,A0A2Z5U3Z0_9INFA_Doud_2016,-0.025865526988922027,2.3923243670727983
650M,int4_wo,A0A2Z5U3Z0_9INFA_Wu_2014,-0.05036104687636439,2.301393956609653
650M,int4_wo,A4D664_9INFA_Soh_2019,-0.0071787690201498,3.2171571383357964
650M,int4_wo,A4GRB6_PSEAI_Chen_2020,-0.026465743320944424,5.186604006735586
650M,int4_wo,A4_HUMAN_Seuma_2022,-0.013784660214621991,4.93270596313139
650M,int4_wo,AACC1_PSEAI_Dandage_2018,-0.03570615018844869,3.5264187452862017
650M,int4_wo,ACE2_HUMAN_Chan_2020,0.0006848444671894993,3.410222872945529
650M,int4_wo,ADRB2_HUMAN_Jones_2020,0.005125795900548513,5.317653729661385
650M,int4_wo,AICDA_HUMAN_Gajula_2014_3cycles,0.02069236976175587,4.690839876348468
650M,int4_wo,AMFR_HUMAN_Tsuboyama_2023_4G3O,-0.012322099334371811,4.998878918948956
650M,int4_wo,AMIE_PSEAE_Wrenbeck_2017,-0.036731688490823644,3.625494123616466
650M,int4_wo,ANCSZ_Hobbs_2022,-0.011759812816109827,6.050501928337584
650M,int4_wo,ARGR_ECOLI_Tsuboyama_2023_1AOY,-0.023292518745993696,3.066009715902914
650M,int4_wo,B2L11_HUMAN_Dutta_2010_binding-Mcl-1,-0.20235643624963348,1.3157192169973817
650M,int4_wo,BBC1_YEAST_Tsuboyama_2023_1TG0,0.013083010768498105,5.579164297562091
650M,int4_wo,BCHB_CHLTE_Tsuboyama_2023_2KRU,0.01914973363373995,5.395209625832251
650M,int4_wo,BLAT_ECOLX_Deng_2012,-0.01376440737399387,4.124475614006441
650M,int4_wo,BLAT_ECOLX_Firnberg_2014,-0.021886170322569343,4.106599827496081
650M,int4_wo,BLAT_ECOLX_Jacquier_2013,-0.0251421211322177,4.243434219278212
650M,int4_wo,BLAT_ECOLX_Stiffler_2015,-0.02581616857211244,4.124475614006441
650M,int4_wo,C6KNH7_9INFA_Lee_2018,-0.02376461963893428,2.5758194893753683
650M,int4_wo,CALM1_HUMAN_Weile_2017,-0.003977415286105984,3.818183880258395
650M,int4_wo,CAPSD_AAV2S_Sinai_2021,0.016281408737628733,5.958144737664922
650M,int4_wo,CASP3_HUMAN_Roychowdhury_2020,-0.011411950309854202,4.603140916866297
650M,int4_wo,CASP7_HUMAN_Roychowdhury_2020,-0.009842736759053006,4.090598138065444
650M,int4_wo,CATR_CHLRE_Tsuboyama_2023_2AMI,-0.015846423544650823,6.324476106865591
650M,int4_wo,CBPA2_HUMAN_Tsuboyama_2023_1O6X,0.010386091125799357,2.7775970392755025
650M,int4_wo,CBS_HUMAN_Sun_2020,-0.0022331281491866917,4.764759510708263
650M,int4_wo,CBX4_HUMAN_Tsuboyama_2023_2K28,-0.02479171793507562,5.027921998442219
650M,int4_wo,CCDB_ECOLI_Adkar_2012,-0.026239865982066846,4.013526528816669
650M,int4_wo,CCDB_ECOLI_Tripathi_2016,-0.022981720708495912,4.01273964768108
650M,int4_wo,CCR5_HUMAN_Gill_2023,-0.004373206677256936,4.755847737604135
650M,int4_wo,CD19_HUMAN_Klesmith_2019_FMC_singles,-0.0079396495160493,5.444769831587949
650M,int4_wo,CP2C9_HUMAN_Amorosi_2021_abundance,-0.003203385374753176,5.23545229207902
650M,int4_wo,CP2C9_HUMAN_Amorosi_2021_activity,0.0010333237254924743,5.325664870973493
650M,int4_wo,CSN4_MOUSE_Tsuboyama_2023_1UFM,-0.01080722208526752,3.154895906628294
650M,int4_wo,CUE1_YEAST_Tsuboyama_2023_2MYX,-0.040199933242883734,3.9888127425593733
650M,int4_wo,D7PM05_CLYGR_Somermeyer_2022,-0.0079058717340375,7.297613834991527
650M,int4_wo,DLG4_HUMAN_Faure_2021,0.039995550568378446,2.9125364530110747
650M,int4_wo,DLG4_RAT_McLaughlin_2012,0.01874436455883044,2.7438884067573786
650M,int4_wo,DN7A_SACS2_Tsuboyama_2023_1JIC,-0.01320668535383418,6.301549194102133
650M,int4_wo,DNJA1_HUMAN_Tsuboyama_2023_2LO1,0.0056128805154314065,8.7959095177269
650M,int4_wo,DOCK1_MOUSE_Tsuboyama_2023_2M0Y,0.00451870177391811,6.788973778939155
650M,int4_wo,DYR_ECOLI_Nguyen_2023,-0.0032216244790180815,5.530028586693259
650M,int4_wo,DYR_ECOLI_Thompson_2019,-0.011176994459651923,5.072266612930083
650M,int4_wo,ENVZ_ECOLI_Ghose_2023,-0.0012964293048616238,4.814301232424237
650M,int4_wo,ENV_HV1B9_DuenasDecamp_2016,-0.011163362506730301,6.043914904992622
650M,int4_wo,ENV_HV1BR_Haddox_2016,-0.006369844937336201,4.386131950837229
650M,int4_wo,EPHB2_HUMAN_Tsuboyama_2023_1F0M,-0.009511255884369407,3.9898158083508855
650M,int4_wo,ESTA_BACSU_Nutschel_2020,-0.025068593040732612,4.258797904172363
650M,int4_wo,F7YBW8_MESOW_Aakre_2015,-0.0343330281775876,4.520217319862568
650M,int4_wo,F7YBW8_MESOW_Ding_2023,0.04909626328337041,6.70819382154372
650M,int4_wo,FECA_ECOLI_Tsuboyama_2023_2D1U,-0.008925597068900615,6.34343623608546
650M,int4_wo,FKBP3_HUMAN_Tsuboyama_2023_2KFV,-0.005868028744864612,3.0737471069543916
650M,int4_wo,GAL4_YEAST_Kitzman_2015,-0.01353011471427179,3.835475709671343
650M,int4_wo,GCN4_YEAST_Staller_2018,-0.0028089952238981586,12.237672643482531
650M,int4_wo,GDIA_HUMAN_Silverstein_2021,0.016325295470073886,2.942285745569218
650M,int4_wo,GFP_AEQVI_Sarkisyan_2016,-0.029606705535957095,4.739519798256099
650M,int4_wo,GLPA_HUMAN_Elazar_2016,-0.023592758925192192,6.078017857892429
650M,int4_wo,GRB2_HUMAN_Faure_2021,0.01645015537405381,5.1753932233013495
650M,int4_wo,HCP_LAMBD_Tsuboyama_2023_2L6Q,-0.024141423614303936,4.018721022166944
650M,int4_wo,HECD1_HUMAN_Tsuboyama_2023_3DKM,0.003919838057682479,5.585841077858869
650M,int4_wo,HEM3_HUMAN_Loggerenberg_2023,-0.012089053289884744,4.97692463571908
650M,int4_wo,HIS7_YEAST_Pokusaeva_2019,-0.015299656139378393,2.6126778511571307
650M,int4_wo,HMDH_HUMAN_Jiang_2019,-0.004885009525527062,4.031124138913028
650M,int4_wo,HSP82_YEAST_Cote-Hammarlof_2020_growth-H2O2,-0.0076976344127893115,4.341202096673722
650M,int4_wo,HSP82_YEAST_Flynn_2019,-0.0037331617516749294,4.635187943735691
650M,int4_wo,HSP82_YEAST_Mishra_2016,-0.0175986209173587,4.749540901598009
650M,int4_wo,HXK4_HUMAN_Gersing_2022_activity,-0.010110168162124955,5.035925462495665
650M,int4_wo,HXK4_HUMAN_Gersing_2023_abundance,-0.009459295674404011,5.020263101462025
650M,int4_wo,I6TAH8_I68A0_Doud_2015,-0.0006519469685524991,10.979851321627125
650M,int4_wo,IF1_ECOLI_Kelsic_2016,-0.023512805602410425,4.463281898239494
650M,int4_wo,ILF3_HUMAN_Tsuboyama_2023_2L33,0.04270817079553668,1.9603953307691582
650M,int4_wo,ISDH_STAAW_Tsuboyama_2023_2LHR,0.015445133401411903,8.166621156204714
650M,int4_wo,KCNE1_HUMAN_Muhammad_2023_expression,0.0029605670447380994,2.899170076826462
650M,int4_wo,KCNE1_HUMAN_Muhammad_2023_function,-0.0010632099623437696,2.898281039521791
650M,int4_wo,KCNJ2_MOUSE_Coyote-Maestas_2022_function,-0.01227533186872165,4.426138986597766
650M,int4_wo,KCNJ2_MOUSE_Coyote-Maestas_2022_surface,-0.003047387633520915,4.428822570372256
650M,int4_wo,KKA2_KLEPN_Melnikov_2014,-0.029665094696812888,4.560116706416159
650M,int4_wo,LGK_LIPST_Klesmith_2015,-0.019035117209623587,4.168382291464252
650M,int4_wo,LYAM1_HUMAN_Elazar_2016,-0.018360076075156995,4.503875227323852
650M,int4_wo,MAFG_MOUSE_Tsuboyama_2023_1K1V,0.015542758604223439,13.113796688799457
650M,int4_wo,MBD11_ARATH_Tsuboyama_2023_6ACV,0.053667783858897256,3.8556397508217186
650M,int4_wo,MET_HUMAN_Estevam_2023,-0.023190838992851126,5.290274102712573
650M,int4_wo,MK01_HUMAN_Brenan_2016,0.001199010846012899,4.271431729292177
650M,int4_wo,MLAC_ECOLI_MacRae_2023,-0.00129927653028733,4.156970131199859
650M,int4_wo,MSH2_HUMAN_Jia_2020,0.03192319624615142,2.794274239624261
650M,int4_wo,MTH3_HAEAE_RockahShmuel_2015,-0.026943880178735835,4.492330599817719
650M,int4_wo,MTHR_HUMAN_Weile_2021,0.000872431519154393,3.0498112184650292
650M,int4_wo,MYO3_YEAST_Tsuboyama_2023_2BTT,0.014251957781728164,4.497125397159755
650M,int4_wo,NCAP_I34A1_Doud_2015,-0.0065656816230182,10.725554465655877
650M,int4_wo,NKX31_HUMAN_Tsuboyama_2023_2L9R,-0.020796268181291877,5.305200738759504
650M,int4_wo,NRAM_I33A0_Jiang_2016,-0.014969935817090801,2.9637378433232877
650M,int4_wo,NUD15_HUMAN_Suiter_2020,0.0066395085755460714,4.450623466800766
650M,int4_wo,NUSA_ECOLI_Tsuboyama_2023_1WCL,-0.040810638458429194,7.697982285578634
650M,int4_wo,NUSG_MYCTU_Tsuboyama_2023_2MI6,0.01948762191288489,5.921471058789141
650M,int4_wo,OBSCN_HUMAN_Tsuboyama_2023_1V1C,0.008628849106650516,5.96358004842493
650M,int4_wo,ODP2_GEOSE_Tsuboyama_2023_1W4G,0.013374950369355487,5.268619818072507
650M,int4_wo,OPSD_HUMAN_Wan_2019,0.06535380318286599,2.888410276854114
650M,int4_wo,OTC_HUMAN_Lo_2023,-0.023219942520686376,4.302115026731741
650M,int4_wo,OTU7A_HUMAN_Tsuboyama_2023_2L2D,-0.0268312675981216,3.041620798061224
650M,int4_wo,OXDA_RHOTO_Vanella_2023_activity,-0.018990016819762368,4.873123581670095
650M,int4_wo,OXDA_RHOTO_Vanella_2023_expression,-0.017636432670830815,4.957263972680302
650M,int4_wo,P53_HUMAN_Giacomelli_2018_Null_Etoposide,-0.033689039281018074,3.9389161269771655
650M,int4_wo,P53_HUMAN_Giacomelli_2018_Null_Nutlin,-0.032132770463248195,3.9389161269771655
650M,int4_wo,P53_HUMAN_Giacomelli_2018_WT_Nutlin,-0.03712900093557775,3.9389161269771655
650M,int4_wo,P53_HUMAN_Kotler_2018,-0.014198713748405423,3.6461983029574854
650M,int4_wo,P84126_THETH_Chan_2017,-0.0021046073230504003,4.603418656310583
650M,int4_wo,PABP_YEAST_Melamed_2013,-0.028738227647063352,5.1529343862359935
650M,int4_wo,PAI1_HUMAN_Huttinger_2021,-0.005124257214882688,4.892135224414251
650M,int4_wo,PA_I34A1_Wu_2015,-0.009294947483152901,8.285041857799666
650M,int4_wo,PHOT_CHLRE_Chen_2023,0.027963712541022367,4.580922176453994
650M,int4_wo,PIN1_HUMAN_Tsuboyama_2023_1I6C,-0.00984127057327111,5.102062307508906
650M,int4_wo,PITX2_HUMAN_Tsuboyama_2023_2L7M,0.02429634104157652,3.5521647034910515
650M,int4_wo,PKN1_HUMAN_Tsuboyama_2023_1URF,0.028664734225688993,3.392573492378531
650M,int4_wo,POLG_DEN26_Suphatrakul_2023,-0.027666634485933705,3.949245802045859
650M,int4_wo,POLG_PESV_Tsuboyama_2023_2MXD,-0.01591466054593829,6.388524334922441
650M,int4_wo,PPARG_HUMAN_Majithia_2016,-0.03688467345452473,4.348721571200703
650M,int4_wo,PPM1D_HUMAN_Miller_2022,-0.023631628448479436,3.857195155120132
650M,int4_wo,PR40A_HUMAN_Tsuboyama_2023_1UZC,-0.001211402578451426,5.530974626255455
650M,int4_wo,PRKN_HUMAN_Clausen_2023,-0.017948716012738064,4.488986957800882
650M,int4_wo,PSAE_PICP2_Tsuboyama_2023_1PSE,-0.022708163128195236,9.076644724255223
650M,int4_wo,PTEN_HUMAN_Matreyek_2021,0.009955665274651304,3.1261151229048494
650M,int4_wo,PTEN_HUMAN_Mighell_2018,0.013733727527093453,3.119520106310973
650M,int4_wo,Q2N0S5_9HIV1_Haddox_2018,-0.010129655350742797,4.045584846713093
650M,int4_wo,Q53Z42_HUMAN_McShan_2019_binding-TAPBPR,0.0010819614300278113,3.768054519525418
650M,int4_wo,Q53Z42_HUMAN_McShan_2019_expression,-0.012920229868379263,3.768054519525418
650M,int4_wo,Q59976_STRSQ_Romero_2015,-0.00982759839369396,5.3466275567696515
650M,int4_wo,Q6WV12_9MAXI_Somermeyer_2022,-0.0198693368897655,6.180183625711505
650M,int4_wo,Q837P4_ENTFA_Meier_2023,-0.02622909511117366,5.993054709264523
650M,int4_wo,Q837P5_ENTFA_Meier_2023,-0.027231812109754616,4.6172876663746525
650M,int4_wo,Q8WTC7_9CNID_Somermeyer_2022,0.0010628599847557,6.079404427280226
650M,int4_wo,R1AB_SARS2_Flynn_2022,-0.009008563378023998,4.365077848373294
650M,int4_wo,RAD_ANTMA_Tsuboyama_2023_2CJJ,0.07803612487109018,4.1350707835268725
650M,int4_wo,RAF1_HUMAN_Zinkus-Boltz_2019,-0.011698950678700804,2.7943481674829096
650M,int4_wo,RASH_HUMAN_Bandaru_2017,0.0003894597901166197,4.416641455976448
650M,int4_wo,RASK_HUMAN_Weng_2022_abundance,0.008376591815448697,5.359334257752404
650M,int4_wo,RASK_HUMAN_Weng_2022_binding-DARPin_K55,-0.01807789146245653,5.379968162367514
650M,int4_wo,RBP1_HUMAN_Tsuboyama_2023_2KWH,-0.03443751138630602,6.271128303795733
650M,int4_wo,RCD1_ARATH_Tsuboyama_2023_5OAO,0.04259305919398604,3.316869978421822
650M,int4_wo,RCRO_LAMBD_Tsuboyama_2023_1ORC,0.048210958525922165,4.849949183807509
650M,int4_wo,RD23A_HUMAN_Tsuboyama_2023_1IFY,-0.015446101766186826,4.582346290982259
650M,int4_wo,RDRP_I33A0_Li_2023,-0.022979679945447806,1.5857388969811603
650M,int4_wo,REV_HV1H2_Fernandes_2016,-0.034072568930080316,2.119131700065753
650M,int4_wo,RFAH_ECOLI_Tsuboyama_2023_2LCL,0.013649184624133004,4.01008005292075
650M,int4_wo,RL20_AQUAE_Tsuboyama_2023_1GYZ,-0.01240561967717535,6.590221149657512
650M,int4_wo,RL40A_YEAST_Mavor_2016,-0.017083259550762064,4.26614278806481
650M,int4_wo,RL40A_YEAST_Roscoe_2013,-0.01770902231528848,4.219686959369708
650M,int4_wo,RL40A_YEAST_Roscoe_2014,-0.011473076749781375,4.273646559481992
650M,int4_wo,RNC_ECOLI_Weeks_2023,-0.016888695247402996,5.297781743306844
650M,int4_wo,RPC1_BP434_Tsuboyama_2023_1R69,0.004474342352567384,11.815524350268962
650M,int4_wo,RPC1_LAMBD_Li_2019_high-expression,-0.021006833681582737,4.563788327292178
650M,int4_wo,RPC1_LAMBD_Li_2019_low-expression,-0.035585092804825524,4.563788327292178
650M,int4_wo,RS15_GEOSE_Tsuboyama_2023_1A32,0.014586997568799609,3.772085629922601
650M,int4_wo,S22A1_HUMAN_Yee_2023_abundance,-0.002177467391066834,4.12277454881937
650M,int4_wo,S22A1_HUMAN_Yee_2023_activity,-0.010907151092784284,4.157203843874922
650M,int4_wo,SAV1_MOUSE_Tsuboyama_2023_2YSB,0.011349938427184347,3.6182299004139007
650M,int4_wo,SBI_STAAM_Tsuboyama_2023_2JVG,-0.029152170905594743,5.622367550275116
650M,int4_wo,SC6A4_HUMAN_Young_2021,-0.005457772910330783,4.5898768562738885
650M,int4_wo,SCIN_STAAR_Tsuboyama_2023_2QFF,-0.016642797682115074,8.769714675577179
650M,int4_wo,SDA_BACSU_Tsuboyama_2023_1PV0,0.00011277891084093827,11.398031756119039
650M,int4_wo,SERC_HUMAN_Xie_2023,-0.009229501461268219,4.709422799641546
650M,int4_wo,SHOC2_HUMAN_Kwon_2022,-0.009401404455285589,3.3166274067734656
650M,int4_wo,SOX30_HUMAN_Tsuboyama_2023_7JJK,-0.0039200175140196025,5.044730288167767
650M,int4_wo,SPA_STAAU_Tsuboyama_2023_1LP1,-0.0027260254325561,6.580509017830602
650M,int4_wo,SPG1_STRSG_Olson_2014,-0.010051303313066196,9.207620725400297
650M,int4_wo,SPG1_STRSG_Wu_2016,0.025725317534185693,10.533177802459685
650M,int4_wo,SPG2_STRSG_Tsuboyama_2023_5UBS,-0.043091861235867224,5.9377718778887125
650M,int4_wo,SPTN1_CHICK_Tsuboyama_2023_1TUD,-0.003940553895810828,4.771120493506054
650M,int4_wo,SQSTM_MOUSE_Tsuboyama_2023_2RRU,-0.0337234525875969,2.7774899036306144
650M,int4_wo,SR43C_ARATH_Tsuboyama_2023_2N88,0.016332350987476207,7.886580418416506
650M,int4_wo,SRBS1_HUMAN_Tsuboyama_2023_2O2W,0.03646588013777463,3.967276048623641
650M,int4_wo,SRC_HUMAN_Ahler_2019,-0.004055746744166977,5.199477204488982
650M,int4_wo,SRC_HUMAN_Chakraborty_2023_binding-DAS_25uM,-0.0074680833831480276,5.194196878774473
650M,int4_wo,SRC_HUMAN_Nguyen_2022,-0.005825453495171606,5.194534021863699
650M,int4_wo,SUMO1_HUMAN_Weile_2017,-0.0005939608685133768,3.3463077949880993
650M,int4_wo,SYUA_HUMAN_Newberry_2020,-0.008477300179601605,8.568092730609395
650M,int4_wo,TADBP_HUMAN_Bolognesi_2019,0.003325035257780398,6.5769909366783725
650M,int4_wo,TAT_HV1BR_Fernandes_2016,-0.017477274340737443,7.446220425168947
650M,int4_wo,TCRG1_MOUSE_Tsuboyama_2023_1E0L,-0.004348790568194705,5.976872385581903
650M,int4_wo,THO1_YEAST_Tsuboyama_2023_2WQG,0.009916510527504308,8.257017775432114
650M,int4_wo,TNKS2_HUMAN_Tsuboyama_2023_5JRT,-0.01361915397792024,6.591495445338143
650M,int4_wo,TPK1_HUMAN_Weile_2017,-0.039157201147396015,2.616106087097905
650M,int4_wo,TPMT_HUMAN_Matreyek_2018,0.0032323945406907972,4.341333701071845
650M,int4_wo,TPOR_HUMAN_Bridgford_2020,-0.028945848925646278,5.726614657362374
650M,int4_wo,TRPC_SACS2_Chan_2017,-0.0002641843200611449,5.115552470050499
650M,int4_wo,TRPC_THEMA_Chan_2017,0.002705474182604195,5.71312268758284
650M,int4_wo,UBC9_HUMAN_Weile_2017,0.0015389231267669001,4.703771185331423
650M,int4_wo,UBE4B_HUMAN_Tsuboyama_2023_3L1X,-0.03877294776595436,3.435012221193534
650M,int4_wo,UBR5_HUMAN_Tsuboyama_2023_1I2T,0.27353655965841783,1.2925140003060402
650M,int4_wo,VG08_BPP22_Tsuboyama_2023_2GP8,-0.029161556989177106,7.339853379700733
650M,int4_wo,VILI_CHICK_Tsuboyama_2023_1YU5,-0.019000635212573114,8.208733452493659
650M,int4_wo,VKOR1_HUMAN_Chiasson_2020_abundance,0.01191190307026857,4.362214513214171
650M,int4_wo,VKOR1_HUMAN_Chiasson_2020_activity,-0.004052953948920968,4.640902163434675
650M,int4_wo,VRPI_BPT7_Tsuboyama_2023_2WNM,-0.01125184326243811,8.602461491626537
650M,int4_wo,YAIA_ECOLI_Tsuboyama_2023_2KVT,0.003558125516457289,4.310900470797904
650M,int4_wo,YAP1_HUMAN_Araya_2012,-0.02239145708763679,5.289288871069692
650M,int4_wo,YNZC_BACSU_Tsuboyama_2023_2JVD,-0.00015162118844114225,7.085917108239743
3B,bf16,A0A192B1T2_9HIV1_Haddox_2018,-0.0014385110950835,46.3507098624168
3B,bf16,A0A1I9GEU1_NEIME_Kennouche_2019,0.00035247242775119855,62.68160688180028
3B,bf16,A0A247D711_LISMN_Stadelmann_2021,-0.002001351488334302,54.9761235717874
3B,bf16,A0A2Z5U3Z0_9INFA_Doud_2016,-0.0009503425056827108,36.36938368787251
3B,bf16,A0A2Z5U3Z0_9INFA_Wu_2014,-3.495444289930427e-05,35.43953642428391
3B,bf16,A4D664_9INFA_Soh_2019,0.000378476788904486,56.44700018075596
3B,bf16,A4GRB6_PSEAI_Chen_2020,0.00011176184502337261,56.09265275375151
3B,bf16,A4_HUMAN_Seuma_2022,-0.0030767598923447936,35.21257833399676
3B,bf16,AACC1_PSEAI_Dandage_2018,0.0003666914013188416,65.72741173628685
3B,bf16,ACE2_HUMAN_Chan_2020,-0.0016760703266112953,52.371420298561944
3B,bf16,ADRB2_HUMAN_Jones_2020,0.00020317989581608575,73.55470584908667
3B,bf16,AICDA_HUMAN_Gajula_2014_3cycles,0.0004540587649934924,54.82814193563262
3B,bf16,AMFR_HUMAN_Tsuboyama_2023_4G3O,0.0024057645932725746,96.68913236474484
3B,bf16,AMIE_PSEAE_Wrenbeck_2017,0.000529351307379966,43.20585489675951
3B,bf16,ANCSZ_Hobbs_2022,-0.0008067090352140704,72.99556317678346
3B,bf16,ARGR_ECOLI_Tsuboyama_2023_1AOY,0.0018764137286936822,42.87079715766409
3B,bf16,B2L11_HUMAN_Dutta_2010_binding-Mcl-1,-0.00046649614138050133,62.85702502936792
3B,bf16,BBC1_YEAST_Tsuboyama_2023_1TG0,-0.000526513132723172,87.86739895311847
3B,bf16,BCHB_CHLTE_Tsuboyama_2023_2KRU,0.0007577491125410063,63.42620681751269
3B,bf16,BLAT_ECOLX_Deng_2012,0.0005526146249881236,38.232943597980714
3B,bf16,BLAT_ECOLX_Firnberg_2014,0.0002123152061344058,38.382294616019706
3B,bf16,BLAT_ECOLX_Jacquier_2013,-0.00015617178903915008,34.00394558588544
3B,bf16,BLAT_ECOLX_Stiffler_2015,0.00028446488952538207,38.232943597980714
3B,bf16,C6KNH7_9INFA_Lee_2018,-0.0003190948622550094,29.11407520392426
3B,bf16,CALM1_HUMAN_Weile_2017,-0.00040562637688759673,49.03106289164822
3B,bf16,CAPSD_AAV2S_Sinai_2021,0.001639910433896108,46.72649283083269
3B,bf16,CASP3_HUMAN_Roychowdhury_2020,4.6758075440078706e-05,38.21333714140488
3B,bf16,CASP7_HUMAN_Roychowdhury_2020,0.0016506650729064543,42.26810091902017
3B,bf16,CATR_CHLRE_Tsuboyama_2023_2AMI,0.002545984899481768,54.39952407576803
3B,bf16,CBPA2_HUMAN_Tsuboyama_2023_1O6X,-0.0016702145274830604,62.25895282149174
3B,bf16,CBS_HUMAN_Sun_2020,-0.00010028330415839948,56.95289739118397
3B,bf16,CBX4_HUMAN_Tsuboyama_2023_2K28,0.0015793226318093767,70.22134204164354
3B,bf16,CCDB_ECOLI_Adkar_2012,2.5945786059411446e-05,48.969282466937464
3B,bf16,CCDB_ECOLI_Tripathi_2016,-0.00010337027336460025,47.023417705619195
3B,bf16,CCR5_HUMAN_Gill_2023,0.0003956118874340886,62.816682656018
3B,bf16,CD19_HUMAN_Klesmith_2019_FMC_singles,-0.0003134579763045958,42.7316202727668
3B,bf16,CP2C9_HUMAN_Amorosi_2021_abundance,0.0005553232124433372,62.975900712586956
3B,bf16,CP2C9_HUMAN_Amorosi_2021_activity,7.24600048196411e-05,60.86949228497282
3B,bf16,CSN4_MOUSE_Tsuboyama_2023_1UFM,0.0012446229990814017,50.36240895687384
3B,bf16,CUE1_YEAST_Tsuboyama_2023_2MYX,-0.0009145884023351036,64.60635481073915
3B,bf16,D7PM05_CLYGR_Somermeyer_2022,0.003016928042176001,16.616960789901192
3B,bf16,DLG4_HUMAN_Faure_2021,0.001766829436004036,51.76618028798386
3B,bf16,DLG4_RAT_McLaughlin_2012,0.001320773379849205,45.3108942539991
3B,bf16,DN7A_SACS2_Tsuboyama_2023_1JIC,0.005406858808234549,37.52619395989542
3B,bf16,DNJA1_HUMAN_Tsuboyama_2023_2LO1,-0.0012710247917004924,82.74985392485542
3B,bf16,DOCK1_MOUSE_Tsuboyama_2023_2M0Y,0.0008978060070328198,73.52884378151889
3B,bf16,DYR_ECOLI_Nguyen_2023,3.287675112462196e-05,83.96467834177784
3B,bf16,DYR_ECOLI_Thompson_2019,-0.00044583462234082383,76.67658608562984
3B,bf16,ENVZ_ECOLI_Ghose_2023,-0.0005867812118263149,45.89592983753481
3B,bf16,ENV_HV1B9_DuenasDecamp_2016,-0.0007554441880053969,53.52766528303507
3B,bf16,ENV_HV1BR_Haddox_2016,0.0004755616640749055,47.894418526412295
3B,bf16,EPHB2_HUMAN_Tsuboyama_2023_1F0M,0.00028865027407098953,97.65143988337644
3B,bf16,ESTA_BACSU_Nutschel_2020,0.00086708644193767,60.49115243427812
3B,bf16,F7YBW8_MESOW_Aakre_2015,0.00016248335561880323,87.02679535730037
3B,bf16,F7YBW8_MESOW_Ding_2023,0.0017091982566411756,130.53793719954743
3B,bf16,FECA_ECOLI_Tsuboyama_2023_2D1U,-0.0003389916113716307,65.70342386243706
3B,bf16,FKBP3_HUMAN_Tsuboyama_2023_2KFV,0.0041167842682540146,27.65369408999713
3B,bf16,GAL4_YEAST_Kitzman_2015,-0.0010115284820799708,56.528009648933676
3B,bf16,GCN4_YEAST_Staller_2018,3.080481324291284e-05,179.71339256464682
3B,bf16,GDIA_HUMAN_Silverstein_2021,0.0008855445621076541,34.65886853642981
3B,bf16,GFP_AEQVI_Sarkisyan_2016,0.0012595725511015954,19.838082154324567
3B,bf16,GLPA_HUMAN_Elazar_2016,-0.0012989550814462847,48.772899028346195
3B,bf16,GRB2_HUMAN_Faure_2021,7.011448692761935e-05,58.63576927817461
3B,bf16,HCP_LAMBD_Tsuboyama_2023_2L6Q,-0.0003597347258550432,61.437125864525875
3B,bf16,HECD1_HUMAN_Tsuboyama_2023_3DKM,-0.0004396954636426975,70.87381507088817
3B,bf16,HEM3_HUMAN_Loggerenberg_2023,-3.404570990700462e-05,60.255230682461686
3B,bf16,HIS7_YEAST_Pokusaeva_2019,0.0011713638391427916,50.97649380879243
3B,bf16,HMDH_HUMAN_Jiang_2019,0.0006875673963437356,60.44042232940505
3B,bf16,HSP82_YEAST_Cote-Hammarlof_2020_growth-H2O2,-0.0007418166299401063,51.79202931297693
3B,bf16,HSP82_YEAST_Flynn_2019,0.00025546469183213016,57.0078979977265
3B,bf16,HSP82_YEAST_Mishra_2016,-0.0002805440415561966,61.53310747860295
3B,bf16,HXK4_HUMAN_Gersing_2022_activity,0.0004411834029638406,59.997670803787706
3B,bf16,HXK4_HUMAN_Gersing_2023_abundance,0.0006770477017500887,59.8873317618849
3B,bf16,I6TAH8_I68A0_Doud_2015,-0.0006980984576494993,71.32330854723294
3B,bf16,IF1_ECOLI_Kelsic_2016,-0.0018017230416211838,57.14347665291044
3B,bf16,ILF3_HUMAN_Tsuboyama_2023_2L33,-0.001175180491143013,36.505235069712974
3B,bf16,ISDH_STAAW_Tsuboyama_2023_2LHR,-0.0012226757944244215,48.6140264154214
3B,bf16,KCNE1_HUMAN_Muhammad_2023_expression,-0.000998877965827101,35.7240387337307
3B,bf16,KCNE1_HUMAN_Muhammad_2023_function,-0.0002641732681445963,35.73043843380109
3B,bf16,KCNJ2_MOUSE_Coyote-Maestas_2022_function,0.00047364404456468057,63.93189973696286
3B,bf16,KCNJ2_MOUSE_Coyote-Maestas_2022_surface,0.0005834112216818177,63.78410451036784
3B,bf16,KKA2_KLEPN_Melnikov_2014,-0.00016930407280324467,59.72297024320642
3B,bf16,LGK_LIPST_Klesmith_2015,-0.00022969916089110587,50.72954275600677
3B,bf16,LYAM1_HUMAN_Elazar_2016,-0.004334679598981095,40.93802226421916
3B,bf16,MAFG_MOUSE_Tsuboyama_2023_1K1V,-0.0035178568011347,115.77006365570072
3B,bf16,MBD11_ARATH_Tsuboyama_2023_6ACV,0.0023214677694849417,67.03660170212191
3B,bf16,MET_HUMAN_Estevam_2023,-0.000205006859132828,62.92070341249475
3B,bf16,MK01_HUMAN_Brenan_2016,-0.00011515200499520595,53.498255644649866
3B,bf16,MLAC_ECOLI_MacRae_2023,0.0015469771660679421,57.35353483498458
3B,bf16,MSH2_HUMAN_Jia_2020,0.0006373232228402692,33.53239133816087
3B,bf16,MTH3_HAEAE_RockahShmuel_2015,-0.000279151719163373,61.45730929510686
3B,bf16,MTHR_HUMAN_Weile_2021,0.001008293164233176,45.71297943826128
3B,bf16,MYO3_YEAST_Tsuboyama_2023_2BTT,0.0016162019359043933,55.651369880884275
3B,bf16,NCAP_I34A1_Doud_2015,-0.00043134974433500436,70.97608147952421
3B,bf16,NKX31_HUMAN_Tsuboyama_2023_2L9R,0.0005778713998018103,75.40044867992772
3B,bf16,NRAM_I33A0_Jiang_2016,-0.0009325695179935867,40.56808640901514
3B,bf16,NUD15_HUMAN_Suiter_2020,-0.0016050548932701192,63.912392800088746
3B,bf16,NUSA_ECOLI_Tsuboyama_2023_1WCL,0.003824569003672784,69.96477237030878
3B,bf16,NUSG_MYCTU_Tsuboyama_2023_2MI6,-0.00013144789764596432,84.38817115939898
3B,bf16,OBSCN_HUMAN_Tsuboyama_2023_1V1C,0.0013517882743165899,56.77328892599492
3B,bf16,ODP2_GEOSE_Tsuboyama_2023_1W4G,-0.007201742399027503,15.007047418555983
3B,bf16,OPSD_HUMAN_Wan_2019,0.0038262844035586996,46.130282373713
3B,bf16,OTC_HUMAN_Lo_2023,0.000916463758980357,62.73772537771629
3B,bf16,OTU7A_HUMAN_Tsuboyama_2023_2L2D,0.00242112134675021,27.014978696688335
3B,bf16,OXDA_RHOTO_Vanella_2023_activity,0.0005367353771598693,64.53994556158163
3B,bf16,OXDA_RHOTO_Vanella_2023_expression,0.00041916008913439606,65.79704898935195
3B,bf16,P53_HUMAN_Giacomelli_2018_Null_Etoposide,-0.0003605037579755277,63.73415112431097
3B,bf16,P53_HUMAN_Giacomelli_2018_Null_Nutlin,-0.00041221036564614844,63.73415112431097
3B,bf16,P53_HUMAN_Giacomelli_2018_WT_Nutlin,-0.0005455639808207846,63.73415112431097
3B,bf16,P53_HUMAN_Kotler_2018,0.0004671699144742636,58.60298019829792
3B,bf16,P84126_THETH_Chan_2017,0.0012133880190774438,60.94030159642318
3B,bf16,PABP_YEAST_Melamed_2013,0.0010852157249607863,74.28904311928943
3B,bf16,PAI1_HUMAN_Huttinger_2021,-0.0003452320129884723,43.3527896864347
3B,bf16,PA_I34A1_Wu_2015,0.0002235555611490997,28.008264529620757
3B,bf16,PHOT_CHLRE_Chen_2023,0.00332453620981088,81.07982458333703
3B,bf16,PIN1_HUMAN_Tsuboyama_2023_1I6C,0.0011456520854169483,59.49329993515058
3B,bf16,PITX2_HUMAN_Tsuboyama_2023_2L7M,-0.0016781236730539772,86.9181358841921
3B,bf16,PKN1_HUMAN_Tsuboyama_2023_1URF,-0.0011084085048770898,40.90101967546314
3B,bf16,POLG_DEN26_Suphatrakul_2023,-0.0011135017715593332,39.815296038764764
3B,bf16,POLG_PESV_Tsuboyama_2023_2MXD,-0.000988972702905891,48.008671976682606
3B,bf16,PPARG_HUMAN_Majithia_2016,0.0003617622277815036,49.97478536613369
3B,bf16,PPM1D_HUMAN_Miller_2022,8.92719469546277e-05,65.51747101798304
3B,bf16,PR40A_HUMAN_Tsuboyama_2023_1UZC,-0.0014805675917737293,66.88805493006691
3B,bf16,PRKN_HUMAN_Clausen_2023,0.0004161266891581361,55.90197094522823
3B,bf16,PSAE_PICP2_Tsuboyama_2023_1PSE,-0.0022541449010639036,78.02733725713897
3B,bf16,PTEN_HUMAN_Matreyek_2021,-1.4067761188896188e-05,27.44216701342991
3B,bf16,PTEN_HUMAN_Mighell_2018,-0.000647526438062429,27.81121466208686
3B,bf16,Q2N0S5_9HIV1_Haddox_2018,-0.002325353486069895,47.11151838353185
3B,bf16,Q53Z42_HUMAN_McShan_2019_binding-TAPBPR,0.0016593564630124624,42.393326270719946
3B,bf16,Q53Z42_HUMAN_McShan_2019_expression,0.00022001152173678484,42.393326270719946
3B,bf16,Q59976_STRSQ_Romero_2015,-0.00011621322740174023,65.95902355227503
3B,bf16,Q6WV12_9MAXI_Somermeyer_2022,-0.00033425693954199955,22.857912567477783
3B,bf16,Q837P4_ENTFA_Meier_2023,-0.0017838405211526576,81.03350793169137
3B,bf16,Q837P5_ENTFA_Meier_2023,-0.00016080177366400994,58.17709907173783
3B,bf16,Q8WTC7_9CNID_Somermeyer_2022,0.0014612754441522,19.05163723065484
3B,bf16,R1AB_SARS2_Flynn_2022,-0.0009836285693023972,32.0129323710748
3B,bf16,RAD_ANTMA_Tsuboyama_2023_2CJJ,0.0007621283577849969,61.44902914687764
3B,bf16,RAF1_HUMAN_Zinkus-Boltz_2019,0.0029147851190425844,52.60258609410338
3B,bf16,RASH_HUMAN_Bandaru_2017,0.0008624571894707,50.58332875394808
3B,bf16,RASK_HUMAN_Weng_2022_abundance,0.0011905636784450002,60.27997961225396
3B,bf16,RASK_HUMAN_Weng_2022_binding-DARPin_K55,-0.0008966020120366736,60.205472751293016
3B,bf16,RBP1_HUMAN_Tsuboyama_2023_2KWH,0.0018390928913966098,43.940440321328374
3B,bf16,RCD1_ARATH_Tsuboyama_2023_5OAO,-8.655134026752664e-05,70.19455182675554
3B,bf16,RCRO_LAMBD_Tsuboyama_2023_1ORC,0.0010018508210506427,110.95411322013119
3B,bf16,RD23A_HUMAN_Tsuboyama_2023_1IFY,-0.0012225070997023968,68.29623209330133
3B,bf16,RDRP_I33A0_Li_2023,-0.0007768887774243782,25.88659641137207
3B,bf16,REV_HV1H2_Fernandes_2016,0.0006754666734575254,38.050962372724804
3B,bf16,RFAH_ECOLI_Tsuboyama_2023_2LCL,-0.001180069293306274,76.24219968871785
3B,bf16,RL20_AQUAE_Tsuboyama_2023_1GYZ,0.0007080637037284454,94.63557206219319
3B,bf16,RL40A_YEAST_Mavor_2016,-0.0004233916714858621,40.56674249770599
3B,bf16,RL40A_YEAST_Roscoe_2013,0.0006326460269674983,38.697345439496644
3B,bf16,RL40A_YEAST_Roscoe_2014,-0.00022430215797220043,41.552061559360126
3B,bf16,RNC_ECOLI_Weeks_2023,0.0001482638138259329,69.96889901156733
3B,bf16,RPC1_BP434_Tsuboyama_2023_1R69,0.0007221480664577618,100.83581593487732
3B,bf16,RPC1_LAMBD_Li_2019_high-expression,-0.001060421019068447,50.598082523259734
3B,bf16,RPC1_LAMBD_Li_2019_low-expression,-0.0015693477869550554,50.598082523259734
3B,bf16,RS15_GEOSE_Tsuboyama_2023_1A32,-0.00021798939239020543,60.34542104845353
3B,bf16,S22A1_HUMAN_Yee_2023_abundance,0.0008671793658683313,45.21321502139157
3B,bf16,S22A1_HUMAN_Yee_2023_activity,0.0006554378794487725,45.14744251926664
3B,bf16,SAV1_MOUSE_Tsuboyama_2023_2YSB,-0.0007240620974418022,70.21057591271551
3B,bf16,SBI_STAAM_Tsuboyama_2023_2JVG,-0.000264199753180816,60.19536724411648
3B,bf16,SC6A4_HUMAN_Young_2021,-0.00019002595238160058,70.97238468080856
3B,bf16,SCIN_STAAR_Tsuboyama_2023_2QFF,0.0005483973851533319,42.23677249112282
3B,bf16,SDA_BACSU_Tsuboyama_2023_1PV0,-0.0008703550069844024,113.74255275080792
3B,bf16,SERC_HUMAN_Xie_2023,0.0004764580366067861,67.32906910737866
3B,bf16,SHOC2_HUMAN_Kwon_2022,0.00030621670053693206,39.96665280608498
3B,bf16,SOX30_HUMAN_Tsuboyama_2023_7JJK,0.00017591485828333253,62.85963800579534
3B,bf16,SPA_STAAU_Tsuboyama_2023_1LP1,0.0009806442173057994,13.122375206609602
3B,bf16,SPG1_STRSG_Olson_2014,0.002968850045833804,73.11540057820233
3B,bf16,SPG1_STRSG_Wu_2016,0.0011248792694768806,116.08223754547731
3B,bf16,SPG2_STRSG_Tsuboyama_2023_5UBS,0.0006289165496581317,97.8187814292249
3B,bf16,SPTN1_CHICK_Tsuboyama_2023_1TUD,0.001320850337226842,80.82333323247977
3B,bf16,SQSTM_MOUSE_Tsuboyama_2023_2RRU,0.0036820933522664356,38.94842460148161
3B,bf16,SR43C_ARATH_Tsuboyama_2023_2N88,0.001103113064933714,102.85904208258629
3B,bf16,SRBS1_HUMAN_Tsuboyama_2023_2O2W,0.001049572533203813,67.02980100628935
3B,bf16,SRC_HUMAN_Ahler_2019,0.000910627582707324,59.89122548330988
3B,bf16,SRC_HUMAN_Chakraborty_2023_binding-DAS_25uM,0.0003524163154804971,60.19717169878809
3B,bf16,SRC_HUMAN_Nguyen_2022,0.0006254945668284773,59.96049957516459
3B,bf16,SUMO1_HUMAN_Weile_2017,0.001836095746754307,35.4310365079316
3B,bf16,SYUA_HUMAN_Newberry_2020,-0.0010455406081961993,63.17334175352498
3B,bf16,TADBP_HUMAN_Bolognesi_2019,-0.0007385424608144994,57.12178400944188
3B,bf16,TAT_HV1BR_Fernandes_2016,0.0008030594396421994,39.321065639278174
3B,bf16,TCRG1_MOUSE_Tsuboyama_2023_1E0L,0.00027604638638001333,100.66555833691591
3B,bf16,THO1_YEAST_Tsuboyama_2023_2WQG,-0.0007074114213194704,60.756512120217636
3B,bf16,TNKS2_HUMAN_Tsuboyama_2023_5JRT,0.00134234529256827,47.35761977178261
3B,bf16,TPK1_HUMAN_Weile_2017,-0.0006229020127566098,41.75598171837258
3B,bf16,TPMT_HUMAN_Matreyek_2018,-0.0004342575847188779,48.789425122386774
3B,bf16,TPOR_HUMAN_Bridgford_2020,-0.006873187413860615,32.81154564622886
3B,bf16,TRPC_SACS2_Chan_2017,-0.0013012202193415368,60.35446945333369
3B,bf16,TRPC_THEMA_Chan_2017,-0.001014656937822156,77.05733303217806
3B,bf16,UBC9_HUMAN_Weile_2017,-0.0007226397195855272,67.1984091942047
3B,bf16,UBE4B_HUMAN_Tsuboyama_2023_3L1X,0.0007462337706334865,71.14078309365877
3B,bf16,UBR5_HUMAN_Tsuboyama_2023_1I2T,0.00922913749842913,8.352858503218087
3B,bf16,VG08_BPP22_Tsuboyama_2023_2GP8,-0.0009876060559864674,67.57454234232564
3B,bf16,VILI_CHICK_Tsuboyama_2023_1YU5,-0.0020384877438212046,106.31211338798333
3B,bf16,VKOR1_HUMAN_Chiasson_2020_abundance,8.113305287071881e-05,75.51932246582349
3B,bf16,VKOR1_HUMAN_Chiasson_2020_activity,-0.0016974509828340811,81.71594977832213
3B,bf16,VRPI_BPT7_Tsuboyama_2023_2WNM,-0.00016324361555508649,89.7163863656822
3B,bf16,YAIA_ECOLI_Tsuboyama_2023_2KVT,0.00047068657130899805,80.58793566582484
3B,bf16,YAP1_HUMAN_Araya_2012,0.0009079096200220182,47.93316652020752
3B,bf16,YNZC_BACSU_Tsuboyama_2023_2JVD,0.001999832218321451,91.0288399832433
3B,int8_wo,A0A192B1T2_9HIV1_Haddox_2018,0.0008628327690392013,32.31762153616617
3B,int8_wo,A0A1I9GEU1_NEIME_Kennouche_2019,0.0005678738270614991,41.27326369556986
3B,int8_wo,A0A247D711_LISMN_Stadelmann_2021,-0.0003608656227748891,51.13830334657206
3B,int8_wo,A0A2Z5U3Z0_9INFA_Doud_2016,-0.002619118349207028,27.219414891840703
3B,int8_wo,A0A2Z5U3Z0_9INFA_Wu_2014,-0.0040707778725715404,25.111653764598497
3B,int8_wo,A4D664_9INFA_Soh_2019,4.136296885229318e-05,42.83425391974966
3B,int8_wo,A4GRB6_PSEAI_Chen_2020,-0.000227850757658965,36.1917238195558
3B,int8_wo,A4_HUMAN_Seuma_2022,-0.0041523967822916785,28.79301411966226
3B,int8_wo,AACC1_PSEAI_Dandage_2018,-0.00027619068383422096,41.2670115188558
3B,int8_wo,ACE2_HUMAN_Chan_2020,-0.001385988919552994,33.84455321191978
3B,int8_wo,ADRB2_HUMAN_Jones_2020,-0.0003220833557561198,55.45227970167013
3B,int8_wo,AICDA_HUMAN_Gajula_2014_3cycles,0.00020901502547898687,41.42099939840056
3B,int8_wo,AMFR_HUMAN_Tsuboyama_2023_4G3O,-0.00018769240693422562,70.42448168564971
3B,int8_wo,AMIE_PSEAE_Wrenbeck_2017,5.9271671011940086e-05,29.07600715883078
3B,int8_wo,ANCSZ_Hobbs_2022,-0.0006937537926253734,50.363300805831685
3B,int8_wo,ARGR_ECOLI_Tsuboyama_2023_1AOY,-3.6939810761693614e-05,32.810523113919366
3B,int8_wo,B2L11_HUMAN_Dutta_2010_binding-Mcl-1,0.01055069655990265,33.840857828969
3B,int8_wo,BBC1_YEAST_Tsuboyama_2023_1TG0,0.0032270972318517166,54.09261817328981
3B,int8_wo,BCHB_CHLTE_Tsuboyama_2023_2KRU,0.0015867819682877649,49.75086601256862
3B,int8_wo,BLAT_ECOLX_Deng_2012,0.00036093850120433313,27.884226986551457
3B,int8_wo,BLAT_ECOLX_Firnberg_2014,0.001690496601418845,27.91031016093244
3B,int8_wo,BLAT_ECOLX_Jacquier_2013,0.0015891166371493348,26.369967835698347
3B,int8_wo,BLAT_ECOLX_Stiffler_2015,0.0019422973566057822,27.884226986551457
3B,int8_wo,C6KNH7_9INFA_Lee_2018,0.00021280077601998348,20.742452660156502
3B,int8_wo,CALM1_HUMAN_Weile_2017,-0.00018669846877630847,36.409242609664574
3B,int8_wo,CAPSD_AAV2S_Sinai_2021,0.004028437796712803,27.306867093241426
3B,int8_wo,CASP3_HUMAN_Roychowdhury_2020,0.0006667385340077825,28.500109910773258
3B,int8_wo,CASP7_HUMAN_Roychowdhury_2020,0.0015648425305861968,28.329473248650732
3B,int8_wo,CATR_CHLRE_Tsuboyama_2023_2AMI,-0.0005502534258160496,53.47489465876087
3B,int8_wo,CBPA2_HUMAN_Tsuboyama_2023_1O6X,0.00037112269115613383,56.89045332191057
3B,int8_wo,CBS_HUMAN_Sun_2020,-0.0006790742307167252,42.65829469124783
3B,int8_wo,CBX4_HUMAN_Tsuboyama_2023_2K28,0.0026321064474444933,50.77448361477187
3B,int8_wo,CCDB_ECOLI_Adkar_2012,0.0013343168356952928,30.984673378604707
3B,int8_wo,CCDB_ECOLI_Tripathi_2016,0.0021051712171833437,29.99158628796945
3B,int8_wo,CCR5_HUMAN_Gill_2023,-0.00012988258090251836,44.906917362457044
3B,int8_wo,CD19_HUMAN_Klesmith_2019_FMC_singles,-0.0021268153088138952,30.29268283557058
3B,int8_wo,CP2C9_HUMAN_Amorosi_2021_abundance,0.00018708339102391225,46.809013300536584
3B,int8_wo,CP2C9_HUMAN_Amorosi_2021_activity,-0.0005951033233908554,44.95764517100743
3B,int8_wo,CSN4_MOUSE_Tsuboyama_2023_1UFM,0.0020134396727939374,41.615220770866834
3B,int8_wo,CUE1_YEAST_Tsuboyama_2023_2MYX,-0.0021954374456051307,44.08439657530531
3B,int8_wo,D7PM05_CLYGR_Somermeyer_2022,0.0023022950380692103,20.16363893688208
3B,int8_wo,DLG4_HUMAN_Faure_2021,0.0037011605629168054,39.4268696042355
3B,int8_wo,DLG4_RAT_McLaughlin_2012,0.005055890818707998,31.12967814358327
3B,int8_wo,DN7A_SACS2_Tsuboyama_2023_1JIC,-0.0005956063294201841,43.346416702977145
3B,int8_wo,DNJA1_HUMAN_Tsuboyama_2023_2LO1,0.001196786121868465,89.95288566270062
3B,int8_wo,DOCK1_MOUSE_Tsuboyama_2023_2M0Y,0.0012709541707409677,41.76901172402768
3B,int8_wo,DYR_ECOLI_Nguyen_2023,-0.00013285449446243103,63.597383304916825
3B,int8_wo,DYR_ECOLI_Thompson_2019,-0.0007412895196795555,57.94490461599902
3B,int8_wo,ENVZ_ECOLI_Ghose_2023,0.0013860690539366782,29.17641263275394
3B,int8_wo,ENV_HV1B9_DuenasDecamp_2016,-0.0026180609188007006,43.43504166280198
3B,int8_wo,ENV_HV1BR_Haddox_2016,0.0006998363792583007,35.972363804965916
3B,int8_wo,EPHB2_HUMAN_Tsuboyama_2023_1F0M,0.001774206360088293,79.41756646778124
3B,int8_wo,ESTA_BACSU_Nutschel_2020,0.00047230475851861575,39.78874294802997
3B,int8_wo,F7YBW8_MESOW_Aakre_2015,-0.006754608435894094,49.15712407803935
3B,int8_wo,F7YBW8_MESOW_Ding_2023,0.00067681648055129,102.73135146114012
3B,int8_wo,FECA_ECOLI_Tsuboyama_2023_2D1U,-0.0023323907690414036,42.99068879711989
3B,int8_wo,FKBP3_HUMAN_Tsuboyama_2023_2KFV,0.0025394700583806773,21.20379825045306
3B,int8_wo,GAL4_YEAST_Kitzman_2015,-0.0005668221827507258,41.01573768022824
3B,int8_wo,GCN4_YEAST_Staller_2018,0.001381454912798119,193.8152796348099
3B,int8_wo,GDIA_HUMAN_Silverstein_2021,-0.0003236653645400378,25.33288661753092
3B,int8_wo,GFP_AEQVI_Sarkisyan_2016,0.0015552940155559025,18.9215769497093
3B,int8_wo,GLPA_HUMAN_Elazar_2016,0.0013831049991224198,32.221244301217624
3B,int8_wo,GRB2_HUMAN_Faure_2021,-0.0031487101455630606,41.62837042857953
3B,int8_wo,HCP_LAMBD_Tsuboyama_2023_2L6Q,-0.0037535713630478806,38.28181362459655
3B,int8_wo,HECD1_HUMAN_Tsuboyama_2023_3DKM,-0.004435224712407593,49.08234747952245
3B,int8_wo,HEM3_HUMAN_Loggerenberg_2023,0.0014652451122252885,43.504342999085836
3B,int8_wo,HIS7_YEAST_Pokusaeva_2019,0.004161029663986293,25.82702710577333
3B,int8_wo,HMDH_HUMAN_Jiang_2019,-0.00016412260148995772,43.23206094188281
3B,int8_wo,HSP82_YEAST_Cote-Hammarlof_2020_growth-H2O2,0.0009162753340125618,36.24921951723946
3B,int8_wo,HSP82_YEAST_Flynn_2019,0.001191861860893595,39.85485199185137
3B,int8_wo,HSP82_YEAST_Mishra_2016,0.0002811326929547109,45.58383358760778
3B,int8_wo,HXK4_HUMAN_Gersing_2022_activity,0.001406894041321216,45.280647029235
3B,int8_wo,HXK4_HUMAN_Gersing_2023_abundance,-0.0004929805726507364,45.26396517383876
3B,int8_wo,I6TAH8_I68A0_Doud_2015,-0.00019186549374229991,57.03551610635062
3B,int8_wo,IF1_ECOLI_Kelsic_2016,0.0008653778155822689,40.22952828229163
3B,int8_wo,ILF3_HUMAN_Tsuboyama_2023_2L33,0.0009914432703145848,27.07494694567589
3B,int8_wo,ISDH_STAAW_Tsuboyama_2023_2LHR,-0.00097485519789553,40.75418463390411
3B,int8_wo,KCNE1_HUMAN_Muhammad_2023_expression,0.0024410923371327928,28.27739931453161
3B,int8_wo,KCNE1_HUMAN_Muhammad_2023_function,0.0011930316721663892,28.219307170838235
3B,int8_wo,KCNJ2_MOUSE_Coyote-Maestas_2022_function,0.0004907460471446634,47.97449386423171
3B,int8_wo,KCNJ2_MOUSE_Coyote-Maestas_2022_surface,0.0009621190838416949,47.54366968889879
3B,int8_wo,KKA2_KLEPN_Melnikov_2014,-0.0007594881842537538,43.00661250718932
3B,int8_wo,LGK_LIPST_Klesmith_2015,0.0009141105660946947,37.47365243261064
3B,int8_wo,LYAM1_HUMAN_Elazar_2016,-0.003596998775842908,24.953407732454338
3B,int8_wo,MAFG_MOUSE_Tsuboyama_2023_1K1V,0.005961809947400143,54.966977509772015
3B,int8_wo,MBD11_ARATH_Tsuboyama_2023_6ACV,-0.009479995048946366,36.3187423550254
3B,int8_wo,MET_HUMAN_Estevam_2023,5.7074923791256005e-05,42.66818402129442
3B,int8_wo,MK01_HUMAN_Brenan_2016,0.0006624614513427995,40.3168556751556
3B,int8_wo,MLAC_ECOLI_MacRae_2023,-0.0023322006976151943,38.80184873725162
3B,int8_wo,MSH2_HUMAN_Jia_2020,0.0017667648814767567,24.802241922920274
3B,int8_wo,MTH3_HAEAE_RockahShmuel_2015,-0.00021995593383328238,42.521120867323724
3B,int8_wo,MTHR_HUMAN_Weile_2021,-0.00033602920988823337,34.44115449171656
3B,int8_wo,MYO3_YEAST_Tsuboyama_2023_2BTT,-0.0008904181885339701,37.04552367830805
3B,int8_wo,NCAP_I34A1_Doud_2015,-0.0008436656613030023,61.17456315117342
3B,int8_wo,NKX31_HUMAN_Tsuboyama_2023_2L9R,0.0013169336311910085,52.22294471492788
3B,int8_wo,NRAM_I33A0_Jiang_2016,0.0011639566564149995,24.879161386343377
3B,int8_wo,NUD15_HUMAN_Suiter_2020,-0.0009757328456044823,45.32749047567898
3B,int8_wo,NUSA_ECOLI_Tsuboyama_2023_1WCL,0.006548507726499619,46.939422129993176
3B,int8_wo,NUSG_MYCTU_Tsuboyama_2023_2MI6,0.0008543283663297041,44.849133230220424
3B,int8_wo,OBSCN_HUMAN_Tsuboyama_2023_1V1C,-0.0055647016405714345,22.630560009851692
3B,int8_wo,ODP2_GEOSE_Tsuboyama_2023_1W4G,-0.010632397439214708,18.54558300671782
3B,int8_wo,OPSD_HUMAN_Wan_2019,0.006169147919762918,29.94623026841255
3B,int8_wo,OTC_HUMAN_Lo_2023,0.001663818781151849,42.13183874696888
3B,int8_wo,OTU7A_HUMAN_Tsuboyama_2023_2L2D,0.00030199676948128307,19.795401832196028
3B,int8_wo,OXDA_RHOTO_Vanella_2023_activity,0.00030030944177988905,43.973112535465354
3B,int8_wo,OXDA_RHOTO_Vanella_2023_expression,0.0006600819937002123,44.80206390778844
3B,int8_wo,P53_HUMAN_Giacomelli_2018_Null_Etoposide,-0.00021712966655701438,43.31142656664191
3B,int8_wo,P53_HUMAN_Giacomelli_2018_Null_Nutlin,0.0002588001103246973,43.31142656664191
3B,int8_wo,P53_HUMAN_Giacomelli_2018_WT_Nutlin,8.667716787702506e-05,43.31142656664191
3B,int8_wo,P53_HUMAN_Kotler_2018,0.00022283618592067178,39.6375736305352
3B,int8_wo,P84126_THETH_Chan_2017,0.0007730350696881771,42.127305325884265
3B,int8_wo,PABP_YEAST_Melamed_2013,0.00019870474782013314,57.334741092700526
3B,int8_wo,PAI1_HUMAN_Huttinger_2021,0.00016790421638485098,32.056728841377286
3B,int8_wo,PA_I34A1_Wu_2015,0.0010456259274678956,23.167596379497848
3B,int8_wo,PHOT_CHLRE_Chen_2023,0.002145585031755437,51.65252291999349
3B,int8_wo,PIN1_HUMAN_Tsuboyama_2023_1I6C,-0.006414512200901057,36.87609040505344
3B,int8_wo,PITX2_HUMAN_Tsuboyama_2023_2L7M,0.0024134397198547486,53.70695752823071
3B,int8_wo,PKN1_HUMAN_Tsuboyama_2023_1URF,0.001071723102562816,31.581920800314283
3B,int8_wo,POLG_DEN26_Suphatrakul_2023,-0.0010454684563905303,29.54442036795442
3B,int8_wo,POLG_PESV_Tsuboyama_2023_2MXD,0.001224332522849203,38.82791313998828
3B,int8_wo,PPARG_HUMAN_Majithia_2016,-0.00036213886557567854,36.92868321363837
3B,int8_wo,PPM1D_HUMAN_Miller_2022,-0.00015029451245462955,48.28689819105087
3B,int8_wo,PR40A_HUMAN_Tsuboyama_2023_1UZC,-0.0005168733269486081,54.75166132126663
3B,int8_wo,PRKN_HUMAN_Clausen_2023,0.0004809592237801086,40.57698472626965
3B,int8_wo,PSAE_PICP2_Tsuboyama_2023_1PSE,-0.0021546899395863406,61.25752053306899
3B,int8_wo,PTEN_HUMAN_Matreyek_2021,0.004604840818855205,19.873783365326364
3B,int8_wo,PTEN_HUMAN_Mighell_2018,0.0036322596995833067,19.87841447622015
3B,int8_wo,Q2N0S5_9HIV1_Haddox_2018,0.0005962734487174048,35.456273283949784
3B,int8_wo,Q53Z42_HUMAN_McShan_2019_binding-TAPBPR,-0.0019540469118959347,31.542819470841657
3B,int8_wo,Q53Z42_HUMAN_McShan_2019_expression,-0.0008743303622553711,31.542819470841657
3B,int8_wo,Q59976_STRSQ_Romero_2015,0.00028105804307754223,48.78563289220853
3B,int8_wo,Q6WV12_9MAXI_Somermeyer_2022,-0.0059750934842792,17.69316925933093
3B,int8_wo,Q837P4_ENTFA_Meier_2023,-0.0011469873198177716,43.07058300118882
3B,int8_wo,Q837P5_ENTFA_Meier_2023,-0.0010481669283236017,44.5347223570179
3B,int8_wo,Q8WTC7_9CNID_Somermeyer_2022,0.0017844403345323003,17.54470741344482
3B,int8_wo,R1AB_SARS2_Flynn_2022,-0.005783862945551221,22.50041706704011
3B,int8_wo,RAD_ANTMA_Tsuboyama_2023_2CJJ,0.0011513004211612943,49.87226197097461
3B,int8_wo,RAF1_HUMAN_Zinkus-Boltz_2019,0.004704762169080778,31.653754315905218
3B,int8_wo,RASH_HUMAN_Bandaru_2017,0.0006869393400649182,37.47460114571771
3B,int8_wo,RASK_HUMAN_Weng_2022_abundance,-0.0006488232370610025,48.54657911858884
3B,int8_wo,RASK_HUMAN_Weng_2022_binding-DARPin_K55,0.0011724577583283047,48.687688050275874
3B,int8_wo,RBP1_HUMAN_Tsuboyama_2023_2KWH,0.004810312616355894,35.70480449977001
3B,int8_wo,RCD1_ARATH_Tsuboyama_2023_5OAO,-0.0031680330479474383,41.93595976026438
3B,int8_wo,RCRO_LAMBD_Tsuboyama_2023_1ORC,-0.0030959451216128198,83.79476347496437
3B,int8_wo,RD23A_HUMAN_Tsuboyama_2023_1IFY,-0.00030393592641170253,52.742983578094396
3B,int8_wo,RDRP_I33A0_Li_2023,-0.0006758061154537032,17.09939811276801
3B,int8_wo,REV_HV1H2_Fernandes_2016,0.00045148196492433845,28.13765407039219
3B,int8_wo,RFAH_ECOLI_Tsuboyama_2023_2LCL,-5.653135856570346e-05,65.56552847712017
3B,int8_wo,RL20_AQUAE_Tsuboyama_2023_1GYZ,0.00046311895349293586,63.420334495801065
3B,int8_wo,RL40A_YEAST_Mavor_2016,-0.0011049064109148743,30.839485311154338
3B,int8_wo,RL40A_YEAST_Roscoe_2013,-0.002760019386804813,30.229301934302576
3B,int8_wo,RL40A_YEAST_Roscoe_2014,-0.003244354650021375,31.551863574589742
3B,int8_wo,RNC_ECOLI_Weeks_2023,0.0003305716209254239,50.76870749097607
3B,int8_wo,RPC1_BP434_Tsuboyama_2023_1R69,-8.414016883206976e-05,78.48851846597334
3B,int8_wo,RPC1_LAMBD_Li_2019_high-expression,0.0011559546230145434,38.71101572840572
3B,int8_wo,RPC1_LAMBD_Li_2019_low-expression,0.0026202281434961616,38.71101572840572
3B,int8_wo,RS15_GEOSE_Tsuboyama_2023_1A32,-0.001492247023610782,41.840545570619106
3B,int8_wo,S22A1_HUMAN_Yee_2023_abundance,6.156842456928047e-05,31.69020328473727
3B,int8_wo,S22A1_HUMAN_Yee_2023_activity,-0.0007450497928510602,31.779306709183917
3B,int8_wo,SAV1_MOUSE_Tsuboyama_2023_2YSB,0.0014629874173551771,38.74164296708243
3B,int8_wo,SBI_STAAM_Tsuboyama_2023_2JVG,0.002656022584244133,35.34285224337344
3B,int8_wo,SC6A4_HUMAN_Young_2021,-0.00022663137995559968,50.95233421412856
3B,int8_wo,SCIN_STAAR_Tsuboyama_2023_2QFF,0.00023888994368082006,40.7261409778143
3B,int8_wo,SDA_BACSU_Tsuboyama_2023_1PV0,8.519715992383325e-05,85.17842526196925
3B,int8_wo,SERC_HUMAN_Xie_2023,0.0006298524819767781,47.00076854125546
3B,int8_wo,SHOC2_HUMAN_Kwon_2022,0.0006045876798709271,29.250957516980158
3B,int8_wo,SOX30_HUMAN_Tsuboyama_2023_7JJK,-0.002171025574137453,37.90626081502449
3B,int8_wo,SPA_STAAU_Tsuboyama_2023_1LP1,-0.005018087454699401,10.79848311323572
3B,int8_wo,SPG1_STRSG_Olson_2014,-0.0004279326131912953,62.55240158164263
3B,int8_wo,SPG1_STRSG_Wu_2016,-0.0007699523126705188,95.12412506138158
3B,int8_wo,SPG2_STRSG_Tsuboyama_2023_5UBS,0.0019930635862295265,83.4936493565954
3B,int8_wo,SPTN1_CHICK_Tsuboyama_2023_1TUD,0.0008678352913344956,66.39470260867385
3B,int8_wo,SQSTM_MOUSE_Tsuboyama_2023_2RRU,-0.0033266989340389186,26.764029576539755
3B,int8_wo,SR43C_ARATH_Tsuboyama_2023_2N88,0.0002793641883473974,87.61720664646784
3B,int8_wo,SRBS1_HUMAN_Tsuboyama_2023_2O2W,-0.000707653486379356,38.91468607381867
3B,int8_wo,SRC_HUMAN_Ahler_2019,0.0018151594965836182,41.85970660342317
3B,int8_wo,SRC_HUMAN_Chakraborty_2023_binding-DAS_25uM,0.0017242757283065235,42.410183815963975
3B,int8_wo,SRC_HUMAN_Nguyen_2022,0.0015939974839818127,41.81198976543809
3B,int8_wo,SUMO1_HUMAN_Weile_2017,0.0022381718892763858,26.047717096970175
3B,int8_wo,SYUA_HUMAN_Newberry_2020,-0.0014455134228557875,51.6816121387168
3B,int8_wo,TADBP_HUMAN_Bolognesi_2019,-0.0006924534383451995,33.722232640553884
3B,int8_wo,TAT_HV1BR_Fernandes_2016,0.00024602426765180097,28.289139752321635
3B,int8_wo,TCRG1_MOUSE_Tsuboyama_2023_1E0L,-0.0005451258922224422,54.50008115500629
3B,int8_wo,THO1_YEAST_Tsuboyama_2023_2WQG,-0.00024075401384437978,89.90196080915904
3B,int8_wo,TNKS2_HUMAN_Tsuboyama_2023_5JRT,0.005200485350303707,19.443671431944804
3B,int8_wo,TPK1_HUMAN_Weile_2017,-0.0007744849346534299,33.07947859427907
3B,int8_wo,TPMT_HUMAN_Matreyek_2018,0.0006238426754242021,34.06572561902184
3B,int8_wo,TPOR_HUMAN_Bridgford_2020,0.0011872282491713904,27.85792569956376
3B,int8_wo,TRPC_SACS2_Chan_2017,-0.00015386288188778963,51.487819211295644
3B,int8_wo,TRPC_THEMA_Chan_2017,-0.0009369041894469743,53.919082224574296
3B,int8_wo,UBC9_HUMAN_Weile_2017,-0.0006024022941295559,48.585100899520185
3B,int8_wo,UBE4B_HUMAN_Tsuboyama_2023_3L1X,0.0014835765901697884,42.87806861354477
3B,int8_wo,UBR5_HUMAN_Tsuboyama_2023_1I2T,0.002428603384113659,32.86040917113538
3B,int8_wo,VG08_BPP22_Tsuboyama_2023_2GP8,4.595196683987446e-05,54.53748925793357
3B,int8_wo,VILI_CHICK_Tsuboyama_2023_1YU5,0.004132182902640502,64.29843213189045
3B,int8_wo,VKOR1_HUMAN_Chiasson_2020_abundance,-0.001945483583519092,50.93772473724895
3B,int8_wo,VKOR1_HUMAN_Chiasson_2020_activity,-0.0007977355679189002,56.698535369408084
3B,int8_wo,VRPI_BPT7_Tsuboyama_2023_2WNM,-1.4678848768934216e-05,68.4732952879063
3B,int8_wo,YAIA_ECOLI_Tsuboyama_2023_2KVT,0.0012358262075362614,51.90221885155111
3B,int8_wo,YAP1_HUMAN_Araya_2012,-0.0007329767568062806,37.627454128246455
3B,int8_wo,YNZC_BACSU_Tsuboyama_2023_2JVD,0.0010735728046766813,61.66855685708483
3B,fp8_dyn,A0A192B1T2_9HIV1_Haddox_2018,-0.0046804346009377,10.07777935970571
3B,fp8_dyn,A0A1I9GEU1_NEIME_Kennouche_2019,-0.0035244264673486014,11.913350505057652
3B,fp8_dyn,A0A247D711_LISMN_Stadelmann_2021,-0.004525652655904794,12.577404418539698
3B,fp8_dyn,A0A2Z5U3Z0_9INFA_Doud_2016,0.0028033143172611075,8.212244890826936
3B,fp8_dyn,A0A2Z5U3Z0_9INFA_Wu_2014,-0.0016934848812837355,7.69903084799454
3B,fp8_dyn,A4D664_9INFA_Soh_2019,-0.0023280050034075184,12.902679511356407
3B,fp8_dyn,A4GRB6_PSEAI_Chen_2020,0.00764118711353956,11.33479718969761
3B,fp8_dyn,A4_HUMAN_Seuma_2022,-0.006387569022856865,8.76956115308684
3B,fp8_dyn,AACC1_PSEAI_Dandage_2018,-0.0036359253865598795,13.395331198480301
3B,fp8_dyn,ACE2_HUMAN_Chan_2020,-0.0037494602192160997,10.388631091422674
3B,fp8_dyn,ADRB2_HUMAN_Jones_2020,0.0007657342816963508,16.1019537160511
3B,fp8_dyn,AICDA_HUMAN_Gajula_2014_3cycles,-0.0044536461670887095,14.632647255187436
3B,fp8_dyn,AMFR_HUMAN_Tsuboyama_2023_4G3O,0.0066553869055088755,22.3557706859452
3B,fp8_dyn,AMIE_PSEAE_Wrenbeck_2017,0.0016020482078432652,9.099169886341441
3B,fp8_dyn,ANCSZ_Hobbs_2022,-0.0017566974312966943,16.426165559833837
3B,fp8_dyn,ARGR_ECOLI_Tsuboyama_2023_1AOY,-0.006088772654622876,7.898311335399628
3B,fp8_dyn,B2L11_HUMAN_Dutta_2010_binding-Mcl-1,0.014772990226528893,10.616116335972535
3B,fp8_dyn,BBC1_YEAST_Tsuboyama_2023_1TG0,0.0124233541634729,15.774698657082334
3B,fp8_dyn,BCHB_CHLTE_Tsuboyama_2023_2KRU,-0.012897622356553784,11.725113160848057
3B,fp8_dyn,BLAT_ECOLX_Deng_2012,0.012646533245457003,7.030544596850552
3B,fp8_dyn,BLAT_ECOLX_Firnberg_2014,0.018730055961750147,6.996829463871166
3B,fp8_dyn,BLAT_ECOLX_Jacquier_2013,0.015538002147128971,7.045828655143164
3B,fp8_dyn,BLAT_ECOLX_Stiffler_2015,0.019413493239261337,7.030544596850552
3B,fp8_dyn,C6KNH7_9INFA_Lee_2018,-0.002402894888998308,6.281033193047861
3B,fp8_dyn,CALM1_HUMAN_Weile_2017,-0.0021420144028543864,11.245686846252259
3B,fp8_dyn,CAPSD_AAV2S_Sinai_2021,0.010506901397353385,8.716888739470066
3B,fp8_dyn,CASP3_HUMAN_Roychowdhury_2020,0.0030264147973197986,8.039553374939578
3B,fp8_dyn,CASP7_HUMAN_Roychowdhury_2020,0.004942115416610604,8.337390976675804
3B,fp8_dyn,CATR_CHLRE_Tsuboyama_2023_2AMI,0.007958937744595107,15.821143509070524
3B,fp8_dyn,CBPA2_HUMAN_Tsuboyama_2023_1O6X,0.003816310775483278,16.424321594476975
3B,fp8_dyn,CBS_HUMAN_Sun_2020,-0.00053769620277061,12.10894264962344
3B,fp8_dyn,CBX4_HUMAN_Tsuboyama_2023_2K28,-0.004082375178836917,13.478312268132168
3B,fp8_dyn,CCDB_ECOLI_Adkar_2012,0.002942528313470416,9.394304194702775
3B,fp8_dyn,CCDB_ECOLI_Tripathi_2016,0.004274722247304075,9.28471418460164
3B,fp8_dyn,CCR5_HUMAN_Gill_2023,-0.0010819587371820871,12.788773426260551
3B,fp8_dyn,CD19_HUMAN_Klesmith_2019_FMC_singles,0.0034570979809731978,8.346602835316002
3B,fp8_dyn,CP2C9_HUMAN_Amorosi_2021_abundance,0.0012060960378370567,13.961202088136018
3B,fp8_dyn,CP2C9_HUMAN_Amorosi_2021_activity,0.0010847790644307187,13.492900548234964
3B,fp8_dyn,CSN4_MOUSE_Tsuboyama_2023_1UFM,0.0020845507532720187,9.209107919227801
3B,fp8_dyn,CUE1_YEAST_Tsuboyama_2023_2MYX,0.0023912104534700718,9.96403617369483
3B,fp8_dyn,D7PM05_CLYGR_Somermeyer_2022,-8.896860007909235e-05,11.09979118470135
3B,fp8_dyn,DLG4_HUMAN_Faure_2021,0.017866460904209236,10.237983858258175
3B,fp8_dyn,DLG4_RAT_McLaughlin_2012,0.016151205553316117,9.273448430701594
3B,fp8_dyn,DN7A_SACS2_Tsuboyama_2023_1JIC,-0.012167816557413058,12.028204396898305
3B,fp8_dyn,DNJA1_HUMAN_Tsuboyama_2023_2LO1,0.00027919416691490895,23.67239502821832
3B,fp8_dyn,DOCK1_MOUSE_Tsuboyama_2023_2M0Y,0.004959667210677088,21.059207308987194
3B,fp8_dyn,DYR_ECOLI_Nguyen_2023,-0.0037235518240383847,16.824143866743068
3B,fp8_dyn,DYR_ECOLI_Thompson_2019,-0.002372117506292626,15.251670811176796
3B,fp8_dyn,ENVZ_ECOLI_Ghose_2023,-0.0040936723104082196,7.918180721132584
3B,fp8_dyn,ENV_HV1B9_DuenasDecamp_2016,-0.012995190887275798,11.357129132668934
3B,fp8_dyn,ENV_HV1BR_Haddox_2016,-0.0013646277658600908,10.935901915564617
3B,fp8_dyn,EPHB2_HUMAN_Tsuboyama_2023_1F0M,0.0013468548191057916,20.692732079333613
3B,fp8_dyn,ESTA_BACSU_Nutschel_2020,0.0035024922032304007,10.900579351188902
3B,fp8_dyn,F7YBW8_MESOW_Aakre_2015,-0.03440520884322823,8.684578201480972
3B,fp8_dyn,F7YBW8_MESOW_Ding_2023,2.2745715005101363e-05,27.186643228422234
3B,fp8_dyn,FECA_ECOLI_Tsuboyama_2023_2D1U,-0.004592864092338833,12.455817966528388
3B,fp8_dyn,FKBP3_HUMAN_Tsuboyama_2023_2KFV,0.0032771954329204878,6.661739784202743
3B,fp8_dyn,GAL4_YEAST_Kitzman_2015,-0.0009130319935378717,10.094131584769666
3B,fp8_dyn,GCN4_YEAST_Staller_2018,-0.0032552217934485594,20.85866442290152
3B,fp8_dyn,GDIA_HUMAN_Silverstein_2021,-0.0005699397950656993,7.472388926379185
3B,fp8_dyn,GFP_AEQVI_Sarkisyan_2016,0.0019738300618564186,7.2257562354526454
3B,fp8_dyn,GLPA_HUMAN_Elazar_2016,-0.0005412659667053954,10.195355271496293
3B,fp8_dyn,GRB2_HUMAN_Faure_2021,0.010492755510382645,12.165590537762423
3B,fp8_dyn,HCP_LAMBD_Tsuboyama_2023_2L6Q,0.007409295814907568,11.40193220377604
3B,fp8_dyn,HECD1_HUMAN_Tsuboyama_2023_3DKM,-0.012055119105716716,13.781371540228406
3B,fp8_dyn,HEM3_HUMAN_Loggerenberg_2023,-3.285628500709903e-05,13.581220054205867
3B,fp8_dyn,HIS7_YEAST_Pokusaeva_2019,0.006172491390655677,11.60946255292986
3B,fp8_dyn,HMDH_HUMAN_Jiang_2019,0.003332412963527598,12.019824931764099
3B,fp8_dyn,HSP82_YEAST_Cote-Hammarlof_2020_growth-H2O2,-0.010092340729945803,9.00429427852996
3B,fp8_dyn,HSP82_YEAST_Flynn_2019,-0.003417874317356906,11.246174568189716
3B,fp8_dyn,HSP82_YEAST_Mishra_2016,0.0034930527490962815,13.77231667187616
3B,fp8_dyn,HXK4_HUMAN_Gersing_2022_activity,0.00017236963987898868,11.893782828344921
3B,fp8_dyn,HXK4_HUMAN_Gersing_2023_abundance,0.00034823157466767896,11.738917688258114
3B,fp8_dyn,I6TAH8_I68A0_Doud_2015,-0.0005041580409075007,18.856427340251937
3B,fp8_dyn,IF1_ECOLI_Kelsic_2016,0.0022989189503155316,11.206068933007401
3B,fp8_dyn,ILF3_HUMAN_Tsuboyama_2023_2L33,0.005474902272362692,7.135223023689749
3B,fp8_dyn,ISDH_STAAW_Tsuboyama_2023_2LHR,-0.0016006670105259135,17.231260894859773
3B,fp8_dyn,KCNE1_HUMAN_Muhammad_2023_expression,-0.0029467401009835026,8.485172468610443
3B,fp8_dyn,KCNE1_HUMAN_Muhammad_2023_function,-0.007121599416924584,8.498852527585273
3B,fp8_dyn,KCNJ2_MOUSE_Coyote-Maestas_2022_function,-0.002716070488704203,14.882827725050607
3B,fp8_dyn,KCNJ2_MOUSE_Coyote-Maestas_2022_surface,0.0021617299777600407,14.900874975905213
3B,fp8_dyn,KKA2_KLEPN_Melnikov_2014,-0.00651020228843735,13.317921987078448
3B,fp8_dyn,LGK_LIPST_Klesmith_2015,-0.004800764342940522,10.367864337201947
3B,fp8_dyn,LYAM1_HUMAN_Elazar_2016,-0.016218989893722613,7.696220937524455
3B,fp8_dyn,MAFG_MOUSE_Tsuboyama_2023_1K1V,0.009673455765923045,30.436281005472654
3B,fp8_dyn,MBD11_ARATH_Tsuboyama_2023_6ACV,-0.0029456134188391436,13.229867617433731
3B,fp8_dyn,MET_HUMAN_Estevam_2023,-0.002968351708374173,14.18327131939548
3B,fp8_dyn,MK01_HUMAN_Brenan_2016,0.001807618303882902,11.316597665367647
3B,fp8_dyn,MLAC_ECOLI_MacRae_2023,-0.00037987518586846125,13.571669392852522
3B,fp8_dyn,MSH2_HUMAN_Jia_2020,0.007689956723373248,6.786869397473539
3B,fp8_dyn,MTH3_HAEAE_RockahShmuel_2015,-0.007854226533371866,12.548398697829308
3B,fp8_dyn,MTHR_HUMAN_Weile_2021,-0.003870434391773203,9.434551663031844
3B,fp8_dyn,MYO3_YEAST_Tsuboyama_2023_2BTT,0.00680400014875282,10.74253566016681
3B,fp8_dyn,NCAP_I34A1_Doud_2015,-0.00021786539448400213,21.48164627839049
3B,fp8_dyn,NKX31_HUMAN_Tsuboyama_2023_2L9R,0.009482677257729333,15.095425344338366
3B,fp8_dyn,NRAM_I33A0_Jiang_2016,0.014313422587374225,8.219798805631466
3B,fp8_dyn,NUD15_HUMAN_Suiter_2020,-0.005885880854758052,12.28390130388121
3B,fp8_dyn,NUSA_ECOLI_Tsuboyama_2023_1WCL,-0.00908186566732716,15.823502127011846
3B,fp8_dyn,NUSG_MYCTU_Tsuboyama_2023_2MI6,0.0051654128427263135,13.533009895828116
3B,fp8_dyn,OBSCN_HUMAN_Tsuboyama_2023_1V1C,0.008197360917102436,13.305181369770121
3B,fp8_dyn,ODP2_GEOSE_Tsuboyama_2023_1W4G,-0.010143584245513704,8.268238120009048
3B,fp8_dyn,OPSD_HUMAN_Wan_2019,0.007397900330165796,8.860530011510162
3B,fp8_dyn,OTC_HUMAN_Lo_2023,0.000505067734840825,12.274986867860429
3B,fp8_dyn,OTU7A_HUMAN_Tsuboyama_2023_2L2D,0.00717260290555749,5.772461449521173
3B,fp8_dyn,OXDA_RHOTO_Vanella_2023_activity,-0.0010955480945452067,11.752154428064127
3B,fp8_dyn,OXDA_RHOTO_Vanella_2023_expression,0.0014475773171158113,11.953839369304477
3B,fp8_dyn,P53_HUMAN_Giacomelli_2018_Null_Etoposide,-0.006520291282383517,13.067698000027754
3B,fp8_dyn,P53_HUMAN_Giacomelli_2018_Null_Nutlin,-0.006522850380072831,13.067698000027754
3B,fp8_dyn,P53_HUMAN_Giacomelli_2018_WT_Nutlin,-0.009387880888245992,13.067698000027754
3B,fp8_dyn,P53_HUMAN_Kotler_2018,-0.00021435819634763043,12.148266324078874
3B,fp8_dyn,P84126_THETH_Chan_2017,0.004708340459642968,12.610352595116147
3B,fp8_dyn,PABP_YEAST_Melamed_2013,-0.0036344423251435387,14.23946606470005
3B,fp8_dyn,PAI1_HUMAN_Huttinger_2021,0.005189991879110845,8.744807268194522
3B,fp8_dyn,PA_I34A1_Wu_2015,0.004419817785559298,10.092209914243261
3B,fp8_dyn,PHOT_CHLRE_Chen_2023,0.018943483944715345,10.883476388217385
3B,fp8_dyn,PIN1_HUMAN_Tsuboyama_2023_1I6C,-0.0080917351958677,12.666963065202486
3B,fp8_dyn,PITX2_HUMAN_Tsuboyama_2023_2L7M,0.010696258052453889,13.221612512476122
3B,fp8_dyn,PKN1_HUMAN_Tsuboyama_2023_1URF,0.006564512292412117,9.895348631871192
3B,fp8_dyn,POLG_DEN26_Suphatrakul_2023,-0.005864944440394204,9.034407709576154
3B,fp8_dyn,POLG_PESV_Tsuboyama_2023_2MXD,-0.007146060642640797,14.30951411603647
3B,fp8_dyn,PPARG_HUMAN_Majithia_2016,-0.0008675633310247788,10.071232506447698
3B,fp8_dyn,PPM1D_HUMAN_Miller_2022,0.0016033070305568886,12.41561587439676
3B,fp8_dyn,PR40A_HUMAN_Tsuboyama_2023_1UZC,0.0003613876053707443,15.946488484657689
3B,fp8_dyn,PRKN_HUMAN_Clausen_2023,-0.0005723257874900023,11.300691745831752
3B,fp8_dyn,PSAE_PICP2_Tsuboyama_2023_1PSE,-0.00545504148383491,16.13831955034534
3B,fp8_dyn,PTEN_HUMAN_Matreyek_2021,0.02240889990915368,5.299059227183422
3B,fp8_dyn,PTEN_HUMAN_Mighell_2018,0.016202132577391004,5.829198210536723
3B,fp8_dyn,Q2N0S5_9HIV1_Haddox_2018,0.001358411618321495,10.452652238263063
3B,fp8_dyn,Q53Z42_HUMAN_McShan_2019_binding-TAPBPR,-0.0006706129022290286,9.060803226314158
3B,fp8_dyn,Q53Z42_HUMAN_McShan_2019_expression,-0.0031120675028315503,9.060803226314158
3B,fp8_dyn,Q59976_STRSQ_Romero_2015,-0.0013892818659845263,13.99218794524624
3B,fp8_dyn,Q6WV12_9MAXI_Somermeyer_2022,-0.013163342502753101,11.86901589817119
3B,fp8_dyn,Q837P4_ENTFA_Meier_2023,0.00188849320834239,14.038548070854743
3B,fp8_dyn,Q837P5_ENTFA_Meier_2023,-0.015954116875831703,10.737653101686623
3B,fp8_dyn,Q8WTC7_9CNID_Somermeyer_2022,-0.003045942287933899,6.98417581524708
3B,fp8_dyn,R1AB_SARS2_Flynn_2022,-0.002699660400518722,7.423759371189022
3B,fp8_dyn,RAD_ANTMA_Tsuboyama_2023_2CJJ,-0.008550889216508206,13.878607688160846
3B,fp8_dyn,RAF1_HUMAN_Zinkus-Boltz_2019,-0.0023952568751409165,8.317246664169884
3B,fp8_dyn,RASH_HUMAN_Bandaru_2017,0.003805191082946746,10.601948184395633
3B,fp8_dyn,RASK_HUMAN_Weng_2022_abundance,0.0015229776554556151,12.265294731340006
3B,fp8_dyn,RASK_HUMAN_Weng_2022_binding-DARPin_K55,0.005597152095637603,12.398790851474574
3B,fp8_dyn,RBP1_HUMAN_Tsuboyama_2023_2KWH,0.012977399853362825,13.065025509318339
3B,fp8_dyn,RCD1_ARATH_Tsuboyama_2023_5OAO,0.002246319911689665,12.979283720882478
3B,fp8_dyn,RCRO_LAMBD_Tsuboyama_2023_1ORC,-0.010941059880477777,20.60219021689951
3B,fp8_dyn,RD23A_HUMAN_Tsuboyama_2023_1IFY,0.012866873812089896,12.942799211645735
3B,fp8_dyn,RDRP_I33A0_Li_2023,0.0026633207861710972,4.805646622156172
3B,fp8_dyn,REV_HV1H2_Fernandes_2016,0.006234161443146924,7.172908668717991
3B,fp8_dyn,RFAH_ECOLI_Tsuboyama_2023_2LCL,0.0001246883087804851,15.176293119557263
3B,fp8_dyn,RL20_AQUAE_Tsuboyama_2023_1GYZ,0.004648377103720014,18.779970870766537
3B,fp8_dyn,RL40A_YEAST_Mavor_2016,-0.016974942394815506,8.081935831887254
3B,fp8_dyn,RL40A_YEAST_Roscoe_2013,-0.008851434256355595,7.834256977146769
3B,fp8_dyn,RL40A_YEAST_Roscoe_2014,-0.0020064319961581867,8.367018755560101
3B,fp8_dyn,RNC_ECOLI_Weeks_2023,0.001959948016620361,14.598940020610323
3B,fp8_dyn,RPC1_BP434_Tsuboyama_2023_1R69,-0.003888077535107004,26.65187340632937
3B,fp8_dyn,RPC1_LAMBD_Li_2019_high-expression,-0.0011338559942275506,10.840848074718307
3B,fp8_dyn,RPC1_LAMBD_Li_2019_low-expression,0.0035106833076485877,10.840848074718307
3B,fp8_dyn,RS15_GEOSE_Tsuboyama_2023_1A32,0.007608969613334404,11.824040931441804
3B,fp8_dyn,S22A1_HUMAN_Yee_2023_abundance,-0.0017920540872081725,9.1918651934172
3B,fp8_dyn,S22A1_HUMAN_Yee_2023_activity,-0.004243077077818458,9.19988334304829
3B,fp8_dyn,SAV1_MOUSE_Tsuboyama_2023_2YSB,0.0013522458940741222,15.438847212073417
3B,fp8_dyn,SBI_STAAM_Tsuboyama_2023_2JVG,0.008387513468703034,10.626208173828527
3B,fp8_dyn,SC6A4_HUMAN_Young_2021,-0.0019936070123686145,13.606006750808389
3B,fp8_dyn,SCIN_STAAR_Tsuboyama_2023_2QFF,-0.0005716753195864066,11.802252962373052
3B,fp8_dyn,SDA_BACSU_Tsuboyama_2023_1PV0,0.0006092837818981733,31.378441028224746
3B,fp8_dyn,SERC_HUMAN_Xie_2023,5.877091071881946e-05,13.939644545978533
3B,fp8_dyn,SHOC2_HUMAN_Kwon_2022,0.011705488137244924,7.393685660359169
3B,fp8_dyn,SOX30_HUMAN_Tsuboyama_2023_7JJK,0.010894451921539094,11.504745369765825
3B,fp8_dyn,SPA_STAAU_Tsuboyama_2023_1LP1,0.0078032814862745,4.7741804570029585
3B,fp8_dyn,SPG1_STRSG_Olson_2014,0.0034039958064288056,17.955493871124606
3B,fp8_dyn,SPG1_STRSG_Wu_2016,0.013037379515235897,15.684102265871225
3B,fp8_dyn,SPG2_STRSG_Tsuboyama_2023_5UBS,0.004028837701600785,28.795394998320557
3B,fp8_dyn,SPTN1_CHICK_Tsuboyama_2023_1TUD,0.004779996020807475,13.24655262992348
3B,fp8_dyn,SQSTM_MOUSE_Tsuboyama_2023_2RRU,0.00510955805956248,8.05526442352233
3B,fp8_dyn,SR43C_ARATH_Tsuboyama_2023_2N88,0.0026822455976663884,19.849179565773493
3B,fp8_dyn,SRBS1_HUMAN_Tsuboyama_2023_2O2W,-0.0002543988694110322,9.99425543448338
3B,fp8_dyn,SRC_HUMAN_Ahler_2019,0.0038796721321022742,12.462767986861744
3B,fp8_dyn,SRC_HUMAN_Chakraborty_2023_binding-DAS_25uM,-0.0002843035642727809,13.552599708405237
3B,fp8_dyn,SRC_HUMAN_Nguyen_2022,0.00212018458248292,12.447822930937315
3B,fp8_dyn,SUMO1_HUMAN_Weile_2017,0.009361475030431388,7.806795112844195
3B,fp8_dyn,SYUA_HUMAN_Newberry_2020,-0.012748952458449092,13.329081492658643
3B,fp8_dyn,TADBP_HUMAN_Bolognesi_2019,0.002160363259471401,10.53318558075244
3B,fp8_dyn,TAT_HV1BR_Fernandes_2016,0.0022969645937336997,18.10161100698601
3B,fp8_dyn,TCRG1_MOUSE_Tsuboyama_2023_1E0L,-0.016607308345035987,14.654053439918743
3B,fp8_dyn,THO1_YEAST_Tsuboyama_2023_2WQG,-0.004589647116453155,21.31599761001427
3B,fp8_dyn,TNKS2_HUMAN_Tsuboyama_2023_5JRT,0.001057673624808242,10.285806821646622
3B,fp8_dyn,TPK1_HUMAN_Weile_2017,-0.002224537223119216,8.710451255345555
3B,fp8_dyn,TPMT_HUMAN_Matreyek_2018,0.009859548282766417,9.464291062919461
3B,fp8_dyn,TPOR_HUMAN_Bridgford_2020,-0.024592072529004305,6.90904415423226
3B,fp8_dyn,TRPC_SACS2_Chan_2017,-0.0004263909599491189,13.423829088745919
3B,fp8_dyn,TRPC_THEMA_Chan_2017,0.0014765527137359236,15.373888419089006
3B,fp8_dyn,UBC9_HUMAN_Weile_2017,-0.0034298289674200566,12.08317045109933
3B,fp8_dyn,UBE4B_HUMAN_Tsuboyama_2023_3L1X,0.000612305114401912,13.902884868541022
3B,fp8_dyn,UBR5_HUMAN_Tsuboyama_2023_1I2T,-0.00240313591265795,11.703426789262634
3B,fp8_dyn,VG08_BPP22_Tsuboyama_2023_2GP8,-0.003280547056169314,17.770591872374013
3B,fp8_dyn,VILI_CHICK_Tsuboyama_2023_1YU5,-0.006730392551006492,15.59880829636627
3B,fp8_dyn,VKOR1_HUMAN_Chiasson_2020_abundance,-0.004992038530276299,14.262912248454317
3B,fp8_dyn,VKOR1_HUMAN_Chiasson_2020_activity,0.0011582609866445104,16.212553412448564
3B,fp8_dyn,VRPI_BPT7_Tsuboyama_2023_2WNM,-0.009475819126245955,16.897962089669647
3B,fp8_dyn,YAIA_ECOLI_Tsuboyama_2023_2KVT,0.0003835428625241777,13.58586181556401
3B,fp8_dyn,YAP1_HUMAN_Araya_2012,0.009546362947001785,6.913410660410898
3B,fp8_dyn,YNZC_BACSU_Tsuboyama_2023_2JVD,0.0009968284016180773,18.388323314040555
3B,int8_dyn,A0A192B1T2_9HIV1_Haddox_2018,-0.0007837511594984969,4.757676437040134
3B,int8_dyn,A0A1I9GEU1_NEIME_Kennouche_2019,0.010035875585793302,7.784697086376174
3B,int8_dyn,A0A247D711_LISMN_Stadelmann_2021,-0.0117573205856637,3.109061032321824
3B,int8_dyn,A0A2Z5U3Z0_9INFA_Doud_2016,-0.002535670467559814,5.282265910339318
3B,int8_dyn,A0A2Z5U3Z0_9INFA_Wu_2014,-0.003460587002156512,5.001164258238681
3B,int8_dyn,A4D664_9INFA_Soh_2019,-0.0025968003482494117,4.7384467465999025
3B,int8_dyn,A4GRB6_PSEAI_Chen_2020,3.778432786738506e-05,7.593688836799405
3B,int8_dyn,A4_HUMAN_Seuma_2022,-0.03119864663920069,4.654103003123659
3B,int8_dyn,AACC1_PSEAI_Dandage_2018,-0.003934537300907204,8.140493480403078
3B,int8_dyn,ACE2_HUMAN_Chan_2020,0.015736472581736022,7.742459145079485
3B,int8_dyn,ADRB2_HUMAN_Jones_2020,-0.0015817469291702357,10.590843815052
3B,int8_dyn,AICDA_HUMAN_Gajula_2014_3cycles,0.00014750396375007302,7.464133680146209
3B,int8_dyn,AMFR_HUMAN_Tsuboyama_2023_4G3O,0.014183598162383071,11.963822295203181
3B,int8_dyn,AMIE_PSEAE_Wrenbeck_2017,-0.004124516239374376,5.412025975876617
3B,int8_dyn,ANCSZ_Hobbs_2022,-0.00162821738412533,11.419096586602363
3B,int8_dyn,ARGR_ECOLI_Tsuboyama_2023_1AOY,-0.024902506320281403,1.8560817269041319
3B,int8_dyn,B2L11_HUMAN_Dutta_2010_binding-Mcl-1,0.020853922234375377,7.193377542935837
3B,int8_dyn,BBC1_YEAST_Tsuboyama_2023_1TG0,-0.0059522425273279556,13.30272922764464
3B,int8_dyn,BCHB_CHLTE_Tsuboyama_2023_2KRU,-0.012881132106027038,7.161026711975666
3B,int8_dyn,BLAT_ECOLX_Deng_2012,0.0017028398401303102,5.436099650682095
3B,int8_dyn,BLAT_ECOLX_Firnberg_2014,0.02725063811938999,5.407255886658946
3B,int8_dyn,BLAT_ECOLX_Jacquier_2013,0.013335639665394416,5.155611994365004
3B,int8_dyn,BLAT_ECOLX_Stiffler_2015,0.026619158568725543,5.436099650682095
3B,int8_dyn,C6KNH7_9INFA_Lee_2018,0.008105814201894712,3.8946271497941205
3B,int8_dyn,CALM1_HUMAN_Weile_2017,-0.00324373955232371,7.886821610195111
3B,int8_dyn,CAPSD_AAV2S_Sinai_2021,-0.018958037032692693,5.852097579625021
3B,int8_dyn,CASP3_HUMAN_Roychowdhury_2020,0.014874380851461422,5.1500204770087485
3B,int8_dyn,CASP7_HUMAN_Roychowdhury_2020,0.012462112883493637,5.829224859712923
3B,int8_dyn,CATR_CHLRE_Tsuboyama_2023_2AMI,-0.0001267653788724621,11.126574509654912
3B,int8_dyn,CBPA2_HUMAN_Tsuboyama_2023_1O6X,0.013156229564938449,6.551144288488268
3B,int8_dyn,CBS_HUMAN_Sun_2020,-0.0063111948479004365,8.054578109083677
3B,int8_dyn,CBX4_HUMAN_Tsuboyama_2023_2K28,-0.00688732120561053,8.186495705897055
3B,int8_dyn,CCDB_ECOLI_Adkar_2012,0.0020391023115881035,7.294770441248659
3B,int8_dyn,CCDB_ECOLI_Tripathi_2016,-0.0008213723110848115,6.780444476045334
3B,int8_dyn,CCR5_HUMAN_Gill_2023,0.00352514678351451,9.443617557855772
3B,int8_dyn,CD19_HUMAN_Klesmith_2019_FMC_singles,-0.01406472844582729,5.794134331435665
3B,int8_dyn,CP2C9_HUMAN_Amorosi_2021_abundance,0.0028995513424383557,10.459168710409338
3B,int8_dyn,CP2C9_HUMAN_Amorosi_2021_activity,-0.004873101076471875,10.002647752637989
3B,int8_dyn,CSN4_MOUSE_Tsuboyama_2023_1UFM,-0.0009807569994494947,8.303477363135345
3B,int8_dyn,CUE1_YEAST_Tsuboyama_2023_2MYX,-0.00453901816731872,5.969326534964025
3B,int8_dyn,D7PM05_CLYGR_Somermeyer_2022,-0.015718094457460294,2.3851553320064043
3B,int8_dyn,DLG4_HUMAN_Faure_2021,0.007071589046326432,10.216272676014125
3B,int8_dyn,DLG4_RAT_McLaughlin_2012,-0.0032457804982892746,8.141508172234769
3B,int8_dyn,DN7A_SACS2_Tsuboyama_2023_1JIC,0.02343509397897675,2.717257763200695
3B,int8_dyn,DNJA1_HUMAN_Tsuboyama_2023_2LO1,0.0033887201781770404,14.53192517399513
3B,int8_dyn,DOCK1_MOUSE_Tsuboyama_2023_2M0Y,-0.010382390358987637,9.012713800496908
3B,int8_dyn,DYR_ECOLI_Nguyen_2023,-0.006471712075773017,13.576251594933694
3B,int8_dyn,DYR_ECOLI_Thompson_2019,-0.0035507680200588254,12.381410983026688
3B,int8_dyn,ENVZ_ECOLI_Ghose_2023,-0.0006896856957013253,5.475073551050917
3B,int8_dyn,ENV_HV1B9_DuenasDecamp_2016,-0.0426149860679763,5.340791642603828
3B,int8_dyn,ENV_HV1BR_Haddox_2016,0.0020841741755659032,4.2371223050629325
3B,int8_dyn,EPHB2_HUMAN_Tsuboyama_2023_1F0M,0.005097139179062737,17.800832739161383
3B,int8_dyn,ESTA_BACSU_Nutschel_2020,-0.006800971052303706,7.94841250390827
3B,int8_dyn,F7YBW8_MESOW_Aakre_2015,-0.01291635071136471,8.38673135824383
3B,int8_dyn,F7YBW8_MESOW_Ding_2023,-0.010882567104293639,14.7427609482586
3B,int8_dyn,FECA_ECOLI_Tsuboyama_2023_2D1U,0.0016805774659859885,9.643132957353167
3B,int8_dyn,FKBP3_HUMAN_Tsuboyama_2023_2KFV,-0.1267599841479649,1.2552261355196161
3B,int8_dyn,GAL4_YEAST_Kitzman_2015,0.0015680953525375463,8.593047646166697
3B,int8_dyn,GCN4_YEAST_Staller_2018,0.013436291734225725,5.54569077731391
3B,int8_dyn,GDIA_HUMAN_Silverstein_2021,0.012261452334512868,5.059666402055392
3B,int8_dyn,GFP_AEQVI_Sarkisyan_2016,-0.023908133602983286,2.257393492619251
3B,int8_dyn,GLPA_HUMAN_Elazar_2016,0.010285187797076711,5.454437897376238
3B,int8_dyn,GRB2_HUMAN_Faure_2021,0.019809314162618774,8.224964278044189
3B,int8_dyn,HCP_LAMBD_Tsuboyama_2023_2L6Q,0.030743515428974688,7.04582276861825
3B,int8_dyn,HECD1_HUMAN_Tsuboyama_2023_3DKM,-0.018169070470299975,7.233349364319472
3B,int8_dyn,HEM3_HUMAN_Loggerenberg_2023,0.005826063845474405,8.055133292674654
3B,int8_dyn,HIS7_YEAST_Pokusaeva_2019,-0.002310710005714589,7.374338954035472
3B,int8_dyn,HMDH_HUMAN_Jiang_2019,0.019849292108045202,6.822207397779176
3B,int8_dyn,HSP82_YEAST_Cote-Hammarlof_2020_growth-H2O2,-0.01627326236655241,7.869619062021709
3B,int8_dyn,HSP82_YEAST_Flynn_2019,-0.005786586545426797,7.22526744258968
3B,int8_dyn,HSP82_YEAST_Mishra_2016,-0.0112597846535204,7.487816017821949
3B,int8_dyn,HXK4_HUMAN_Gersing_2022_activity,0.0004696886540385137,8.597020659241567
3B,int8_dyn,HXK4_HUMAN_Gersing_2023_abundance,0.002913588218561358,8.591200614038984
3B,int8_dyn,I6TAH8_I68A0_Doud_2015,0.0119739865657162,3.7421013492287467
3B,int8_dyn,IF1_ECOLI_Kelsic_2016,-0.005720846679488689,6.767540516287396
3B,int8_dyn,ILF3_HUMAN_Tsuboyama_2023_2L33,0.035538744674024014,5.01169108672244
3B,int8_dyn,ISDH_STAAW_Tsuboyama_2023_2LHR,-0.025498279136926982,4.10906525540322
3B,int8_dyn,KCNE1_HUMAN_Muhammad_2023_expression,0.015405220238114394,4.747494953552933
3B,int8_dyn,KCNE1_HUMAN_Muhammad_2023_function,0.002671641569207295,4.758839403370295
3B,int8_dyn,KCNJ2_MOUSE_Coyote-Maestas_2022_function,-0.0047862098002764975,10.048749976531962
3B,int8_dyn,KCNJ2_MOUSE_Coyote-Maestas_2022_surface,0.002137979770864107,9.915013234059598
3B,int8_dyn,KKA2_KLEPN_Melnikov_2014,-0.0015923755647172522,9.552427305165969
3B,int8_dyn,LGK_LIPST_Klesmith_2015,-0.005510246866194057,7.3096518230256144
3B,int8_dyn,LYAM1_HUMAN_Elazar_2016,-0.014869893598905504,5.4127403139553545
3B,int8_dyn,MAFG_MOUSE_Tsuboyama_2023_1K1V,-0.05751749207902074,6.725116947034116
3B,int8_dyn,MBD11_ARATH_Tsuboyama_2023_6ACV,0.02735862779779885,7.249960405780717
3B,int8_dyn,MET_HUMAN_Estevam_2023,-0.004535841021656717,9.756972988891334
3B,int8_dyn,MK01_HUMAN_Brenan_2016,0.006149519682740995,7.305656872499912
3B,int8_dyn,MLAC_ECOLI_MacRae_2023,-0.005643780943164756,8.536124661878365
3B,int8_dyn,MSH2_HUMAN_Jia_2020,0.015110523354242067,4.198501962165306
3B,int8_dyn,MTH3_HAEAE_RockahShmuel_2015,-0.007243280344613301,8.909026076123746
3B,int8_dyn,MTHR_HUMAN_Weile_2021,-0.00619760156861332,5.944527539709144
3B,int8_dyn,MYO3_YEAST_Tsuboyama_2023_2BTT,0.027496390660225023,7.5100693683226805
3B,int8_dyn,NCAP_I34A1_Doud_2015,0.002079740099493896,3.65174634853974
3B,int8_dyn,NKX31_HUMAN_Tsuboyama_2023_2L9R,0.02072008325459851,10.09149785603798
3B,int8_dyn,NRAM_I33A0_Jiang_2016,0.0328850915500678,6.326483303910903
3B,int8_dyn,NUD15_HUMAN_Suiter_2020,-0.004114595183695724,7.10149205806591
3B,int8_dyn,NUSA_ECOLI_Tsuboyama_2023_1WCL,-0.01625649061463852,13.020273113939998
3B,int8_dyn,NUSG_MYCTU_Tsuboyama_2023_2MI6,-0.0037155332977815148,6.541534810422102
3B,int8_dyn,OBSCN_HUMAN_Tsuboyama_2023_1V1C,0.007598120095523853,6.4982570413396905
3B,int8_dyn,ODP2_GEOSE_Tsuboyama_2023_1W4G,0.060917531485110796,2.4269955327188306
3B,int8_dyn,OPSD_HUMAN_Wan_2019,0.04156591290817602,6.097906303058551
3B,int8_dyn,OTC_HUMAN_Lo_2023,0.01801233971709626,8.914657065405253
3B,int8_dyn,OTU7A_HUMAN_Tsuboyama_2023_2L2D,0.0021588397045788077,3.4238251725521875
3B,int8_dyn,OXDA_RHOTO_Vanella_2023_activity,-0.0031778928727144162,8.132211379525906
3B,int8_dyn,OXDA_RHOTO_Vanella_2023_expression,0.008613007425610497,8.233690286078469
3B,int8_dyn,P53_HUMAN_Giacomelli_2018_Null_Etoposide,0.003958963953053396,7.45899924045023
3B,int8_dyn,P53_HUMAN_Giacomelli_2018_Null_Nutlin,0.005794682574395582,7.45899924045023
3B,int8_dyn,P53_HUMAN_Giacomelli_2018_WT_Nutlin,0.009101477783064194,7.45899924045023
3B,int8_dyn,P53_HUMAN_Kotler_2018,0.004003715144704434,7.332220459792418
3B,int8_dyn,P84126_THETH_Chan_2017,0.015591459007929243,8.993251206802311
3B,int8_dyn,PABP_YEAST_Melamed_2013,-0.005048992452935108,9.79806234028609
3B,int8_dyn,PAI1_HUMAN_Huttinger_2021,0.004689515327696014,7.060816812750653
3B,int8_dyn,PA_I34A1_Wu_2015,-0.0034409793466989025,1.9028416603434257
3B,int8_dyn,PHOT_CHLRE_Chen_2023,-0.018236199618628324,6.542730535637298
3B,int8_dyn,PIN1_HUMAN_Tsuboyama_2023_1I6C,0.010974390347085916,7.773454179892891
3B,int8_dyn,PITX2_HUMAN_Tsuboyama_2023_2L7M,0.01816206513719032,10.811426781259934
3B,int8_dyn,PKN1_HUMAN_Tsuboyama_2023_1URF,0.0013467824915699977,4.859122400022535
3B,int8_dyn,POLG_DEN26_Suphatrakul_2023,-0.01026690329941704,5.328432741765653
3B,int8_dyn,POLG_PESV_Tsuboyama_2023_2MXD,-0.062172541262047,4.876699788958072
3B,int8_dyn,PPARG_HUMAN_Majithia_2016,-0.0059987609335578895,7.17416355421283
3B,int8_dyn,PPM1D_HUMAN_Miller_2022,-0.002084574975089293,8.952700315376998
3B,int8_dyn,PR40A_HUMAN_Tsuboyama_2023_1UZC,0.0044333561746866534,8.26039687015744
3B,int8_dyn,PRKN_HUMAN_Clausen_2023,-0.002719357071955253,7.502796894719031
3B,int8_dyn,PSAE_PICP2_Tsuboyama_2023_1PSE,0.01790929643346484,9.105729252832457
3B,int8_dyn,PTEN_HUMAN_Matreyek_2021,0.02876688696446711,3.155127148379694
3B,int8_dyn,PTEN_HUMAN_Mighell_2018,0.02880830988714439,3.313928089859036
3B,int8_dyn,Q2N0S5_9HIV1_Haddox_2018,0.0005402905678421055,5.073343517491948
3B,int8_dyn,Q53Z42_HUMAN_McShan_2019_binding-TAPBPR,-0.013286908681523824,6.6625546622594385
3B,int8_dyn,Q53Z42_HUMAN_McShan_2019_expression,-0.0045026289343662595,6.6625546622594385
3B,int8_dyn,Q59976_STRSQ_Romero_2015,0.014240523122163173,7.116726345169405
3B,int8_dyn,Q6WV12_9MAXI_Somermeyer_2022,-0.0124124764233759,3.01669742691514
3B,int8_dyn,Q837P4_ENTFA_Meier_2023,-0.0074822363537341285,9.60369171257333
3B,int8_dyn,Q837P5_ENTFA_Meier_2023,0.016088821141461374,7.024231508608426
3B,int8_dyn,Q8WTC7_9CNID_Somermeyer_2022,0.0017202244880123,2.3072031971093367
3B,int8_dyn,R1AB_SARS2_Flynn_2022,-0.00929356898908379,4.840659278375731
3B,int8_dyn,RAD_ANTMA_Tsuboyama_2023_2CJJ,0.014347220586188869,11.266620221845045
3B,int8_dyn,RAF1_HUMAN_Zinkus-Boltz_2019,0.015779195024510473,6.617995316226634
3B,int8_dyn,RASH_HUMAN_Bandaru_2017,0.004111428992234822,7.858750501038035
3B,int8_dyn,RASK_HUMAN_Weng_2022_abundance,0.003200567043390695,9.536424848672553
3B,int8_dyn,RASK_HUMAN_Weng_2022_binding-DARPin_K55,0.002541980787609255,9.670597507197678
3B,int8_dyn,RBP1_HUMAN_Tsuboyama_2023_2KWH,0.019620013205127018,5.332045332719032
3B,int8_dyn,RCD1_ARATH_Tsuboyama_2023_5OAO,0.027455455074896273,6.811547749487099
3B,int8_dyn,RCRO_LAMBD_Tsuboyama_2023_1ORC,-0.01638620938584201,6.393590736801694
3B,int8_dyn,RD23A_HUMAN_Tsuboyama_2023_1IFY,0.007090622736188101,9.353866244723125
3B,int8_dyn,RDRP_I33A0_Li_2023,-0.02820540482709688,2.774417302705588
3B,int8_dyn,REV_HV1H2_Fernandes_2016,-0.01069544829103447,4.305003753763621
3B,int8_dyn,RFAH_ECOLI_Tsuboyama_2023_2LCL,7.224252709958634e-05,8.23541217230168
3B,int8_dyn,RL20_AQUAE_Tsuboyama_2023_1GYZ,-0.018437874382599806,11.381308793223011
3B,int8_dyn,RL40A_YEAST_Mavor_2016,-0.010956913422853487,6.8377190768531735
3B,int8_dyn,RL40A_YEAST_Roscoe_2013,-0.011248022862466511,6.843764603250021
3B,int8_dyn,RL40A_YEAST_Roscoe_2014,0.0165785162433304,6.948983462374359
3B,int8_dyn,RNC_ECOLI_Weeks_2023,-0.005662655523553606,11.774009134790612
3B,int8_dyn,RPC1_BP434_Tsuboyama_2023_1R69,-0.006806344329707392,15.956637061694437
3B,int8_dyn,RPC1_LAMBD_Li_2019_high-expression,-0.002016519584273957,6.609898768492252
3B,int8_dyn,RPC1_LAMBD_Li_2019_low-expression,-0.015408993521946357,6.609898768492252
3B,int8_dyn,RS15_GEOSE_Tsuboyama_2023_1A32,0.0002677157391592355,8.658364451487488
3B,int8_dyn,S22A1_HUMAN_Yee_2023_abundance,0.004166635353650472,6.651453931077697
3B,int8_dyn,S22A1_HUMAN_Yee_2023_activity,0.0026654105027877906,6.6809625419476175
3B,int8_dyn,SAV1_MOUSE_Tsuboyama_2023_2YSB,-0.007847039062668482,7.897039952988363
3B,int8_dyn,SBI_STAAM_Tsuboyama_2023_2JVG,0.0005553305555202614,6.208179461744189
3B,int8_dyn,SC6A4_HUMAN_Young_2021,0.0014422576976869106,9.661781085087945
3B,int8_dyn,SCIN_STAAR_Tsuboyama_2023_2QFF,-0.0284099048726415,5.52082896338204
3B,int8_dyn,SDA_BACSU_Tsuboyama_2023_1PV0,-0.01420157740665029,17.437926418584443
3B,int8_dyn,SERC_HUMAN_Xie_2023,-0.0008791910642101941,10.601159369921143
3B,int8_dyn,SHOC2_HUMAN_Kwon_2022,0.005933456948504223,5.569043389703874
3B,int8_dyn,SOX30_HUMAN_Tsuboyama_2023_7JJK,0.002825911424632843,8.34395902206484
3B,int8_dyn,SPA_STAAU_Tsuboyama_2023_1LP1,-0.0568971446793542,2.154969493640583
3B,int8_dyn,SPG1_STRSG_Olson_2014,-0.004942880025194385,5.767983762188085
3B,int8_dyn,SPG1_STRSG_Wu_2016,0.0013162190889801917,6.96025246648298
3B,int8_dyn,SPG2_STRSG_Tsuboyama_2023_5UBS,0.016538580662345703,6.400478765361376
3B,int8_dyn,SPTN1_CHICK_Tsuboyama_2023_1TUD,-0.0038282578689489144,10.487347933085697
3B,int8_dyn,SQSTM_MOUSE_Tsuboyama_2023_2RRU,-0.020103182190527535,5.223619568896928
3B,int8_dyn,SR43C_ARATH_Tsuboyama_2023_2N88,0.007879596799951205,12.918297600764433
3B,int8_dyn,SRBS1_HUMAN_Tsuboyama_2023_2O2W,0.010879790503699804,6.173705703977814
3B,int8_dyn,SRC_HUMAN_Ahler_2019,-0.002615513459203078,9.26525629617739
3B,int8_dyn,SRC_HUMAN_Chakraborty_2023_binding-DAS_25uM,-0.0020420104832781782,9.257640352614823
3B,int8_dyn,SRC_HUMAN_Nguyen_2022,-0.004102611804012113,9.261389471648725
3B,int8_dyn,SUMO1_HUMAN_Weile_2017,0.0005966787083387937,5.923657728842314
3B,int8_dyn,SYUA_HUMAN_Newberry_2020,-0.027883433387873885,5.282373457778235
3B,int8_dyn,TADBP_HUMAN_Bolognesi_2019,0.0130797520619327,4.564249502707765
3B,int8_dyn,TAT_HV1BR_Fernandes_2016,-0.0270868309079476,2.583429415153026
3B,int8_dyn,TCRG1_MOUSE_Tsuboyama_2023_1E0L,0.0035975677031143682,9.220135418779162
3B,int8_dyn,THO1_YEAST_Tsuboyama_2023_2WQG,0.001547319365068689,9.309583960686068
3B,int8_dyn,TNKS2_HUMAN_Tsuboyama_2023_5JRT,-0.0030784124778356903,7.876230380224401
3B,int8_dyn,TPK1_HUMAN_Weile_2017,-0.006475507267083014,5.983863926150906
3B,int8_dyn,TPMT_HUMAN_Matreyek_2018,0.0131846645301536,6.151646625763763
3B,int8_dyn,TPOR_HUMAN_Bridgford_2020,-0.047563983317829794,5.371134851215336
3B,int8_dyn,TRPC_SACS2_Chan_2017,-0.001970550845422081,11.519482158541317
3B,int8_dyn,TRPC_THEMA_Chan_2017,-0.0020015572847388863,11.04523664068292
3B,int8_dyn,UBC9_HUMAN_Weile_2017,0.00036274094775201604,9.45461321058809
3B,int8_dyn,UBE4B_HUMAN_Tsuboyama_2023_3L1X,0.0015304861839390838,8.467657472637976
3B,int8_dyn,UBR5_HUMAN_Tsuboyama_2023_1I2T,-0.36879703753142207,1.0383342532857802
3B,int8_dyn,VG08_BPP22_Tsuboyama_2023_2GP8,0.03956612758957345,4.211652011880062
3B,int8_dyn,VILI_CHICK_Tsuboyama_2023_1YU5,0.0023044492230656077,10.366077606181076
3B,int8_dyn,VKOR1_HUMAN_Chiasson_2020_abundance,0.0015956449742879908,10.048315261824944
3B,int8_dyn,VKOR1_HUMAN_Chiasson_2020_activity,-0.005499694807002853,10.853755491074505
3B,int8_dyn,VRPI_BPT7_Tsuboyama_2023_2WNM,0.03154233454805355,10.104181158942762
3B,int8_dyn,YAIA_ECOLI_Tsuboyama_2023_2KVT,-0.0018052058425629403,10.018772934648885
3B,int8_dyn,YAP1_HUMAN_Araya_2012,-0.001517209210305015,6.639210684067557
3B,int8_dyn,YNZC_BACSU_Tsuboyama_2023_2JVD,0.0029209650346350147,10.82759425853156
3B,int4_wo,A0A192B1T2_9HIV1_Haddox_2018,0.0015637812229370995,4.91841220229431
3B,int4_wo,A0A1I9GEU1_NEIME_Kennouche_2019,-0.0147074365365994,5.982752136408366
3B,int4_wo,A0A247D711_LISMN_Stadelmann_2021,-0.0010734219445020926,8.576932089407718
3B,int4_wo,A0A2Z5U3Z0_9INFA_Doud_2016,0.008783407663638276,3.785737104264804
3B,int4_wo,A0A2Z5U3Z0_9INFA_Wu_2014,-0.0028766344473580285,3.604230581260496
3B,int4_wo,A4D664_9INFA_Soh_2019,-0.0053979817041514,5.559089875994843
3B,int4_wo,A4GRB6_PSEAI_Chen_2020,0.0034477978718620017,5.402654737389757
3B,int4_wo,A4_HUMAN_Seuma_2022,0.032047856295000954,3.7111138712313276
3B,int4_wo,AACC1_PSEAI_Dandage_2018,-0.014828491226332119,6.321890622105155
3B,int4_wo,ACE2_HUMAN_Chan_2020,0.015538910822907204,5.488345205499199
3B,int4_wo,ADRB2_HUMAN_Jones_2020,-0.002106069336350158,7.747602169426989
3B,int4_wo,AICDA_HUMAN_Gajula_2014_3cycles,0.02829576347105578,5.50534835216273
3B,int4_wo,AMFR_HUMAN_Tsuboyama_2023_4G3O,0.0185899978687053,8.039054105263741
3B,int4_wo,AMIE_PSEAE_Wrenbeck_2017,-0.014582778843632682,4.082970923093945
3B,int4_wo,ANCSZ_Hobbs_2022,-0.0046016230167231775,7.913378701267137
3B,int4_wo,ARGR_ECOLI_Tsuboyama_2023_1AOY,0.031928891542233384,4.672208236329344
3B,int4_wo,B2L11_HUMAN_Dutta_2010_binding-Mcl-1,0.027080374087675274,4.6388167684375
3B,int4_wo,BBC1_YEAST_Tsuboyama_2023_1TG0,0.019099186299932347,7.567838852840582
3B,int4_wo,BCHB_CHLTE_Tsuboyama_2023_2KRU,0.016597553327525327,6.763886232035558
3B,int4_wo,BLAT_ECOLX_Deng_2012,0.021364032803533495,3.6655453397654663
3B,int4_wo,BLAT_ECOLX_Firnberg_2014,0.05333737910593095,3.6656651966514384
3B,int4_wo,BLAT_ECOLX_Jacquier_2013,0.05145941861101,3.4180433680270443
3B,int4_wo,BLAT_ECOLX_Stiffler_2015,0.049468542198161436,3.6655453397654663
3B,int4_wo,C6KNH7_9INFA_Lee_2018,0.003328939039994483,3.1449923818540024
3B,int4_wo,CALM1_HUMAN_Weile_2017,-0.012304264166632883,5.109907420809213
3B,int4_wo,CAPSD_AAV2S_Sinai_2021,-0.01718021653217161,7.12185538093278
3B,int4_wo,CASP3_HUMAN_Roychowdhury_2020,0.026774858150019232,3.6412268741914264
3B,int4_wo,CASP7_HUMAN_Roychowdhury_2020,0.008498392117225695,3.9107178713035475
3B,int4_wo,CATR_CHLRE_Tsuboyama_2023_2AMI,-0.0023426799167776124,8.646409530811313
3B,int4_wo,CBPA2_HUMAN_Tsuboyama_2023_1O6X,0.0026088910256917286,7.234098160707291
3B,int4_wo,CBS_HUMAN_Sun_2020,0.0017718275265529715,6.230668845288482
3B,int4_wo,CBX4_HUMAN_Tsuboyama_2023_2K28,0.06182040465713534,5.555548038728219
3B,int4_wo,CCDB_ECOLI_Adkar_2012,0.024764554354468393,4.444951612811611
3B,int4_wo,CCDB_ECOLI_Tripathi_2016,0.013401894460393193,4.408354039195548
3B,int4_wo,CCR5_HUMAN_Gill_2023,0.002779055736458702,6.301134004186806
3B,int4_wo,CD19_HUMAN_Klesmith_2019_FMC_singles,-0.013001240656991292,3.859744938725283
3B,int4_wo,CP2C9_HUMAN_Amorosi_2021_abundance,0.0006500217282863208,6.30113789894101
3B,int4_wo,CP2C9_HUMAN_Amorosi_2021_activity,0.0009268226433847282,6.004754328186287
3B,int4_wo,CSN4_MOUSE_Tsuboyama_2023_1UFM,0.027102982920198804,5.843429454807872
3B,int4_wo,CUE1_YEAST_Tsuboyama_2023_2MYX,0.0037328732029063283,7.204581543536865
3B,int4_wo,D7PM05_CLYGR_Somermeyer_2022,-0.013816240623575692,5.352221504388093
3B,int4_wo,DLG4_HUMAN_Faure_2021,0.0034393976139014404,5.8760624461516695
3B,int4_wo,DLG4_RAT_McLaughlin_2012,0.025920992652034847,3.894504671342218
3B,int4_wo,DN7A_SACS2_Tsuboyama_2023_1JIC,-0.015066201035061677,5.8410965657687015
3B,int4_wo,DNJA1_HUMAN_Tsuboyama_2023_2LO1,0.015689121552845298,10.098525540575539
3B,int4_wo,DOCK1_MOUSE_Tsuboyama_2023_2M0Y,-0.015003739345784306,7.88692623054021
3B,int4_wo,DYR_ECOLI_Nguyen_2023,-0.0008693943606605803,7.899339593816639
3B,int4_wo,DYR_ECOLI_Thompson_2019,-0.013747504484842132,7.123488334995136
3B,int4_wo,ENVZ_ECOLI_Ghose_2023,0.01238567952200978,4.852828136997986
3B,int4_wo,ENV_HV1B9_DuenasDecamp_2016,0.008314302228552499,5.00872136644344
3B,int4_wo,ENV_HV1BR_Haddox_2016,-0.00019403632304638985,5.175128552403001
3B,int4_wo,EPHB2_HUMAN_Tsuboyama_2023_1F0M,0.024196660512621482,8.135778869003971
3B,int4_wo,ESTA_BACSU_Nutschel_2020,-0.0007585159982845813,6.0480955968387615
3B,int4_wo,F7YBW8_MESOW_Aakre_2015,-0.02804050807067482,8.775190132014526
3B,int4_wo,F7YBW8_MESOW_Ding_2023,0.037676359153257455,9.526482320198792
3B,int4_wo,FECA_ECOLI_Tsuboyama_2023_2D1U,-0.0022597920720159315,5.71486124299058
3B,int4_wo,FKBP3_HUMAN_Tsuboyama_2023_2KFV,-0.02677005377704461,2.874488758306613
3B,int4_wo,GAL4_YEAST_Kitzman_2015,-0.012215561278362874,5.568011179066166
3B,int4_wo,GCN4_YEAST_Staller_2018,0.0012230325000477382,11.322601359018282
3B,int4_wo,GDIA_HUMAN_Silverstein_2021,0.01649473166736537,3.5850950483855297
3B,int4_wo,GFP_AEQVI_Sarkisyan_2016,-0.008970684870113904,4.824295928655045
3B,int4_wo,GLPA_HUMAN_Elazar_2016,-0.039693135932009405,6.104712746282154
3B,int4_wo,GRB2_HUMAN_Faure_2021,0.012374095106311045,6.67384021055924
3B,int4_wo,HCP_LAMBD_Tsuboyama_2023_2L6Q,0.02007522812560336,4.5124035724286395
3B,int4_wo,HECD1_HUMAN_Tsuboyama_2023_3DKM,0.037320849513200915,5.907174048055874
3B,int4_wo,HEM3_HUMAN_Loggerenberg_2023,0.0022662459021483006,5.826596764199593
3B,int4_wo,HIS7_YEAST_Pokusaeva_2019,-0.026294815477632683,4.322556084964729
3B,int4_wo,HMDH_HUMAN_Jiang_2019,0.018983613152694312,5.63533523669958
3B,int4_wo,HSP82_YEAST_Cote-Hammarlof_2020_growth-H2O2,-0.00037074560153710356,4.992457912301879
3B,int4_wo,HSP82_YEAST_Flynn_2019,0.002627535347950627,5.701488921103374
3B,int4_wo,HSP82_YEAST_Mishra_2016,-0.013971621229595388,6.558461277782376
3B,int4_wo,HXK4_HUMAN_Gersing_2022_activity,0.0036028752452180735,5.81324513039948
3B,int4_wo,HXK4_HUMAN_Gersing_2023_abundance,-0.007722222391324807,5.772460126057809
3B,int4_wo,I6TAH8_I68A0_Doud_2015,0.0034250961407089,4.816388631743399
3B,int4_wo,IF1_ECOLI_Kelsic_2016,-0.016677844462170244,4.707893961740425
3B,int4_wo,ILF3_HUMAN_Tsuboyama_2023_2L33,0.016975048913943303,3.8976247037121503
3B,int4_wo,ISDH_STAAW_Tsuboyama_2023_2LHR,-0.006591919609227892,6.613860408754474
3B,int4_wo,KCNE1_HUMAN_Muhammad_2023_expression,-0.011107651457786902,4.201784026914994
3B,int4_wo,KCNE1_HUMAN_Muhammad_2023_function,0.014235618560714314,4.20550938329866
3B,int4_wo,KCNJ2_MOUSE_Coyote-Maestas_2022_function,-0.0016209165425397076,7.303912693913911
3B,int4_wo,KCNJ2_MOUSE_Coyote-Maestas_2022_surface,0.0030590657011891342,7.249142738638583
3B,int4_wo,KKA2_KLEPN_Melnikov_2014,-3.762969786191839e-05,6.334593153673288
3B,int4_wo,LGK_LIPST_Klesmith_2015,-0.0072817288465223395,4.894614582390972
3B,int4_wo,LYAM1_HUMAN_Elazar_2016,-0.0380327702413894,4.037865184207286
3B,int4_wo,MAFG_MOUSE_Tsuboyama_2023_1K1V,-0.0012537858673765667,12.573239574734
3B,int4_wo,MBD11_ARATH_Tsuboyama_2023_6ACV,0.009276913852269364,4.70419594542547
3B,int4_wo,MET_HUMAN_Estevam_2023,-0.00034658436201639997,7.375756688543259
3B,int4_wo,MK01_HUMAN_Brenan_2016,-0.007448800302859493,5.430479665065837
3B,int4_wo,MLAC_ECOLI_MacRae_2023,-0.011792048906909103,6.157434129090634
3B,int4_wo,MSH2_HUMAN_Jia_2020,0.008877687406671053,3.250453018503561
3B,int4_wo,MTH3_HAEAE_RockahShmuel_2015,-0.028030564523313428,6.118522110956275
3B,int4_wo,MTHR_HUMAN_Weile_2021,-0.017358582121659916,4.714585534569059
3B,int4_wo,MYO3_YEAST_Tsuboyama_2023_2BTT,-0.017922835768492906,5.425430493100042
3B,int4_wo,NCAP_I34A1_Doud_2015,-0.0002987296198420017,4.787353256107589
3B,int4_wo,NKX31_HUMAN_Tsuboyama_2023_2L9R,0.016028126673352183,6.502796437782892
3B,int4_wo,NRAM_I33A0_Jiang_2016,-0.015839836834963594,4.593258471002442
3B,int4_wo,NUD15_HUMAN_Suiter_2020,-0.008294074579053512,6.289474728369241
3B,int4_wo,NUSA_ECOLI_Tsuboyama_2023_1WCL,0.04840455460360937,7.485972204280485
3B,int4_wo,NUSG_MYCTU_Tsuboyama_2023_2MI6,-0.0038272350388565135,8.890876516473641
3B,int4_wo,OBSCN_HUMAN_Tsuboyama_2023_1V1C,0.0063292134632968455,6.307652916406165
3B,int4_wo,ODP2_GEOSE_Tsuboyama_2023_1W4G,-0.008061649450827907,7.204389121110884
3B,int4_wo,OPSD_HUMAN_Wan_2019,0.011243158332988612,4.856059013823468
3B,int4_wo,OTC_HUMAN_Lo_2023,-0.007819587864174027,6.236196845038538
3B,int4_wo,OTU7A_HUMAN_Tsuboyama_2023_2L2D,0.12059820276364991,2.477237284729278
3B,int4_wo,OXDA_RHOTO_Vanella_2023_activity,-0.0119024290936397,6.398601521783718
3B,int4_wo,OXDA_RHOTO_Vanella_2023_expression,-0.011656833618968632,6.541531120584919
3B,int4_wo,P53_HUMAN_Giacomelli_2018_Null_Etoposide,0.0034761873617616956,5.875071589856134
3B,int4_wo,P53_HUMAN_Giacomelli_2018_Null_Nutlin,0.0009001929561463506,5.875071589856134
3B,int4_wo,P53_HUMAN_Giacomelli_2018_WT_Nutlin,-0.011492380288238901,5.875071589856134
3B,int4_wo,P53_HUMAN_Kotler_2018,-0.007250995778280922,5.4782476172052155
3B,int4_wo,P84126_THETH_Chan_2017,0.01076782246082042,5.870986066146596
3B,int4_wo,PABP_YEAST_Melamed_2013,0.005176906705365303,7.3096010703527305
3B,int4_wo,PAI1_HUMAN_Huttinger_2021,0.015990119918760537,4.213365776464751
3B,int4_wo,PA_I34A1_Wu_2015,0.005197320090351197,5.666232283554053
3B,int4_wo,PHOT_CHLRE_Chen_2023,0.018077528017325317,7.584466944717778
3B,int4_wo,PIN1_HUMAN_Tsuboyama_2023_1I6C,-0.02074780618223887,5.843829843269054
3B,int4_wo,PITX2_HUMAN_Tsuboyama_2023_2L7M,0.04888495149856176,5.247040455897609
3B,int4_wo,PKN1_HUMAN_Tsuboyama_2023_1URF,0.027524846119499624,4.974860996212077
3B,int4_wo,POLG_DEN26_Suphatrakul_2023,-0.022905904392365617,4.333871869676602
3B,int4_wo,POLG_PESV_Tsuboyama_2023_2MXD,0.005902655223153905,8.712619928121747
3B,int4_wo,PPARG_HUMAN_Majithia_2016,-0.01282550960286244,5.177291298048617
3B,int4_wo,PPM1D_HUMAN_Miller_2022,-0.003619202198483107,5.928212506809303
3B,int4_wo,PR40A_HUMAN_Tsuboyama_2023_1UZC,0.01982669450889263,7.361534906433086
3B,int4_wo,PRKN_HUMAN_Clausen_2023,-0.001436545782420806,5.351889906935063
3B,int4_wo,PSAE_PICP2_Tsuboyama_2023_1PSE,0.01214056347386272,8.464629171009754
3B,int4_wo,PTEN_HUMAN_Matreyek_2021,0.03807074832916352,2.640660440495401
3B,int4_wo,PTEN_HUMAN_Mighell_2018,0.038712252168665695,2.6257612324462625
3B,int4_wo,Q2N0S5_9HIV1_Haddox_2018,0.001988575011092203,5.213509037542343
3B,int4_wo,Q53Z42_HUMAN_McShan_2019_binding-TAPBPR,0.0032858367573144753,4.684982357792614
3B,int4_wo,Q53Z42_HUMAN_McShan_2019_expression,-0.006246163350010714,4.684982357792614
3B,int4_wo,Q59976_STRSQ_Romero_2015,-0.00292512622059371,6.7614036387977166
3B,int4_wo,Q6WV12_9MAXI_Somermeyer_2022,0.011496118748648998,4.894631644986721
3B,int4_wo,Q837P4_ENTFA_Meier_2023,-0.01609587706061333,7.39297949419615
3B,int4_wo,Q837P5_ENTFA_Meier_2023,-0.007498784161576011,6.126216948220303
3B,int4_wo,Q8WTC7_9CNID_Somermeyer_2022,-0.014644760444500898,3.1935204938092756
3B,int4_wo,R1AB_SARS2_Flynn_2022,-0.055555259098724497,3.1462217869569735
3B,int4_wo,RAD_ANTMA_Tsuboyama_2023_2CJJ,0.013903718384607577,7.91512148385215
3B,int4_wo,RAF1_HUMAN_Zinkus-Boltz_2019,0.0004634087913403806,3.9792172422334406
3B,int4_wo,RASH_HUMAN_Bandaru_2017,-0.006056379252141253,5.756481680681902
3B,int4_wo,RASK_HUMAN_Weng_2022_abundance,0.02364524080444813,6.373406865351293
3B,int4_wo,RASK_HUMAN_Weng_2022_binding-DARPin_K55,0.013573814838775844,6.411449392141531
3B,int4_wo,RBP1_HUMAN_Tsuboyama_2023_2KWH,0.0207128514118185,4.066739100765311
3B,int4_wo,RCD1_ARATH_Tsuboyama_2023_5OAO,-0.0062107474782091,6.595690986041195
3B,int4_wo,RCRO_LAMBD_Tsuboyama_2023_1ORC,-0.014328711684872597,9.303778096518494
3B,int4_wo,RD23A_HUMAN_Tsuboyama_2023_1IFY,0.023096241197126,5.219651222132795
3B,int4_wo,RDRP_I33A0_Li_2023,-0.04783468647989719,1.9656306020174645
3B,int4_wo,REV_HV1H2_Fernandes_2016,0.007028067796146342,3.680006841677398
3B,int4_wo,RFAH_ECOLI_Tsuboyama_2023_2LCL,-0.0014797064920918923,5.794475019544978
3B,int4_wo,RL20_AQUAE_Tsuboyama_2023_1GYZ,-0.021541207655239147,5.403203542667675
3B,int4_wo,RL40A_YEAST_Mavor_2016,-0.005801877284319801,4.231350179778778
3B,int4_wo,RL40A_YEAST_Roscoe_2013,-0.007179090144581679,4.144912870487315
3B,int4_wo,RL40A_YEAST_Roscoe_2014,0.0012087169925897312,4.37003156145065
3B,int4_wo,RNC_ECOLI_Weeks_2023,-0.008273188871833925,7.180485670922036
3B,int4_wo,RPC1_BP434_Tsuboyama_2023_1R69,-0.01049816898291056,14.997069174576394
3B,int4_wo,RPC1_LAMBD_Li_2019_high-expression,0.010790767702562487,5.003802353239549
3B,int4_wo,RPC1_LAMBD_Li_2019_low-expression,0.0066904041345082765,5.003802353239549
3B,int4_wo,RS15_GEOSE_Tsuboyama_2023_1A32,0.0062649001935076165,5.461297608562887
3B,int4_wo,S22A1_HUMAN_Yee_2023_abundance,0.0045245772121854655,4.730172868220208
3B,int4_wo,S22A1_HUMAN_Yee_2023_activity,-0.0019169762747534014,4.736908404851456
3B,int4_wo,SAV1_MOUSE_Tsuboyama_2023_2YSB,-0.0030357116054625655,6.095965211065408
3B,int4_wo,SBI_STAAM_Tsuboyama_2023_2JVG,0.00749556453616107,6.148549025912061
3B,int4_wo,SC6A4_HUMAN_Young_2021,0.0020722178425340854,7.021658133156406
3B,int4_wo,SCIN_STAAR_Tsuboyama_2023_2QFF,-0.02782014652698478,8.366028072384905
3B,int4_wo,SDA_BACSU_Tsuboyama_2023_1PV0,0.010436562103683933,10.698028811395488
3B,int4_wo,SERC_HUMAN_Xie_2023,0.00045951255443787975,6.199201925026285
3B,int4_wo,SHOC2_HUMAN_Kwon_2022,0.007387941600599801,3.9247589452818636
3B,int4_wo,SOX30_HUMAN_Tsuboyama_2023_7JJK,0.025987467725093194,5.996610019270523
3B,int4_wo,SPA_STAAU_Tsuboyama_2023_1LP1,-0.010506376114623099,2.8366267335749997
3B,int4_wo,SPG1_STRSG_Olson_2014,0.0035022095840914758,9.706137100538992
3B,int4_wo,SPG1_STRSG_Wu_2016,-0.0027023521143162144,13.76824689471929
3B,int4_wo,SPG2_STRSG_Tsuboyama_2023_5UBS,-0.015344919214366759,13.6831740954606
3B,int4_wo,SPTN1_CHICK_Tsuboyama_2023_1TUD,-0.008431741138917093,7.154792556114763
3B,int4_wo,SQSTM_MOUSE_Tsuboyama_2023_2RRU,0.027598207289768473,4.144266175823356
3B,int4_wo,SR43C_ARATH_Tsuboyama_2023_2N88,-0.01026746703389958,11.52476445887158
3B,int4_wo,SRBS1_HUMAN_Tsuboyama_2023_2O2W,0.01876810622532543,6.0351735815448375
3B,int4_wo,SRC_HUMAN_Ahler_2019,0.001307690054068944,5.725369801043232
3B,int4_wo,SRC_HUMAN_Chakraborty_2023_binding-DAS_25uM,0.0007977451369647337,5.767047191977233
3B,int4_wo,SRC_HUMAN_Nguyen_2022,-0.0030135183630508044,5.719239350825196
3B,int4_wo,SUMO1_HUMAN_Weile_2017,-0.0022510712971012814,3.539333159156557
3B,int4_wo,SYUA_HUMAN_Newberry_2020,0.007936538051158515,8.592461641384498
3B,int4_wo,TADBP_HUMAN_Bolognesi_2019,0.031247250672502,5.784900312800479
3B,int4_wo,TAT_HV1BR_Fernandes_2016,0.015495866654138796,5.448502032015436
3B,int4_wo,TCRG1_MOUSE_Tsuboyama_2023_1E0L,0.021774362480642018,7.108999693989749
3B,int4_wo,THO1_YEAST_Tsuboyama_2023_2WQG,-0.008669750464785908,9.037879067318242
3B,int4_wo,TNKS2_HUMAN_Tsuboyama_2023_5JRT,0.041676940951896335,5.741398370553573
3B,int4_wo,TPK1_HUMAN_Weile_2017,-0.026289914878220022,3.9191296520940697
3B,int4_wo,TPMT_HUMAN_Matreyek_2018,0.004212586358906922,4.690495413145307
3B,int4_wo,TPOR_HUMAN_Bridgford_2020,-0.014250775459264176,4.16165408203055
3B,int4_wo,TRPC_SACS2_Chan_2017,-0.0003087815509155156,6.272552324268228
3B,int4_wo,TRPC_THEMA_Chan_2017,0.012801130558708407,6.631932286591502
3B,int4_wo,UBC9_HUMAN_Weile_2017,-0.0005369824142117396,6.292656826839695
3B,int4_wo,UBE4B_HUMAN_Tsuboyama_2023_3L1X,0.02514805927683328,4.878764439274561
3B,int4_wo,UBR5_HUMAN_Tsuboyama_2023_1I2T,0.0032578004411829564,8.07272926230752
3B,int4_wo,VG08_BPP22_Tsuboyama_2023_2GP8,-0.0025009382666018043,8.43429839156142
3B,int4_wo,VILI_CHICK_Tsuboyama_2023_1YU5,0.013868197300539675,12.446060178595456
3B,int4_wo,VKOR1_HUMAN_Chiasson_2020_abundance,0.009619574605021386,7.719076272012436
3B,int4_wo,VKOR1_HUMAN_Chiasson_2020_activity,0.0033399594723063086,8.439535624549952
3B,int4_wo,VRPI_BPT7_Tsuboyama_2023_2WNM,0.01170418421809405,9.293223550398473
3B,int4_wo,YAIA_ECOLI_Tsuboyama_2023_2KVT,0.006684416222351719,7.162435311561033
3B,int4_wo,YAP1_HUMAN_Araya_2012,-0.019307015075520795,3.5658011232339124
3B,int4_wo,YNZC_BACSU_Tsuboyama_2023_2JVD,0.007457667454315198,6.994074421842041
15B,bf16,A0A192B1T2_9HIV1_Haddox_2018,-0.0031074332545238947,4.6376022110709085
15B,bf16,A0A1I9GEU1_NEIME_Kennouche_2019,0.0005354312200051975,21.582241806018896
15B,bf16,A0A247D711_LISMN_Stadelmann_2021,0.001788510002033103,18.24211912831065
15B,bf16,A0A2Z5U3Z0_9INFA_Doud_2016,0.002098155941338775,23.66460970311189
15B,bf16,A0A2Z5U3Z0_9INFA_Wu_2014,-0.00042995376089371984,22.56024897152766
15B,bf16,A4D664_9INFA_Soh_2019,-0.0041740664766172775,10.60880480035907
15B,bf16,A4GRB6_PSEAI_Chen_2020,-0.0013336057245088018,24.704668013834826
15B,bf16,A4_HUMAN_Seuma_2022,-0.0055833494336252065,13.215070218922213
15B,bf16,AACC1_PSEAI_Dandage_2018,-0.0014660737480659547,28.528744513415383
15B,bf16,ACE2_HUMAN_Chan_2020,0.003330409959003494,27.95911294082757
15B,bf16,ADRB2_HUMAN_Jones_2020,-0.0007018118685652164,36.60544538790218
15B,bf16,AICDA_HUMAN_Gajula_2014_3cycles,0.005156876047848702,34.33593541719647
15B,bf16,AMFR_HUMAN_Tsuboyama_2023_4G3O,-0.001010814560907236,52.7974552315314
15B,bf16,AMIE_PSEAE_Wrenbeck_2017,0.008462887252227547,13.39158149495019
15B,bf16,ANCSZ_Hobbs_2022,8.048769874013928e-05,40.869953466559984
15B,bf16,ARGR_ECOLI_Tsuboyama_2023_1AOY,-0.010354338446756872,9.327694732362872
15B,bf16,B2L11_HUMAN_Dutta_2010_binding-Mcl-1,0.006233880386490698,21.006915497181417
15B,bf16,BBC1_YEAST_Tsuboyama_2023_1TG0,0.002452642949050843,36.60775661345689
15B,bf16,BCHB_CHLTE_Tsuboyama_2023_2KRU,0.003262116194127196,28.612172495869398
15B,bf16,BLAT_ECOLX_Deng_2012,0.008414108363732686,16.51276974749764
15B,bf16,BLAT_ECOLX_Firnberg_2014,0.012002100111028091,16.532617583724747
15B,bf16,BLAT_ECOLX_Jacquier_2013,0.010815103161853967,14.740740524457005
15B,bf16,BLAT_ECOLX_Stiffler_2015,0.011926018940934535,16.51276974749764
15B,bf16,C6KNH7_9INFA_Lee_2018,-0.0020517613457016193,15.11453052345654
15B,bf16,CALM1_HUMAN_Weile_2017,0.0004546848575626983,17.573178852954815
15B,bf16,CAPSD_AAV2S_Sinai_2021,-0.017952986902518203,7.429487919470716
15B,bf16,CASP3_HUMAN_Roychowdhury_2020,0.0031669126094359124,20.216114394651505
15B,bf16,CASP7_HUMAN_Roychowdhury_2020,-0.0008346378174278746,23.74893740069196
15B,bf16,CATR_CHLRE_Tsuboyama_2023_2AMI,0.003040828093581416,33.094093063706445
15B,bf16,CBPA2_HUMAN_Tsuboyama_2023_1O6X,-0.001106041519108869,53.04328333860538
15B,bf16,CBS_HUMAN_Sun_2020,-0.0001869980574604746,18.662708960299828
15B,bf16,CBX4_HUMAN_Tsuboyama_2023_2K28,-0.002344361774033299,33.016160013957766
15B,bf16,CCDB_ECOLI_Adkar_2012,0.008848376922474699,17.5180001443916
15B,bf16,CCDB_ECOLI_Tripathi_2016,0.003225932070480275,17.620764838891283
15B,bf16,CCR5_HUMAN_Gill_2023,-4.05054704805119e-06,35.26134617726765
15B,bf16,CD19_HUMAN_Klesmith_2019_FMC_singles,0.0008629250064443039,11.019249313124279
15B,bf16,CP2C9_HUMAN_Amorosi_2021_abundance,0.0017937340818826586,29.282731807078363
15B,bf16,CP2C9_HUMAN_Amorosi_2021_activity,0.0026599514100055233,28.95783342521785
15B,bf16,CSN4_MOUSE_Tsuboyama_2023_1UFM,0.0025401109365633112,49.19899568297138
15B,bf16,CUE1_YEAST_Tsuboyama_2023_2MYX,0.0006081728473697479,27.007637319715244
15B,bf16,D7PM05_CLYGR_Somermeyer_2022,-0.021794308738458723,3.863682513390698
15B,bf16,DLG4_HUMAN_Faure_2021,0.0013896284974475037,43.095833143999045
15B,bf16,DLG4_RAT_McLaughlin_2012,-0.00028595835317851703,26.158180395340807
15B,bf16,DN7A_SACS2_Tsuboyama_2023_1JIC,-0.0005518952219120132,11.47684996445031
15B,bf16,DNJA1_HUMAN_Tsuboyama_2023_2LO1,0.0026576400215483353,48.7370386232892
15B,bf16,DOCK1_MOUSE_Tsuboyama_2023_2M0Y,-0.0021771844055151757,44.9128936715947
15B,bf16,DYR_ECOLI_Nguyen_2023,0.001495846147089197,64.44494477265064
15B,bf16,DYR_ECOLI_Thompson_2019,0.00047051428095434833,58.302249467875555
15B,bf16,ENVZ_ECOLI_Ghose_2023,-0.002700759290314797,19.011708475691417
15B,bf16,ENV_HV1B9_DuenasDecamp_2016,-0.006569968143578089,6.78676735476216
15B,bf16,ENV_HV1BR_Haddox_2016,-0.008590187604707311,3.316844274350267
15B,bf16,EPHB2_HUMAN_Tsuboyama_2023_1F0M,0.0015614926996897482,71.42153630418916
15B,bf16,ESTA_BACSU_Nutschel_2020,0.0007093835705223595,28.7496134687046
15B,bf16,F7YBW8_MESOW_Aakre_2015,0.00221892878831087,34.15482381214153
15B,bf16,F7YBW8_MESOW_Ding_2023,0.0016597096021530588,84.20354650125297
15B,bf16,FECA_ECOLI_Tsuboyama_2023_2D1U,-0.0019972457722814974,26.670532751479843
15B,bf16,FKBP3_HUMAN_Tsuboyama_2023_2KFV,-0.012413660968524032,10.755403147636079
15B,bf16,GAL4_YEAST_Kitzman_2015,-0.00015268305135740512,37.930006783622545
15B,bf16,GCN4_YEAST_Staller_2018,-0.0010783240508701053,61.363603093710566
15B,bf16,GDIA_HUMAN_Silverstein_2021,0.002206637587149396,24.22185476249699
15B,bf16,GFP_AEQVI_Sarkisyan_2016,-0.024517959819299273,3.4148203248550844
15B,bf16,GLPA_HUMAN_Elazar_2016,0.005292455967053411,24.128182373718577
15B,bf16,GRB2_HUMAN_Faure_2021,-0.0018543882823911506,38.70859904502768
15B,bf16,HCP_LAMBD_Tsuboyama_2023_2L6Q,-0.0022485835806310694,26.059230949031356
15B,bf16,HECD1_HUMAN_Tsuboyama_2023_3DKM,0.010254278124886496,23.630690976521965
15B,bf16,HEM3_HUMAN_Loggerenberg_2023,-7.732849854780177e-06,40.38807303080291
15B,bf16,HIS7_YEAST_Pokusaeva_2019,-0.02215702302405448,10.9196469070551
15B,bf16,HMDH_HUMAN_Jiang_2019,0.0008404472472484659,19.591170298276353
15B,bf16,HSP82_YEAST_Cote-Hammarlof_2020_growth-H2O2,0.0009693392547668878,22.863153144938046
15B,bf16,HSP82_YEAST_Flynn_2019,0.0004950429802876855,22.24021071031172
15B,bf16,HSP82_YEAST_Mishra_2016,0.0005070632994856883,27.20328068074364
15B,bf16,HXK4_HUMAN_Gersing_2022_activity,0.0007175315589528775,25.803021042122257
15B,bf16,HXK4_HUMAN_Gersing_2023_abundance,-0.0001501865166089189,25.822168329161432
15B,bf16,I6TAH8_I68A0_Doud_2015,-0.0323304173279959,2.3897575104133044
15B,bf16,IF1_ECOLI_Kelsic_2016,-0.0017247128063038186,40.13684209845386
15B,bf16,ILF3_HUMAN_Tsuboyama_2023_2L33,0.0014855957214129079,18.696499371467173
15B,bf16,ISDH_STAAW_Tsuboyama_2023_2LHR,-0.0007752926535232185,17.451440959291425
15B,bf16,KCNE1_HUMAN_Muhammad_2023_expression,-0.002882958479603709,20.004779546896252
15B,bf16,KCNE1_HUMAN_Muhammad_2023_function,-2.359670421131499e-05,20.0075048957509
15B,bf16,KCNJ2_MOUSE_Coyote-Maestas_2022_function,-0.000477963154313088,35.54190352807189
15B,bf16,KCNJ2_MOUSE_Coyote-Maestas_2022_surface,7.686836638470806e-05,35.49350041957356
15B,bf16,KKA2_KLEPN_Melnikov_2014,-9.740198830399116e-05,29.129894880771385
15B,bf16,LGK_LIPST_Klesmith_2015,-0.0005388177575708086,35.43391679991454
15B,bf16,LYAM1_HUMAN_Elazar_2016,0.0008284448774344977,18.823295516980842
15B,bf16,MAFG_MOUSE_Tsuboyama_2023_1K1V,0.018143619966772828,12.929701677111266
15B,bf16,MBD11_ARATH_Tsuboyama_2023_6ACV,-0.004081748731030399,34.68270684494104
15B,bf16,MET_HUMAN_Estevam_2023,0.0007894777403691933,46.65889779851265
15B,bf16,MK01_HUMAN_Brenan_2016,0.00199174768541599,31.746781993602685
15B,bf16,MLAC_ECOLI_MacRae_2023,0.00015931520086126527,35.43818268242362
15B,bf16,MSH2_HUMAN_Jia_2020,0.003042396907844497,15.333228082821742
15B,bf16,MTH3_HAEAE_RockahShmuel_2015,-0.0005149575599088241,40.50844908935636
15B,bf16,MTHR_HUMAN_Weile_2021,0.001436637096271176,22.5493032532353
15B,bf16,MYO3_YEAST_Tsuboyama_2023_2BTT,-0.0012752616041681042,25.483544251206713
15B,bf16,NCAP_I34A1_Doud_2015,-0.026324941984983502,2.6978755168559956
15B,bf16,NKX31_HUMAN_Tsuboyama_2023_2L9R,-0.00015426509762317409,45.654954036967546
15B,bf16,NRAM_I33A0_Jiang_2016,-0.0016942143115620256,12.474552721340876
15B,bf16,NUD15_HUMAN_Suiter_2020,0.007561154724253005,18.443589956538915
15B,bf16,NUSA_ECOLI_Tsuboyama_2023_1WCL,0.005284946531458612,43.02904664638355
15B,bf16,NUSG_MYCTU_Tsuboyama_2023_2MI6,0.00569942565634618,29.317329241264915
15B,bf16,OBSCN_HUMAN_Tsuboyama_2023_1V1C,-8.534328741960362e-05,30.206477415049655
15B,bf16,ODP2_GEOSE_Tsuboyama_2023_1W4G,-0.0024596345483967885,32.1202332412484
15B,bf16,OPSD_HUMAN_Wan_2019,0.005043969589317798,23.39738443429149
15B,bf16,OTC_HUMAN_Lo_2023,0.0012003857437528076,35.567642741981096
15B,bf16,OTU7A_HUMAN_Tsuboyama_2023_2L2D,-0.014838118156488889,7.5845636331097195
15B,bf16,OXDA_RHOTO_Vanella_2023_activity,9.035967638182374e-06,27.800483948800988
15B,bf16,OXDA_RHOTO_Vanella_2023_expression,0.0005295649421109827,27.978752539817982
15B,bf16,P53_HUMAN_Giacomelli_2018_Null_Etoposide,-0.0010410412679303094,37.59848466924035
15B,bf16,P53_HUMAN_Giacomelli_2018_Null_Nutlin,-0.0010494229303011915,37.59848466924035
15B,bf16,P53_HUMAN_Giacomelli_2018_WT_Nutlin,-0.0009223980496116391,37.59848466924035
15B,bf16,P53_HUMAN_Kotler_2018,0.0013874718296204014,37.86323472090134
15B,bf16,P84126_THETH_Chan_2017,-0.0029532714061925036,13.983022341224705
15B,bf16,PABP_YEAST_Melamed_2013,-0.006422891442505629,26.260200720137277
15B,bf16,PAI1_HUMAN_Huttinger_2021,0.0005225603956214853,20.93254604529654
15B,bf16,PA_I34A1_Wu_2015,-0.006133609434257448,5.830310717076964
15B,bf16,PHOT_CHLRE_Chen_2023,0.003768119345969545,41.03771017820887
15B,bf16,PIN1_HUMAN_Tsuboyama_2023_1I6C,-0.0062242129942406965,15.61602200615526
15B,bf16,PITX2_HUMAN_Tsuboyama_2023_2L7M,-0.0025156807504209677,37.72080715729349
15B,bf16,PKN1_HUMAN_Tsuboyama_2023_1URF,0.0018858258282064,25.42311684916768
15B,bf16,POLG_DEN26_Suphatrakul_2023,-0.0021331182858744246,17.341783409353347
15B,bf16,POLG_PESV_Tsuboyama_2023_2MXD,0.03573691304657649,9.655542784203178
15B,bf16,PPARG_HUMAN_Majithia_2016,-0.000807676423653092,34.795509427984484
15B,bf16,PPM1D_HUMAN_Miller_2022,0.0002195798381110503,28.310575897509374
15B,bf16,PR40A_HUMAN_Tsuboyama_2023_1UZC,-0.006230813349889508,16.52896916226496
15B,bf16,PRKN_HUMAN_Clausen_2023,-6.332708358014472e-05,29.120829629243065
15B,bf16,PSAE_PICP2_Tsuboyama_2023_1PSE,0.0015646014655600338,27.441631514816937
15B,bf16,PTEN_HUMAN_Matreyek_2021,0.00501821905217692,14.383566920865485
15B,bf16,PTEN_HUMAN_Mighell_2018,0.007114799442144493,14.17324778060379
15B,bf16,Q2N0S5_9HIV1_Haddox_2018,-0.0054603831845275175,4.093169401625967
15B,bf16,Q53Z42_HUMAN_McShan_2019_binding-TAPBPR,-0.004026621914207884,14.781595073431493
15B,bf16,Q53Z42_HUMAN_McShan_2019_expression,-0.006356679178516567,14.781595073431493
15B,bf16,Q59976_STRSQ_Romero_2015,-0.0016598555635561896,28.65787063744455
15B,bf16,Q6WV12_9MAXI_Somermeyer_2022,-0.007153294155872899,2.6559372899171927
15B,bf16,Q837P4_ENTFA_Meier_2023,0.001950242692228099,33.17102707123814
15B,bf16,Q837P5_ENTFA_Meier_2023,0.0021227252762565096,30.300485675758075
15B,bf16,Q8WTC7_9CNID_Somermeyer_2022,-0.015589838073487596,4.044867691337048
15B,bf16,R1AB_SARS2_Flynn_2022,-0.002315615964422757,13.804814786071407
15B,bf16,RAD_ANTMA_Tsuboyama_2023_2CJJ,-0.00425428495866631,37.84771956705773
15B,bf16,RAF1_HUMAN_Zinkus-Boltz_2019,0.0028415037302766954,24.00728507234677
15B,bf16,RASH_HUMAN_Bandaru_2017,0.002061884469398312,31.27762532427177
15B,bf16,RASK_HUMAN_Weng_2022_abundance,0.0011427308155461113,39.01702614059833
15B,bf16,RASK_HUMAN_Weng_2022_binding-DARPin_K55,-0.00022044171787372058,38.88845078377267
15B,bf16,RBP1_HUMAN_Tsuboyama_2023_2KWH,-0.003060627409469663,12.624314993858867
15B,bf16,RCD1_ARATH_Tsuboyama_2023_5OAO,-0.0007845134416479826,29.91709110483753
15B,bf16,RCRO_LAMBD_Tsuboyama_2023_1ORC,0.001734654023169968,47.87073816081559
15B,bf16,RD23A_HUMAN_Tsuboyama_2023_1IFY,0.008357534780204401,27.915878875227552
15B,bf16,RDRP_I33A0_Li_2023,-0.0013409313971363135,14.745187305506974
15B,bf16,REV_HV1H2_Fernandes_2016,0.0011187381230065019,19.231161536865255
15B,bf16,RFAH_ECOLI_Tsuboyama_2023_2LCL,-0.0009423265729202879,38.06343813008324
15B,bf16,RL20_AQUAE_Tsuboyama_2023_1GYZ,0.0038045665267800732,52.2959120097093
15B,bf16,RL40A_YEAST_Mavor_2016,-0.0012241823924734607,26.3521130468502
15B,bf16,RL40A_YEAST_Roscoe_2013,-0.0026154618024784027,25.1727090057412
15B,bf16,RL40A_YEAST_Roscoe_2014,0.0004995682797327983,26.667404142060366
15B,bf16,RNC_ECOLI_Weeks_2023,0.0015716821323000785,38.603729950282805
15B,bf16,RPC1_BP434_Tsuboyama_2023_1R69,0.001644008467199587,77.38791282967935
15B,bf16,RPC1_LAMBD_Li_2019_high-expression,0.0042240456790896275,23.990538962525548
15B,bf16,RPC1_LAMBD_Li_2019_low-expression,0.0016653248009558252,23.990538962525548
15B,bf16,RS15_GEOSE_Tsuboyama_2023_1A32,-0.00011683205776158445,35.94188469557062
15B,bf16,S22A1_HUMAN_Yee_2023_abundance,0.002361207008714117,27.19942522363946
15B,bf16,S22A1_HUMAN_Yee_2023_activity,0.0023535435100651148,27.378938137007335
15B,bf16,SAV1_MOUSE_Tsuboyama_2023_2YSB,-0.005551292387680373,14.144567320765145
15B,bf16,SBI_STAAM_Tsuboyama_2023_2JVG,0.005888131685809428,17.718122408079726
15B,bf16,SC6A4_HUMAN_Young_2021,-0.0003902012500147656,32.24422749247807
15B,bf16,SCIN_STAAR_Tsuboyama_2023_2QFF,0.009050826502488063,18.11524427483794
15B,bf16,SDA_BACSU_Tsuboyama_2023_1PV0,7.686213180113644e-05,55.222305773812955
15B,bf16,SERC_HUMAN_Xie_2023,0.0003186854559390495,33.98825761725543
15B,bf16,SHOC2_HUMAN_Kwon_2022,0.008148619126651047,12.47581647758252
15B,bf16,SOX30_HUMAN_Tsuboyama_2023_7JJK,-0.0004919350981910098,16.659962891382694
15B,bf16,SPA_STAAU_Tsuboyama_2023_1LP1,0.017940216464591603,9.423636823405234
15B,bf16,SPG1_STRSG_Olson_2014,0.006549758673021988,23.27989581711657
15B,bf16,SPG1_STRSG_Wu_2016,-0.0022592092899179073,24.24530613783156
15B,bf16,SPG2_STRSG_Tsuboyama_2023_5UBS,0.008791732353114257,21.267746376862167
15B,bf16,SPTN1_CHICK_Tsuboyama_2023_1TUD,0.0023858275713646293,20.99999693610227
15B,bf16,SQSTM_MOUSE_Tsuboyama_2023_2RRU,0.0031646108323278854,12.14640053217038
15B,bf16,SR43C_ARATH_Tsuboyama_2023_2N88,-0.005223708180108644,25.832121704473
15B,bf16,SRBS1_HUMAN_Tsuboyama_2023_2O2W,0.0034524226812713277,16.529639701063594
15B,bf16,SRC_HUMAN_Ahler_2019,0.0007405152839783935,29.813261708322134
15B,bf16,SRC_HUMAN_Chakraborty_2023_binding-DAS_25uM,0.0005504840003053291,30.150835037424336
15B,bf16,SRC_HUMAN_Nguyen_2022,-7.176779395418054e-05,29.808149617616756
15B,bf16,SUMO1_HUMAN_Weile_2017,0.005186489291987395,22.08258038768175
15B,bf16,SYUA_HUMAN_Newberry_2020,0.0032227458463068015,15.856780273266974
15B,bf16,TADBP_HUMAN_Bolognesi_2019,-0.0005006989870506989,11.414034896290211
15B,bf16,TAT_HV1BR_Fernandes_2016,0.0054655126110865065,6.186108056053456
15B,bf16,TCRG1_MOUSE_Tsuboyama_2023_1E0L,-0.006897600182788621,16.46588459166034
15B,bf16,THO1_YEAST_Tsuboyama_2023_2WQG,0.0027688830584906565,19.599077678926996
15B,bf16,TNKS2_HUMAN_Tsuboyama_2023_5JRT,0.0017054304740617976,57.90908360488339
15B,bf16,TPK1_HUMAN_Weile_2017,-0.0020853580069828404,28.95723857081737
15B,bf16,TPMT_HUMAN_Matreyek_2018,0.0036999313681916335,29.636152768030612
15B,bf16,TPOR_HUMAN_Bridgford_2020,-0.008689545839682788,19.68471403434409
15B,bf16,TRPC_SACS2_Chan_2017,-0.0008668477812380226,34.80860660296475
15B,bf16,TRPC_THEMA_Chan_2017,-0.0035194972398814306,37.88399303365051
15B,bf16,UBC9_HUMAN_Weile_2017,-0.001061948207311647,24.03942179068757
15B,bf16,UBE4B_HUMAN_Tsuboyama_2023_3L1X,0.0028491776812946124,36.412099426170386
15B,bf16,UBR5_HUMAN_Tsuboyama_2023_1I2T,0.0017734918276361977,24.55395068054327
15B,bf16,VG08_BPP22_Tsuboyama_2023_2GP8,0.002324279716653277,29.861425519876427
15B,bf16,VILI_CHICK_Tsuboyama_2023_1YU5,-0.002423294774361262,29.648418196237994
15B,bf16,VKOR1_HUMAN_Chiasson_2020_abundance,-8.653731139623977e-05,24.411451332735822
15B,bf16,VKOR1_HUMAN_Chiasson_2020_activity,-0.0005023632701318115,26.607575952027254
15B,bf16,VRPI_BPT7_Tsuboyama_2023_2WNM,0.008723310831681541,21.775616327540643
15B,bf16,YAIA_ECOLI_Tsuboyama_2023_2KVT,-0.0011085393345198202,26.265303297585252
15B,bf16,YAP1_HUMAN_Araya_2012,0.004666001543141396,16.084028656158008
15B,bf16,YNZC_BACSU_Tsuboyama_2023_2JVD,0.0006961325951256869,31.811324518797555
15B,int8_wo,A0A192B1T2_9HIV1_Haddox_2018,-0.0030222078548114983,4.490268854091779
15B,int8_wo,A0A1I9GEU1_NEIME_Kennouche_2019,0.0007923297095813985,20.313033193204852
15B,int8_wo,A0A247D711_LISMN_Stadelmann_2021,0.002552925007027404,18.267343469437755
15B,int8_wo,A0A2Z5U3Z0_9INFA_Doud_2016,0.0024622023561595707,22.234850357887563
15B,int8_wo,A0A2Z5U3Z0_9INFA_Wu_2014,0.0002449770809713758,21.472186763403744
15B,int8_wo,A4D664_9INFA_Soh_2019,-0.005348318143981179,10.11299768315958
15B,int8_wo,A4GRB6_PSEAI_Chen_2020,0.0006312552532817817,22.29013151330663
15B,int8_wo,A4_HUMAN_Seuma_2022,-0.01082043082665951,11.227366718176402
15B,int8_wo,AACC1_PSEAI_Dandage_2018,-0.0012327437760624171,26.3909970400972
15B,int8_wo,ACE2_HUMAN_Chan_2020,0.004446477526898807,26.095802278621495
15B,int8_wo,ADRB2_HUMAN_Jones_2020,-0.0007004152503452543,33.87086100615296
15B,int8_wo,AICDA_HUMAN_Gajula_2014_3cycles,0.010565344704123014,31.75284621465457
15B,int8_wo,AMFR_HUMAN_Tsuboyama_2023_4G3O,-0.0038126286288312494,40.10564749869217
15B,int8_wo,AMIE_PSEAE_Wrenbeck_2017,0.007470909664004877,12.957461866156468
15B,int8_wo,ANCSZ_Hobbs_2022,-0.0001381225917826967,37.62417508378418
15B,int8_wo,ARGR_ECOLI_Tsuboyama_2023_1AOY,-0.007058040380388486,9.428135921894148
15B,int8_wo,B2L11_HUMAN_Dutta_2010_binding-Mcl-1,0.008226234870119697,20.800939781577224
15B,int8_wo,BBC1_YEAST_Tsuboyama_2023_1TG0,0.002882818709923518,35.608818433243314
15B,int8_wo,BCHB_CHLTE_Tsuboyama_2023_2KRU,0.002349897770170528,23.64451876259938
15B,int8_wo,BLAT_ECOLX_Deng_2012,0.007374786861332805,16.215272099682736
15B,int8_wo,BLAT_ECOLX_Firnberg_2014,0.009511277365240378,16.242233601582942
15B,int8_wo,BLAT_ECOLX_Jacquier_2013,0.009652471905676419,13.742672504909581
15B,int8_wo,BLAT_ECOLX_Stiffler_2015,0.009928560761288507,16.215272099682736
15B,int8_wo,C6KNH7_9INFA_Lee_2018,-0.0033073111319347204,14.941728082829446
15B,int8_wo,CALM1_HUMAN_Weile_2017,-0.00044834981213898173,17.709516947446577
15B,int8_wo,CAPSD_AAV2S_Sinai_2021,-0.022380615547205898,7.710460517022293
15B,int8_wo,CASP3_HUMAN_Roychowdhury_2020,0.005215895465685461,18.559708290776594
15B,int8_wo,CASP7_HUMAN_Roychowdhury_2020,0.0007279265596477069,21.864976804793333
15B,int8_wo,CATR_CHLRE_Tsuboyama_2023_2AMI,0.0022585979598644945,34.2074663951574
15B,int8_wo,CBPA2_HUMAN_Tsuboyama_2023_1O6X,-0.002180126835727658,38.966471429615915
15B,int8_wo,CBS_HUMAN_Sun_2020,5.570540893523601e-05,17.611042169435237
15B,int8_wo,CBX4_HUMAN_Tsuboyama_2023_2K28,-0.00121890404712377,30.039534905939643
15B,int8_wo,CCDB_ECOLI_Adkar_2012,0.005001019515000815,17.10080916479365
15B,int8_wo,CCDB_ECOLI_Tripathi_2016,0.0006283118730016635,16.834864953660304
15B,int8_wo,CCR5_HUMAN_Gill_2023,-2.31497340636988e-05,33.66014215882379
15B,int8_wo,CD19_HUMAN_Klesmith_2019_FMC_singles,0.00034192116547329676,10.745748543626917
15B,int8_wo,CP2C9_HUMAN_Amorosi_2021_abundance,0.002342705746299356,26.99681555831703
15B,int8_wo,CP2C9_HUMAN_Amorosi_2021_activity,0.0029608240112727335,26.954120881193557
15B,int8_wo,CSN4_MOUSE_Tsuboyama_2023_1UFM,0.0023984732698564826,48.8093734432306
15B,int8_wo,CUE1_YEAST_Tsuboyama_2023_2MYX,0.0005382107911978129,24.8105617458633
15B,int8_wo,D7PM05_CLYGR_Somermeyer_2022,-0.02218717505869952,3.861555487433305
15B,int8_wo,DLG4_HUMAN_Faure_2021,0.0009423765171945875,35.6658592660628
15B,int8_wo,DLG4_RAT_McLaughlin_2012,0.0012986276419477139,22.362895387840606
15B,int8_wo,DN7A_SACS2_Tsuboyama_2023_1JIC,-0.0012649218925914196,10.762698854875845
15B,int8_wo,DNJA1_HUMAN_Tsuboyama_2023_2LO1,0.0027161383749598755,48.66181576732626
15B,int8_wo,DOCK1_MOUSE_Tsuboyama_2023_2M0Y,0.0004920194686498514,48.2842591437984
15B,int8_wo,DYR_ECOLI_Nguyen_2023,0.0012068909169817843,57.48027309234205
15B,int8_wo,DYR_ECOLI_Thompson_2019,0.00013076315207738443,51.76849084144312
15B,int8_wo,ENVZ_ECOLI_Ghose_2023,-0.0047200339697873045,16.28069388299102
15B,int8_wo,ENV_HV1B9_DuenasDecamp_2016,0.004809521840767911,7.065058541525997
15B,int8_wo,ENV_HV1BR_Haddox_2016,-0.008981872859294499,3.238571596496225
15B,int8_wo,EPHB2_HUMAN_Tsuboyama_2023_1F0M,0.0013762546376555607,57.594904237126094
15B,int8_wo,ESTA_BACSU_Nutschel_2020,-0.0004551992119672388,25.753945164644684
15B,int8_wo,F7YBW8_MESOW_Aakre_2015,0.0020338157893683984,35.998234097319525
15B,int8_wo,F7YBW8_MESOW_Ding_2023,-0.0003369323174146066,86.63584825745053
15B,int8_wo,FECA_ECOLI_Tsuboyama_2023_2D1U,-0.0020876853626977665,22.90328019440592
15B,int8_wo,FKBP3_HUMAN_Tsuboyama_2023_2KFV,-0.01668773632713849,10.073284828752481
15B,int8_wo,GAL4_YEAST_Kitzman_2015,0.0008455979360725285,30.643836052930777
15B,int8_wo,GCN4_YEAST_Staller_2018,-0.0008861732659662946,53.45834376850979
15B,int8_wo,GDIA_HUMAN_Silverstein_2021,0.0017538185303622722,21.96035012021143
15B,int8_wo,GFP_AEQVI_Sarkisyan_2016,-0.02972481991223297,3.2960511409262874
15B,int8_wo,GLPA_HUMAN_Elazar_2016,0.002029067937241502,23.966156042666636
15B,int8_wo,GRB2_HUMAN_Faure_2021,-0.0021915185701218975,34.65732750495631
15B,int8_wo,HCP_LAMBD_Tsuboyama_2023_2L6Q,-0.002234211348841497,23.199056122107333
15B,int8_wo,HECD1_HUMAN_Tsuboyama_2023_3DKM,0.01020692810800683,20.328700739774114
15B,int8_wo,HEM3_HUMAN_Loggerenberg_2023,-7.648986091651766e-05,36.789571798176645
15B,int8_wo,HIS7_YEAST_Pokusaeva_2019,-0.017561356982530585,11.1492057958917
15B,int8_wo,HMDH_HUMAN_Jiang_2019,0.00034690568056128246,18.991972644250556
15B,int8_wo,HSP82_YEAST_Cote-Hammarlof_2020_growth-H2O2,0.0022991051798718076,22.425707674488113
15B,int8_wo,HSP82_YEAST_Flynn_2019,0.00029306740355505845,20.869460916885128
15B,int8_wo,HSP82_YEAST_Mishra_2016,-0.0003738369697073307,25.095408217186613
15B,int8_wo,HXK4_HUMAN_Gersing_2022_activity,0.0015829217504914617,23.234600686259565
15B,int8_wo,HXK4_HUMAN_Gersing_2023_abundance,-0.0004311282441422093,23.23322941334019
15B,int8_wo,I6TAH8_I68A0_Doud_2015,-0.0328631698139014,2.3664309186419734
15B,int8_wo,IF1_ECOLI_Kelsic_2016,0.0006530783211005087,36.91600338840299
15B,int8_wo,ILF3_HUMAN_Tsuboyama_2023_2L33,0.0002468597074423984,18.263331401484585
15B,int8_wo,ISDH_STAAW_Tsuboyama_2023_2LHR,-0.00040065380651471694,18.87857380337905
15B,int8_wo,KCNE1_HUMAN_Muhammad_2023_expression,-0.004688176546153708,19.51184970528547
15B,int8_wo,KCNE1_HUMAN_Muhammad_2023_function,-0.002442567419851105,19.512675186440408
15B,int8_wo,KCNJ2_MOUSE_Coyote-Maestas_2022_function,7.006732247288872e-05,33.53991362070466
15B,int8_wo,KCNJ2_MOUSE_Coyote-Maestas_2022_surface,-5.992903172358233e-05,33.46793082858988
15B,int8_wo,KKA2_KLEPN_Melnikov_2014,-0.0002552476963689765,28.15442013614243
15B,int8_wo,LGK_LIPST_Klesmith_2015,-0.0008838513150943861,31.56155092096286
15B,int8_wo,LYAM1_HUMAN_Elazar_2016,-0.005709139094395299,16.35788635677119
15B,int8_wo,MAFG_MOUSE_Tsuboyama_2023_1K1V,0.044184959791981726,8.104546593803766
15B,int8_wo,MBD11_ARATH_Tsuboyama_2023_6ACV,0.0003808334817541059,29.318102827818365
15B,int8_wo,MET_HUMAN_Estevam_2023,0.0014055258397782655,38.96762444237042
15B,int8_wo,MK01_HUMAN_Brenan_2016,0.0021010007647316864,29.284022930531552
15B,int8_wo,MLAC_ECOLI_MacRae_2023,-1.1663488809598999e-05,33.767665850018524
15B,int8_wo,MSH2_HUMAN_Jia_2020,0.004228189564915885,14.758354283914356
15B,int8_wo,MTH3_HAEAE_RockahShmuel_2015,-0.0008242847944847087,37.48899244664317
15B,int8_wo,MTHR_HUMAN_Weile_2021,0.0018150598980488097,21.13965520169647
15B,int8_wo,MYO3_YEAST_Tsuboyama_2023_2BTT,0.0006910187760424125,20.06449190837257
15B,int8_wo,NCAP_I34A1_Doud_2015,-0.02640894172146431,2.672653180105125
15B,int8_wo,NKX31_HUMAN_Tsuboyama_2023_2L9R,-0.004112984103742501,38.3882532841478
15B,int8_wo,NRAM_I33A0_Jiang_2016,0.0011289603868683828,13.151198360949465
15B,int8_wo,NUD15_HUMAN_Suiter_2020,0.008796905379243825,17.469196719460662
15B,int8_wo,NUSA_ECOLI_Tsuboyama_2023_1WCL,0.004037888322447891,43.42309185805487
15B,int8_wo,NUSG_MYCTU_Tsuboyama_2023_2MI6,0.008189293373557893,29.11570910115229
15B,int8_wo,OBSCN_HUMAN_Tsuboyama_2023_1V1C,0.00021966312339694039,27.46713393468276
15B,int8_wo,ODP2_GEOSE_Tsuboyama_2023_1W4G,-0.004203576212734594,28.64017052982989
15B,int8_wo,OPSD_HUMAN_Wan_2019,0.003467128020750221,23.806063611151927
15B,int8_wo,OTC_HUMAN_Lo_2023,0.0017001261995082118,32.818620541347656
15B,int8_wo,OTU7A_HUMAN_Tsuboyama_2023_2L2D,-0.011602722787389663,7.132107881177138
15B,int8_wo,OXDA_RHOTO_Vanella_2023_activity,0.0003430721181250096,25.645537887714283
15B,int8_wo,OXDA_RHOTO_Vanella_2023_expression,0.0018781233260468655,25.94165650727317
15B,int8_wo,P53_HUMAN_Giacomelli_2018_Null_Etoposide,-0.0005033949151929118,33.82883979322543
15B,int8_wo,P53_HUMAN_Giacomelli_2018_Null_Nutlin,-0.00040031748916580234,33.82883979322543
15B,int8_wo,P53_HUMAN_Giacomelli_2018_WT_Nutlin,0.00018335811613268138,33.82883979322543
15B,int8_wo,P53_HUMAN_Kotler_2018,0.0021667185121271304,36.63517013643564
15B,int8_wo,P84126_THETH_Chan_2017,-0.0019349264030058544,13.912811835977477
15B,int8_wo,PABP_YEAST_Melamed_2013,-0.004532656339840457,27.267491669874595
15B,int8_wo,PAI1_HUMAN_Huttinger_2021,0.0009248349605097128,19.257132848053338
15B,int8_wo,PA_I34A1_Wu_2015,-0.006464208867649424,5.6157801880849005
15B,int8_wo,PHOT_CHLRE_Chen_2023,0.0030302594864871635,35.93790146218554
15B,int8_wo,PIN1_HUMAN_Tsuboyama_2023_1I6C,-0.005375379244741185,15.47411885421142
15B,int8_wo,PITX2_HUMAN_Tsuboyama_2023_2L7M,-0.0009452675140135813,44.54381688510459
15B,int8_wo,PKN1_HUMAN_Tsuboyama_2023_1URF,-0.0016021997962075984,21.22095118936356
15B,int8_wo,POLG_DEN26_Suphatrakul_2023,-0.0012369397429375373,16.924900087700085
15B,int8_wo,POLG_PESV_Tsuboyama_2023_2MXD,0.03776819607999349,8.988214501057717
15B,int8_wo,PPARG_HUMAN_Majithia_2016,-0.0003126811425845366,35.215404841410596
15B,int8_wo,PPM1D_HUMAN_Miller_2022,0.00032731420207610107,27.178475785159264
15B,int8_wo,PR40A_HUMAN_Tsuboyama_2023_1UZC,-0.005822692220723069,16.774025668477794
15B,int8_wo,PRKN_HUMAN_Clausen_2023,0.00015599250695075284,26.14063584512141
15B,int8_wo,PSAE_PICP2_Tsuboyama_2023_1PSE,0.0028807880483152637,27.131132955792456
15B,int8_wo,PTEN_HUMAN_Matreyek_2021,0.005713104834133509,14.545908783468315
15B,int8_wo,PTEN_HUMAN_Mighell_2018,0.006669094337533099,14.227486901374464
15B,int8_wo,Q2N0S5_9HIV1_Haddox_2018,-0.004736734641957507,4.065780060251675
15B,int8_wo,Q53Z42_HUMAN_McShan_2019_binding-TAPBPR,-0.0034484975956192154,14.345978082760633
15B,int8_wo,Q53Z42_HUMAN_McShan_2019_expression,-0.007311575349369881,14.345978082760633
15B,int8_wo,Q59976_STRSQ_Romero_2015,-0.0024968850071036552,27.24781588376364
15B,int8_wo,Q6WV12_9MAXI_Somermeyer_2022,-0.006834333956999301,2.657785983698718
15B,int8_wo,Q837P4_ENTFA_Meier_2023,-5.145747794310651e-05,29.3231368303557
15B,int8_wo,Q837P5_ENTFA_Meier_2023,-0.001221056461412795,27.42127157831009
15B,int8_wo,Q8WTC7_9CNID_Somermeyer_2022,-0.016079900218584197,3.9437240565649483
15B,int8_wo,R1AB_SARS2_Flynn_2022,-0.0016454355081736427,13.341298030774773
15B,int8_wo,RAD_ANTMA_Tsuboyama_2023_2CJJ,-0.006650371886233519,35.17223729175163
15B,int8_wo,RAF1_HUMAN_Zinkus-Boltz_2019,0.0032256629088308064,23.52051583288119
15B,int8_wo,RASH_HUMAN_Bandaru_2017,0.004414986659810383,26.461250792901343
15B,int8_wo,RASK_HUMAN_Weng_2022_abundance,0.005113589934301804,32.994192098388964
15B,int8_wo,RASK_HUMAN_Weng_2022_binding-DARPin_K55,0.001306697674215207,32.97463023880007
15B,int8_wo,RBP1_HUMAN_Tsuboyama_2023_2KWH,-0.001636337034371771,11.79349094357214
15B,int8_wo,RCD1_ARATH_Tsuboyama_2023_5OAO,-0.002915278965192669,30.898924868577012
15B,int8_wo,RCRO_LAMBD_Tsuboyama_2023_1ORC,0.002127408818879184,42.346299265579525
15B,int8_wo,RD23A_HUMAN_Tsuboyama_2023_1IFY,0.007639130169476704,26.479554512361833
15B,int8_wo,RDRP_I33A0_Li_2023,-0.0015708616784499974,13.721384865424156
15B,int8_wo,REV_HV1H2_Fernandes_2016,0.0016139063460194336,18.761591963571018
15B,int8_wo,RFAH_ECOLI_Tsuboyama_2023_2LCL,-0.001115678003708681,32.230221494032556
15B,int8_wo,RL20_AQUAE_Tsuboyama_2023_1GYZ,0.004865229987078168,45.87843332506315
15B,int8_wo,RL40A_YEAST_Mavor_2016,-0.0015356718074658327,24.319106328770182
15B,int8_wo,RL40A_YEAST_Roscoe_2013,-0.003675446014856476,23.664229481002288
15B,int8_wo,RL40A_YEAST_Roscoe_2014,-0.0030388312086632174,24.63839610568284
15B,int8_wo,RNC_ECOLI_Weeks_2023,0.001622475067237672,33.25763561176902
15B,int8_wo,RPC1_BP434_Tsuboyama_2023_1R69,0.0030210311676592827,68.2422898982457
15B,int8_wo,RPC1_LAMBD_Li_2019_high-expression,0.0029335653520059513,22.68935333033798
15B,int8_wo,RPC1_LAMBD_Li_2019_low-expression,0.002924275914550023,22.68935333033798
15B,int8_wo,RS15_GEOSE_Tsuboyama_2023_1A32,-0.0007770724559330033,34.504580048807824
15B,int8_wo,S22A1_HUMAN_Yee_2023_abundance,0.002548856387089571,26.065895988983886
15B,int8_wo,S22A1_HUMAN_Yee_2023_activity,0.0028882455797193396,26.23039354341572
15B,int8_wo,SAV1_MOUSE_Tsuboyama_2023_2YSB,-0.0034656102281601098,14.181468139325053
15B,int8_wo,SBI_STAAM_Tsuboyama_2023_2JVG,0.007435625480201713,15.943690084893122
15B,int8_wo,SC6A4_HUMAN_Young_2021,-0.0001281542257220991,30.331248835895984
15B,int8_wo,SCIN_STAAR_Tsuboyama_2023_2QFF,0.011399421498726359,17.32074315475813
15B,int8_wo,SDA_BACSU_Tsuboyama_2023_1PV0,-0.0006833962778075575,53.593812855414534
15B,int8_wo,SERC_HUMAN_Xie_2023,3.927701740524814e-05,32.29811748216158
15B,int8_wo,SHOC2_HUMAN_Kwon_2022,0.007231605257610518,11.919593726246141
15B,int8_wo,SOX30_HUMAN_Tsuboyama_2023_7JJK,-0.0034897444759083296,15.457666526912496
15B,int8_wo,SPA_STAAU_Tsuboyama_2023_1LP1,0.0199315033154078,9.704319847072728
15B,int8_wo,SPG1_STRSG_Olson_2014,0.009100224508562627,22.35436558668564
15B,int8_wo,SPG1_STRSG_Wu_2016,-0.0017616890732817247,25.523749183539444
15B,int8_wo,SPG2_STRSG_Tsuboyama_2023_5UBS,0.008411607483954975,21.6681678263029
15B,int8_wo,SPTN1_CHICK_Tsuboyama_2023_1TUD,0.0005970582837323546,18.523246084807255
15B,int8_wo,SQSTM_MOUSE_Tsuboyama_2023_2RRU,0.0024899289563619087,10.710329629405479
15B,int8_wo,SR43C_ARATH_Tsuboyama_2023_2N88,-0.0027994320306449216,24.94631203022329
15B,int8_wo,SRBS1_HUMAN_Tsuboyama_2023_2O2W,0.0024997566443566432,23.761932888313883
15B,int8_wo,SRC_HUMAN_Ahler_2019,0.0015384926270113342,27.69376840296057
15B,int8_wo,SRC_HUMAN_Chakraborty_2023_binding-DAS_25uM,0.0009186305830605201,27.496863528894412
15B,int8_wo,SRC_HUMAN_Nguyen_2022,0.0008720877078272071,27.694074458320518
15B,int8_wo,SUMO1_HUMAN_Weile_2017,0.00797289358385389,18.606206773712607
15B,int8_wo,SYUA_HUMAN_Newberry_2020,0.0033248712483266996,15.670318848326126
15B,int8_wo,TADBP_HUMAN_Bolognesi_2019,-4.7983853188902914e-05,11.005761059770755
15B,int8_wo,TAT_HV1BR_Fernandes_2016,0.004641319080518201,5.974643900814631
15B,int8_wo,TCRG1_MOUSE_Tsuboyama_2023_1E0L,-0.007706337300695476,16.79208659342851
15B,int8_wo,THO1_YEAST_Tsuboyama_2023_2WQG,0.0036080720271993716,16.718939838412254
15B,int8_wo,TNKS2_HUMAN_Tsuboyama_2023_5JRT,0.0014449271910351724,57.93539874288172
15B,int8_wo,TPK1_HUMAN_Weile_2017,-0.002098143214345205,25.15066658894349
15B,int8_wo,TPMT_HUMAN_Matreyek_2018,0.0029265169140159086,29.034401186019124
15B,int8_wo,TPOR_HUMAN_Bridgford_2020,-0.010457051763833103,17.850594215121216
15B,int8_wo,TRPC_SACS2_Chan_2017,5.995813229986435e-05,33.81860724651402
15B,int8_wo,TRPC_THEMA_Chan_2017,-0.0025397981579394213,35.37583713873104
15B,int8_wo,UBC9_HUMAN_Weile_2017,-0.0005161243327135301,24.20209154429202
15B,int8_wo,UBE4B_HUMAN_Tsuboyama_2023_3L1X,0.0014926259820509102,30.722632308342476
15B,int8_wo,UBR5_HUMAN_Tsuboyama_2023_1I2T,0.0014861221536018876,25.034928302940884
15B,int8_wo,VG08_BPP22_Tsuboyama_2023_2GP8,0.0017383175092331449,28.962238249693417
15B,int8_wo,VILI_CHICK_Tsuboyama_2023_1YU5,-0.0011662962088219708,30.739869011304883
15B,int8_wo,VKOR1_HUMAN_Chiasson_2020_abundance,0.00033777788967570554,23.713865836233026
15B,int8_wo,VKOR1_HUMAN_Chiasson_2020_activity,-0.0008550068758361173,26.38393858015212
15B,int8_wo,VRPI_BPT7_Tsuboyama_2023_2WNM,0.007392570009117916,20.136293405974072
15B,int8_wo,YAIA_ECOLI_Tsuboyama_2023_2KVT,-0.0002535401620615829,28.026448231582076
15B,int8_wo,YAP1_HUMAN_Araya_2012,0.004452127452334087,15.987817440344305
15B,int8_wo,YNZC_BACSU_Tsuboyama_2023_2JVD,0.001210577502915089,34.437885632159
15B,fp8_dyn,A0A192B1T2_9HIV1_Haddox_2018,-0.006067496572517095,3.4904636596329195
15B,fp8_dyn,A0A1I9GEU1_NEIME_Kennouche_2019,0.0007317394397847003,14.153829485872945
15B,fp8_dyn,A0A247D711_LISMN_Stadelmann_2021,-0.001339440839033798,12.70172110381765
15B,fp8_dyn,A0A2Z5U3Z0_9INFA_Doud_2016,0.0022682563934900424,12.619198612254019
15B,fp8_dyn,A0A2Z5U3Z0_9INFA_Wu_2014,-0.0007190789916016183,12.272249249692964
15B,fp8_dyn,A4D664_9INFA_Soh_2019,-0.005338165031150366,6.745960029069496
15B,fp8_dyn,A4GRB6_PSEAI_Chen_2020,0.00654793961866762,12.925497087555682
15B,fp8_dyn,A4_HUMAN_Seuma_2022,-0.009230143010305392,7.454559428643105
15B,fp8_dyn,AACC1_PSEAI_Dandage_2018,-0.002742384612645865,17.5035191969704
15B,fp8_dyn,ACE2_HUMAN_Chan_2020,0.008552545250944593,14.752903611940404
15B,fp8_dyn,ADRB2_HUMAN_Jones_2020,-0.000568405963582097,19.828279525801356
15B,fp8_dyn,AICDA_HUMAN_Gajula_2014_3cycles,0.0011724471157992244,20.79556414289775
15B,fp8_dyn,AMFR_HUMAN_Tsuboyama_2023_4G3O,-0.004709166324081804,25.99802132650914
15B,fp8_dyn,AMIE_PSEAE_Wrenbeck_2017,0.0064370849858274015,9.15100864539913
15B,fp8_dyn,ANCSZ_Hobbs_2022,0.0019605188805731366,18.98096097266664
15B,fp8_dyn,ARGR_ECOLI_Tsuboyama_2023_1AOY,-0.01588044529516497,6.075075832236137
15B,fp8_dyn,B2L11_HUMAN_Dutta_2010_binding-Mcl-1,0.018440893761967003,12.758971721317792
15B,fp8_dyn,BBC1_YEAST_Tsuboyama_2023_1TG0,5.5268012124520816e-05,13.997058663827202
15B,fp8_dyn,BCHB_CHLTE_Tsuboyama_2023_2KRU,8.284641675138094e-05,18.221328544258874
15B,fp8_dyn,BLAT_ECOLX_Deng_2012,0.006885852820951999,8.255463855290675
15B,fp8_dyn,BLAT_ECOLX_Firnberg_2014,0.01320535289939928,8.259050060683258
15B,fp8_dyn,BLAT_ECOLX_Jacquier_2013,0.007357085354941839,7.3166860232656035
15B,fp8_dyn,BLAT_ECOLX_Stiffler_2015,0.012768526907657118,8.255463855290675
15B,fp8_dyn,C6KNH7_9INFA_Lee_2018,-0.004261834866772285,8.670797096038884
15B,fp8_dyn,CALM1_HUMAN_Weile_2017,0.0009874228376779148,9.941308899355354
15B,fp8_dyn,CAPSD_AAV2S_Sinai_2021,-0.009892576740680697,6.350632360385189
15B,fp8_dyn,CASP3_HUMAN_Roychowdhury_2020,0.0006785487856393324,9.598488176373962
15B,fp8_dyn,CASP7_HUMAN_Roychowdhury_2020,0.004550688178240336,10.893960396417404
15B,fp8_dyn,CATR_CHLRE_Tsuboyama_2023_2AMI,0.0023034073473667815,22.37745590387021
15B,fp8_dyn,CBPA2_HUMAN_Tsuboyama_2023_1O6X,0.00555108041043495,23.60658342652749
15B,fp8_dyn,CBS_HUMAN_Sun_2020,0.0010637284857342166,13.870390539881685
15B,fp8_dyn,CBX4_HUMAN_Tsuboyama_2023_2K28,-0.009457842169982134,16.386059373120524
15B,fp8_dyn,CCDB_ECOLI_Adkar_2012,0.002328566590016512,9.150632377735356
15B,fp8_dyn,CCDB_ECOLI_Tripathi_2016,0.0037151296451172766,9.149724749539299
15B,fp8_dyn,CCR5_HUMAN_Gill_2023,-0.0006690226452188974,17.6542923718634
15B,fp8_dyn,CD19_HUMAN_Klesmith_2019_FMC_singles,0.006828874177848304,6.654971611513315
15B,fp8_dyn,CP2C9_HUMAN_Amorosi_2021_abundance,0.0011951821642387506,17.26045211133528
15B,fp8_dyn,CP2C9_HUMAN_Amorosi_2021_activity,0.002986088065670023,16.197098928585635
15B,fp8_dyn,CSN4_MOUSE_Tsuboyama_2023_1UFM,0.005557319580001496,21.41939805266531
15B,fp8_dyn,CUE1_YEAST_Tsuboyama_2023_2MYX,0.003622710448786537,19.746221363661526
15B,fp8_dyn,D7PM05_CLYGR_Somermeyer_2022,-0.02879721218223412,3.4453387556669917
15B,fp8_dyn,DLG4_HUMAN_Faure_2021,0.006780351317537403,19.968050432236282
15B,fp8_dyn,DLG4_RAT_McLaughlin_2012,0.0028392879349602995,13.42453595158005
15B,fp8_dyn,DN7A_SACS2_Tsuboyama_2023_1JIC,-0.0024651374440733953,7.902076837136104
15B,fp8_dyn,DNJA1_HUMAN_Tsuboyama_2023_2LO1,0.0012302140573050568,29.488841550966114
15B,fp8_dyn,DOCK1_MOUSE_Tsuboyama_2023_2M0Y,-0.0018547471893559653,19.867326461572336
15B,fp8_dyn,DYR_ECOLI_Nguyen_2023,0.003229132024237802,27.463406646311928
15B,fp8_dyn,DYR_ECOLI_Thompson_2019,-0.0009176225480680422,24.276957598560422
15B,fp8_dyn,ENVZ_ECOLI_Ghose_2023,-0.004884210197286298,9.315515322676095
15B,fp8_dyn,ENV_HV1B9_DuenasDecamp_2016,0.00749865525270621,4.459134530880909
15B,fp8_dyn,ENV_HV1BR_Haddox_2016,-0.014118000064239605,2.544636212343698
15B,fp8_dyn,EPHB2_HUMAN_Tsuboyama_2023_1F0M,0.003922968747372413,30.94410891236816
15B,fp8_dyn,ESTA_BACSU_Nutschel_2020,-0.0018275360601457957,14.315385039655913
15B,fp8_dyn,F7YBW8_MESOW_Aakre_2015,0.0026703027156053105,18.85243319770576
15B,fp8_dyn,F7YBW8_MESOW_Ding_2023,-0.011876412692997607,38.69248952371976
15B,fp8_dyn,FECA_ECOLI_Tsuboyama_2023_2D1U,-0.0027142085519155645,14.296334151634083
15B,fp8_dyn,FKBP3_HUMAN_Tsuboyama_2023_2KFV,-0.02491719730633052,6.424332159367842
15B,fp8_dyn,GAL4_YEAST_Kitzman_2015,0.0018685695388378498,16.090876563471138
15B,fp8_dyn,GCN4_YEAST_Staller_2018,0.0008464490241714973,40.24444592562265
15B,fp8_dyn,GDIA_HUMAN_Silverstein_2021,-0.0008278923654262971,12.236062267219058
15B,fp8_dyn,GFP_AEQVI_Sarkisyan_2016,-0.04645829464280418,2.6080312607856095
15B,fp8_dyn,GLPA_HUMAN_Elazar_2016,0.010069931751536199,13.89703927832008
15B,fp8_dyn,GRB2_HUMAN_Faure_2021,-0.006266590133979677,17.637650808093653
15B,fp8_dyn,HCP_LAMBD_Tsuboyama_2023_2L6Q,-0.005716132399352092,16.47042103492288
15B,fp8_dyn,HECD1_HUMAN_Tsuboyama_2023_3DKM,0.008511267664750188,15.244858974724202
15B,fp8_dyn,HEM3_HUMAN_Loggerenberg_2023,0.0005336776547730238,19.926825590320444
15B,fp8_dyn,HIS7_YEAST_Pokusaeva_2019,-0.01534024350948221,8.459554422387496
15B,fp8_dyn,HMDH_HUMAN_Jiang_2019,0.002932562429243002,11.933515208586343
15B,fp8_dyn,HSP82_YEAST_Cote-Hammarlof_2020_growth-H2O2,0.0038452485948946014,11.476151277613623
15B,fp8_dyn,HSP82_YEAST_Flynn_2019,-0.0007217435696802998,12.805029243257826
15B,fp8_dyn,HSP82_YEAST_Mishra_2016,-0.0050438166972386345,15.90228651616784
15B,fp8_dyn,HXK4_HUMAN_Gersing_2022_activity,0.0007236478753530617,12.792746617534199
15B,fp8_dyn,HXK4_HUMAN_Gersing_2023_abundance,0.00045026539256481923,12.665256751458456
15B,fp8_dyn,I6TAH8_I68A0_Doud_2015,-0.037802330761756,2.227557168127179
15B,fp8_dyn,IF1_ECOLI_Kelsic_2016,0.007100453914643201,18.709705319111965
15B,fp8_dyn,ILF3_HUMAN_Tsuboyama_2023_2L33,0.003120649526282687,12.391669512535893
15B,fp8_dyn,ISDH_STAAW_Tsuboyama_2023_2LHR,-0.0014890142623550928,14.243563887541573
15B,fp8_dyn,KCNE1_HUMAN_Muhammad_2023_expression,-0.0024630187115784047,10.965558629761977
15B,fp8_dyn,KCNE1_HUMAN_Muhammad_2023_function,0.004542266809049289,10.962651089459351
15B,fp8_dyn,KCNJ2_MOUSE_Coyote-Maestas_2022_function,-0.0003193733232892959,17.929180485098193
15B,fp8_dyn,KCNJ2_MOUSE_Coyote-Maestas_2022_surface,-0.0006825163281843905,17.983319829546762
15B,fp8_dyn,KKA2_KLEPN_Melnikov_2014,0.0009158326341284218,16.420777856316246
15B,fp8_dyn,LGK_LIPST_Klesmith_2015,-0.0013412814972441067,17.303909579658416
15B,fp8_dyn,LYAM1_HUMAN_Elazar_2016,-0.00047068385282189595,9.51018012973198
15B,fp8_dyn,MAFG_MOUSE_Tsuboyama_2023_1K1V,0.0251868150758478,8.13186364649186
15B,fp8_dyn,MBD11_ARATH_Tsuboyama_2023_6ACV,-0.0031912331137986527,13.254683908613451
15B,fp8_dyn,MET_HUMAN_Estevam_2023,0.0024106596496951127,18.339643464635984
15B,fp8_dyn,MK01_HUMAN_Brenan_2016,0.005557717952433205,14.774242196354258
15B,fp8_dyn,MLAC_ECOLI_MacRae_2023,0.0008760395999317661,16.971260190093965
15B,fp8_dyn,MSH2_HUMAN_Jia_2020,0.00494323660496368,7.884145489913557
15B,fp8_dyn,MTH3_HAEAE_RockahShmuel_2015,-0.0009151414723421736,16.950718998753405
15B,fp8_dyn,MTHR_HUMAN_Weile_2021,0.0023999009529137028,13.126755380280697
15B,fp8_dyn,MYO3_YEAST_Tsuboyama_2023_2BTT,-0.007082263043084097,12.365465449074586
15B,fp8_dyn,NCAP_I34A1_Doud_2015,-0.023429950615395212,2.451143963589143
15B,fp8_dyn,NKX31_HUMAN_Tsuboyama_2023_2L9R,-0.004038280428426688,18.84410465098557
15B,fp8_dyn,NRAM_I33A0_Jiang_2016,-0.012029064703051762,9.290749450590482
15B,fp8_dyn,NUD15_HUMAN_Suiter_2020,0.006807603397152362,13.39594077614891
15B,fp8_dyn,NUSA_ECOLI_Tsuboyama_2023_1WCL,-0.006482285591948855,23.576271523299685
15B,fp8_dyn,NUSG_MYCTU_Tsuboyama_2023_2MI6,0.009910229974250784,19.759263943848694
15B,fp8_dyn,OBSCN_HUMAN_Tsuboyama_2023_1V1C,0.007733926257763035,16.14653250755834
15B,fp8_dyn,ODP2_GEOSE_Tsuboyama_2023_1W4G,-0.0026582267644764956,19.850517366150576
15B,fp8_dyn,OPSD_HUMAN_Wan_2019,0.0006363563051391963,14.030037820872856
15B,fp8_dyn,OTC_HUMAN_Lo_2023,0.004288742407938528,14.67113390341605
15B,fp8_dyn,OTU7A_HUMAN_Tsuboyama_2023_2L2D,-0.008489700228520247,6.303860188390304
15B,fp8_dyn,OXDA_RHOTO_Vanella_2023_activity,-0.001985942888339809,14.380697705970992
15B,fp8_dyn,OXDA_RHOTO_Vanella_2023_expression,0.0011443869494517922,14.497016324756368
15B,fp8_dyn,P53_HUMAN_Giacomelli_2018_Null_Etoposide,-0.00257283700608979,18.80923093191271
15B,fp8_dyn,P53_HUMAN_Giacomelli_2018_Null_Nutlin,-0.0026257438033114866,18.80923093191271
15B,fp8_dyn,P53_HUMAN_Giacomelli_2018_WT_Nutlin,-0.0010070728273358087,18.80923093191271
15B,fp8_dyn,P53_HUMAN_Kotler_2018,0.0006973283851132717,18.230306695142495
15B,fp8_dyn,P84126_THETH_Chan_2017,0.004187787355309336,10.335252828766333
15B,fp8_dyn,PABP_YEAST_Melamed_2013,-0.0031717821922899736,16.162990616777684
15B,fp8_dyn,PAI1_HUMAN_Huttinger_2021,0.00085956876282689,10.288875880163395
15B,fp8_dyn,PA_I34A1_Wu_2015,-0.0004268878036489121,4.615916921827069
15B,fp8_dyn,PHOT_CHLRE_Chen_2023,0.00552266872386431,22.03334567044176
15B,fp8_dyn,PIN1_HUMAN_Tsuboyama_2023_1I6C,-0.009158171391021819,11.829937114607127
15B,fp8_dyn,PITX2_HUMAN_Tsuboyama_2023_2L7M,0.0008699252535386837,22.639263288529882
15B,fp8_dyn,PKN1_HUMAN_Tsuboyama_2023_1URF,0.001594210786326794,13.928392091121399
15B,fp8_dyn,POLG_DEN26_Suphatrakul_2023,-0.0028090304292834323,10.286420678476269
15B,fp8_dyn,POLG_PESV_Tsuboyama_2023_2MXD,0.0458133798619864,7.552797159202256
15B,fp8_dyn,PPARG_HUMAN_Majithia_2016,-0.001474185465394795,16.076552666046965
15B,fp8_dyn,PPM1D_HUMAN_Miller_2022,0.0018326481339973055,17.483328156379642
15B,fp8_dyn,PR40A_HUMAN_Tsuboyama_2023_1UZC,-0.009122346187634078,12.86065121146836
15B,fp8_dyn,PRKN_HUMAN_Clausen_2023,2.601154465808886e-05,15.911943245641805
15B,fp8_dyn,PSAE_PICP2_Tsuboyama_2023_1PSE,0.006131173128170908,17.076598547288516
15B,fp8_dyn,PTEN_HUMAN_Matreyek_2021,0.002833845932995127,7.657521667473573
15B,fp8_dyn,PTEN_HUMAN_Mighell_2018,0.006925924769472791,7.909824741466017
15B,fp8_dyn,Q2N0S5_9HIV1_Haddox_2018,-0.0033618530523847057,3.107044155065792
15B,fp8_dyn,Q53Z42_HUMAN_McShan_2019_binding-TAPBPR,0.0006922070847457107,10.587233033888166
15B,fp8_dyn,Q53Z42_HUMAN_McShan_2019_expression,-0.004503203762634023,10.587233033888166
15B,fp8_dyn,Q59976_STRSQ_Romero_2015,-0.0029268081251755396,16.27843240445814
15B,fp8_dyn,Q6WV12_9MAXI_Somermeyer_2022,-0.0012715433522391996,2.6772369309944457
15B,fp8_dyn,Q837P4_ENTFA_Meier_2023,-0.0019035305131347435,18.409594301510754
15B,fp8_dyn,Q837P5_ENTFA_Meier_2023,0.0042795122205797065,16.474057130944697
15B,fp8_dyn,Q8WTC7_9CNID_Somermeyer_2022,-0.016514049570832797,3.3293440443537357
15B,fp8_dyn,R1AB_SARS2_Flynn_2022,-0.004215860337521193,7.656816600823293
15B,fp8_dyn,RAD_ANTMA_Tsuboyama_2023_2CJJ,-0.009309542444919328,22.569823553932075
15B,fp8_dyn,RAF1_HUMAN_Zinkus-Boltz_2019,0.012976097177839985,11.525077834621905
15B,fp8_dyn,RASH_HUMAN_Bandaru_2017,0.005562691628387573,13.151686268641475
15B,fp8_dyn,RASK_HUMAN_Weng_2022_abundance,-0.010237884022403304,13.209306475044993
15B,fp8_dyn,RASK_HUMAN_Weng_2022_binding-DARPin_K55,-0.0033973254013712206,13.308060257261575
15B,fp8_dyn,RBP1_HUMAN_Tsuboyama_2023_2KWH,-0.003235594781401785,8.930338577389303
15B,fp8_dyn,RCD1_ARATH_Tsuboyama_2023_5OAO,0.007572788210645609,15.644183406431843
15B,fp8_dyn,RCRO_LAMBD_Tsuboyama_2023_1ORC,-0.002640177048302439,22.320856274749577
15B,fp8_dyn,RD23A_HUMAN_Tsuboyama_2023_1IFY,0.002930974586789703,19.15296874159179
15B,fp8_dyn,RDRP_I33A0_Li_2023,-0.0019630065390949247,7.972355684139986
15B,fp8_dyn,REV_HV1H2_Fernandes_2016,0.0027441616194883167,12.401148863205105
15B,fp8_dyn,RFAH_ECOLI_Tsuboyama_2023_2LCL,0.0006350809632990062,17.775731907258923
15B,fp8_dyn,RL20_AQUAE_Tsuboyama_2023_1GYZ,0.0029505727420029437,27.15993855964324
15B,fp8_dyn,RL40A_YEAST_Mavor_2016,-0.00737093128118671,13.186716724219
15B,fp8_dyn,RL40A_YEAST_Roscoe_2013,-0.007996070693441437,12.857806039956758
15B,fp8_dyn,RL40A_YEAST_Roscoe_2014,-0.001602606647808702,13.453220544411662
15B,fp8_dyn,RNC_ECOLI_Weeks_2023,0.0028207131113882067,16.515108050626054
15B,fp8_dyn,RPC1_BP434_Tsuboyama_2023_1R69,0.002092053603266586,33.95059468030245
15B,fp8_dyn,RPC1_LAMBD_Li_2019_high-expression,0.003118029359009178,10.109504860568629
15B,fp8_dyn,RPC1_LAMBD_Li_2019_low-expression,-0.004118533485677922,10.109504860568629
15B,fp8_dyn,RS15_GEOSE_Tsuboyama_2023_1A32,-0.0006755736507318977,19.145450296740044
15B,fp8_dyn,S22A1_HUMAN_Yee_2023_abundance,0.005968291815358406,14.181780466910467
15B,fp8_dyn,S22A1_HUMAN_Yee_2023_activity,0.005026874745842624,14.230785870465622
15B,fp8_dyn,SAV1_MOUSE_Tsuboyama_2023_2YSB,-0.0034896306775165087,12.669065796348024
15B,fp8_dyn,SBI_STAAM_Tsuboyama_2023_2JVG,0.00015738650361979412,9.873772291214886
15B,fp8_dyn,SC6A4_HUMAN_Young_2021,0.0029453384099483726,16.347317967923313
15B,fp8_dyn,SCIN_STAAR_Tsuboyama_2023_2QFF,0.014578183374508669,14.333746976798615
15B,fp8_dyn,SDA_BACSU_Tsuboyama_2023_1PV0,0.008023442078731291,34.8300446656679
15B,fp8_dyn,SERC_HUMAN_Xie_2023,0.0009484684570132407,16.98577374729862
15B,fp8_dyn,SHOC2_HUMAN_Kwon_2022,0.012975142430483921,7.170852143294226
15B,fp8_dyn,SOX30_HUMAN_Tsuboyama_2023_7JJK,0.003092738121613814,10.541394499671359
15B,fp8_dyn,SPA_STAAU_Tsuboyama_2023_1LP1,0.0294751023934188,8.578346732338465
15B,fp8_dyn,SPG1_STRSG_Olson_2014,0.00909709586037788,16.91667124570846
15B,fp8_dyn,SPG1_STRSG_Wu_2016,-0.005400395741896602,15.863520283295733
15B,fp8_dyn,SPG2_STRSG_Tsuboyama_2023_5UBS,0.005483912583076678,18.739705841673114
15B,fp8_dyn,SPTN1_CHICK_Tsuboyama_2023_1TUD,0.010379491408676,10.341368437672482
15B,fp8_dyn,SQSTM_MOUSE_Tsuboyama_2023_2RRU,0.01926784725003905,8.193138708983549
15B,fp8_dyn,SR43C_ARATH_Tsuboyama_2023_2N88,-0.006290333147288996,21.285023569414445
15B,fp8_dyn,SRBS1_HUMAN_Tsuboyama_2023_2O2W,0.005395988193769963,14.172013047042608
15B,fp8_dyn,SRC_HUMAN_Ahler_2019,0.0022321395120842857,13.656067268846495
15B,fp8_dyn,SRC_HUMAN_Chakraborty_2023_binding-DAS_25uM,0.005065496923826296,13.926381852752334
15B,fp8_dyn,SRC_HUMAN_Nguyen_2022,-0.0005973142821769639,13.655654027323115
15B,fp8_dyn,SUMO1_HUMAN_Weile_2017,0.009088343728164805,10.289673346225351
15B,fp8_dyn,SYUA_HUMAN_Newberry_2020,0.0017226987378942127,11.02348523363886
15B,fp8_dyn,TADBP_HUMAN_Bolognesi_2019,0.003865477472107297,7.750406412454026
15B,fp8_dyn,TAT_HV1BR_Fernandes_2016,0.002454595395014303,4.743404216197495
15B,fp8_dyn,TCRG1_MOUSE_Tsuboyama_2023_1E0L,-0.0053368949247839526,12.078045984582646
15B,fp8_dyn,THO1_YEAST_Tsuboyama_2023_2WQG,0.0036282883215688067,11.60829084204798
15B,fp8_dyn,TNKS2_HUMAN_Tsuboyama_2023_5JRT,-0.003914640452923002,28.250901170667543
15B,fp8_dyn,TPK1_HUMAN_Weile_2017,-0.0015322822557261029,13.38112860669212
15B,fp8_dyn,TPMT_HUMAN_Matreyek_2018,0.002560330800082833,13.018868126028595
15B,fp8_dyn,TPOR_HUMAN_Bridgford_2020,-0.010536908168554127,9.374823824426278
15B,fp8_dyn,TRPC_SACS2_Chan_2017,0.0005181670327948362,19.098030193860698
15B,fp8_dyn,TRPC_THEMA_Chan_2017,-0.0051664975283475245,20.417613185039084
15B,fp8_dyn,UBC9_HUMAN_Weile_2017,-0.0003235339589710007,14.134564068053312
15B,fp8_dyn,UBE4B_HUMAN_Tsuboyama_2023_3L1X,0.0010847239881798254,18.869093742102546
15B,fp8_dyn,UBR5_HUMAN_Tsuboyama_2023_1I2T,-1.6721688222975928e-07,15.098785980224529
15B,fp8_dyn,VG08_BPP22_Tsuboyama_2023_2GP8,0.0002461610221085042,20.616614083156986
15B,fp8_dyn,VILI_CHICK_Tsuboyama_2023_1YU5,0.011826089375280346,20.684020479922225
15B,fp8_dyn,VKOR1_HUMAN_Chiasson_2020_abundance,-0.001273306582934508,15.504345089601571
15B,fp8_dyn,VKOR1_HUMAN_Chiasson_2020_activity,0.00039811986761500995,16.982117515256093
15B,fp8_dyn,VRPI_BPT7_Tsuboyama_2023_2WNM,0.0019214036857800876,13.56367296830151
15B,fp8_dyn,YAIA_ECOLI_Tsuboyama_2023_2KVT,-0.006061422124414295,12.859579076018667
15B,fp8_dyn,YAP1_HUMAN_Araya_2012,-0.0011200509942654868,9.419243209614644
15B,fp8_dyn,YNZC_BACSU_Tsuboyama_2023_2JVD,-0.0009702287592278092,18.7693521689724
15B,int8_dyn,A0A192B1T2_9HIV1_Haddox_2018,-0.00014014245088850297,3.5938812918453436
15B,int8_dyn,A0A1I9GEU1_NEIME_Kennouche_2019,0.001150136313869999,12.818087794404914
15B,int8_dyn,A0A247D711_LISMN_Stadelmann_2021,0.003459919195295799,12.278811955869052
15B,int8_dyn,A0A2Z5U3Z0_9INFA_Doud_2016,0.0007782749233100628,10.08645246013223
15B,int8_dyn,A0A2Z5U3Z0_9INFA_Wu_2014,-0.0020888703648050955,9.253803112714449
15B,int8_dyn,A4D664_9INFA_Soh_2019,-0.014512944780481596,4.008508596344906
15B,int8_dyn,A4GRB6_PSEAI_Chen_2020,0.0059800684573013685,11.082085628384545
15B,int8_dyn,A4_HUMAN_Seuma_2022,-0.002393736432043214,4.984655175800814
15B,int8_dyn,AACC1_PSEAI_Dandage_2018,-0.004109629223367439,13.32358341379233
15B,int8_dyn,ACE2_HUMAN_Chan_2020,0.005663775413231903,12.37616555655524
15B,int8_dyn,ADRB2_HUMAN_Jones_2020,-0.00021766563925107452,15.687783038878475
15B,int8_dyn,AICDA_HUMAN_Gajula_2014_3cycles,0.03140531829390192,10.12686607991275
15B,int8_dyn,AMFR_HUMAN_Tsuboyama_2023_4G3O,-0.004626504630153849,28.17495088078737
15B,int8_dyn,AMIE_PSEAE_Wrenbeck_2017,0.0036551553434058803,7.216864185679518
15B,int8_dyn,ANCSZ_Hobbs_2022,-0.0017996073021467884,17.9594841729584
15B,int8_dyn,ARGR_ECOLI_Tsuboyama_2023_1AOY,0.002534041836549039,8.496122399622143
15B,int8_dyn,B2L11_HUMAN_Dutta_2010_binding-Mcl-1,0.004334402811841942,11.118372891463205
15B,int8_dyn,BBC1_YEAST_Tsuboyama_2023_1TG0,0.008256966302967073,21.874042047666236
15B,int8_dyn,BCHB_CHLTE_Tsuboyama_2023_2KRU,0.0019879502526277126,12.074200639548284
15B,int8_dyn,BLAT_ECOLX_Deng_2012,0.017914713265357707,6.877346733465859
15B,int8_dyn,BLAT_ECOLX_Firnberg_2014,0.01851930862006751,6.896491510153052
15B,int8_dyn,BLAT_ECOLX_Jacquier_2013,0.014572736910117401,6.119157764310872
15B,int8_dyn,BLAT_ECOLX_Stiffler_2015,0.018067241728043193,6.877346733465859
15B,int8_dyn,C6KNH7_9INFA_Lee_2018,-0.003729995086760529,6.602706434504643
15B,int8_dyn,CALM1_HUMAN_Weile_2017,0.0028672149920934975,8.107771011664953
15B,int8_dyn,CAPSD_AAV2S_Sinai_2021,-0.049941329013046,4.31660349303919
15B,int8_dyn,CASP3_HUMAN_Roychowdhury_2020,0.014682281989131907,7.431021113414379
15B,int8_dyn,CASP7_HUMAN_Roychowdhury_2020,0.00017348472548051053,9.676967309822878
15B,int8_dyn,CATR_CHLRE_Tsuboyama_2023_2AMI,0.004321570630910654,22.419487286947493
15B,int8_dyn,CBPA2_HUMAN_Tsuboyama_2023_1O6X,0.0014672376411706267,20.88267503495856
15B,int8_dyn,CBS_HUMAN_Sun_2020,0.0032772614810488987,12.552578796922267
15B,int8_dyn,CBX4_HUMAN_Tsuboyama_2023_2K28,-0.01473181188163919,16.8643992907413
15B,int8_dyn,CCDB_ECOLI_Adkar_2012,0.015789117031979882,6.673107697427822
15B,int8_dyn,CCDB_ECOLI_Tripathi_2016,0.008496539840238904,7.037063363118725
15B,int8_dyn,CCR5_HUMAN_Gill_2023,-0.0013451125362887728,14.403619839465572
15B,int8_dyn,CD19_HUMAN_Klesmith_2019_FMC_singles,-0.0030449663138026883,5.6533643751253955
15B,int8_dyn,CP2C9_HUMAN_Amorosi_2021_abundance,0.0008696829135088624,13.48769096931512
15B,int8_dyn,CP2C9_HUMAN_Amorosi_2021_activity,0.0022235618109242017,13.544268916215769
15B,int8_dyn,CSN4_MOUSE_Tsuboyama_2023_1UFM,0.0014349114919920969,24.389938734314935
15B,int8_dyn,CUE1_YEAST_Tsuboyama_2023_2MYX,0.00588482284979891,18.875708138479077
15B,int8_dyn,D7PM05_CLYGR_Somermeyer_2022,-0.034181356407104416,3.6385701188761033
15B,int8_dyn,DLG4_HUMAN_Faure_2021,0.00510196453295958,13.515508893873617
15B,int8_dyn,DLG4_RAT_McLaughlin_2012,0.01164735765464009,9.0443379057725
15B,int8_dyn,DN7A_SACS2_Tsuboyama_2023_1JIC,0.003892178319637285,6.097950990377863
15B,int8_dyn,DNJA1_HUMAN_Tsuboyama_2023_2LO1,0.0053852454472360645,22.083107225221863
15B,int8_dyn,DOCK1_MOUSE_Tsuboyama_2023_2M0Y,-0.00857329021959774,22.519020386623005
15B,int8_dyn,DYR_ECOLI_Nguyen_2023,0.0023660087536423458,24.883165101689958
15B,int8_dyn,DYR_ECOLI_Thompson_2019,0.0009651832111213787,22.616520218959593
15B,int8_dyn,ENVZ_ECOLI_Ghose_2023,0.006646405247057702,8.238998452590057
15B,int8_dyn,ENV_HV1B9_DuenasDecamp_2016,-0.02008401591422769,4.08946595475781
15B,int8_dyn,ENV_HV1BR_Haddox_2016,-0.0096439069726596,2.812466137608162
15B,int8_dyn,EPHB2_HUMAN_Tsuboyama_2023_1F0M,-0.0004140161754146998,30.95670156709857
15B,int8_dyn,ESTA_BACSU_Nutschel_2020,0.0025477728203811,12.662599103702002
15B,int8_dyn,F7YBW8_MESOW_Aakre_2015,0.0027570240719734795,20.29432890121372
15B,int8_dyn,F7YBW8_MESOW_Ding_2023,-0.004106747521028409,51.50148423837358
15B,int8_dyn,FECA_ECOLI_Tsuboyama_2023_2D1U,0.004551936474675611,10.559523668526776
15B,int8_dyn,FKBP3_HUMAN_Tsuboyama_2023_2KFV,-0.01780405279676811,4.833940569619536
15B,int8_dyn,GAL4_YEAST_Kitzman_2015,0.003095171043231204,17.257392636565964
15B,int8_dyn,GCN4_YEAST_Staller_2018,0.0006317323235777994,35.2666144456444
15B,int8_dyn,GDIA_HUMAN_Silverstein_2021,0.004538485742453968,9.272301848602208
15B,int8_dyn,GFP_AEQVI_Sarkisyan_2016,-0.11123429700302528,1.6119972828476912
15B,int8_dyn,GLPA_HUMAN_Elazar_2016,0.0031250086588373027,9.909075095997316
15B,int8_dyn,GRB2_HUMAN_Faure_2021,-0.004499896837809603,15.060173221720492
15B,int8_dyn,HCP_LAMBD_Tsuboyama_2023_2L6Q,-0.027005104295378946,11.552412494472941
15B,int8_dyn,HECD1_HUMAN_Tsuboyama_2023_3DKM,0.01559085995261722,17.68555402428955
15B,int8_dyn,HEM3_HUMAN_Loggerenberg_2023,-0.0007441736186444836,17.556088295510115
15B,int8_dyn,HIS7_YEAST_Pokusaeva_2019,-0.02755519031927367,6.761193960806658
15B,int8_dyn,HMDH_HUMAN_Jiang_2019,0.0006795583743530731,9.59590330099341
15B,int8_dyn,HSP82_YEAST_Cote-Hammarlof_2020_growth-H2O2,0.00030838506798752663,10.704201968489732
15B,int8_dyn,HSP82_YEAST_Flynn_2019,0.0005069013858045035,11.604218220871486
15B,int8_dyn,HSP82_YEAST_Mishra_2016,1.3809993615276905e-05,13.465966204600637
15B,int8_dyn,HXK4_HUMAN_Gersing_2022_activity,0.0049816368752022555,11.937310569452501
15B,int8_dyn,HXK4_HUMAN_Gersing_2023_abundance,-0.0018264412453514178,11.99607232903371
15B,int8_dyn,I6TAH8_I68A0_Doud_2015,-0.0326908076252284,1.833172879176934
15B,int8_dyn,IF1_ECOLI_Kelsic_2016,0.000707915556546812,17.36023523962132
15B,int8_dyn,ILF3_HUMAN_Tsuboyama_2023_2L33,-0.0074887642746462035,8.965316197162336
15B,int8_dyn,ISDH_STAAW_Tsuboyama_2023_2LHR,0.008211604915874193,14.147783919734664
15B,int8_dyn,KCNE1_HUMAN_Muhammad_2023_expression,0.007721754380296389,8.338730503469014
15B,int8_dyn,KCNE1_HUMAN_Muhammad_2023_function,-0.013496857543229324,8.32768878973535
15B,int8_dyn,KCNJ2_MOUSE_Coyote-Maestas_2022_function,-0.002969873853575722,12.386928700668495
15B,int8_dyn,KCNJ2_MOUSE_Coyote-Maestas_2022_surface,-0.004667593551964999,12.358736265667051
15B,int8_dyn,KKA2_KLEPN_Melnikov_2014,-0.0013395092931564045,13.535809681689225
15B,int8_dyn,LGK_LIPST_Klesmith_2015,-0.0018157334092303579,14.58348358420523
15B,int8_dyn,LYAM1_HUMAN_Elazar_2016,-0.006129350157910662,10.187926786411394
15B,int8_dyn,MAFG_MOUSE_Tsuboyama_2023_1K1V,0.02206389810981413,6.377868458099722
15B,int8_dyn,MBD11_ARATH_Tsuboyama_2023_6ACV,-0.012985635354062275,13.565694950917798
15B,int8_dyn,MET_HUMAN_Estevam_2023,0.004498426767819641,15.459405012904556
15B,int8_dyn,MK01_HUMAN_Brenan_2016,0.0029050782100709938,12.996129477538975
15B,int8_dyn,MLAC_ECOLI_MacRae_2023,-0.001336427008418517,16.435991572575286
15B,int8_dyn,MSH2_HUMAN_Jia_2020,0.006216277084926003,6.651786042134558
15B,int8_dyn,MTH3_HAEAE_RockahShmuel_2015,-0.0019560270773691935,17.333946765744958
15B,int8_dyn,MTHR_HUMAN_Weile_2021,0.0022834894932122762,11.118265060599931
15B,int8_dyn,MYO3_YEAST_Tsuboyama_2023_2BTT,-0.0409214062949772,8.24898740820129
15B,int8_dyn,NCAP_I34A1_Doud_2015,-0.0306256170981207,1.8171595007498922
15B,int8_dyn,NKX31_HUMAN_Tsuboyama_2023_2L9R,4.9318495090378e-05,20.301486169079773
15B,int8_dyn,NRAM_I33A0_Jiang_2016,0.000312568983279804,6.31627903171435
15B,int8_dyn,NUD15_HUMAN_Suiter_2020,0.009365771610016838,13.195719485972944
15B,int8_dyn,NUSA_ECOLI_Tsuboyama_2023_1WCL,0.009001005225181546,18.49418847209977
15B,int8_dyn,NUSG_MYCTU_Tsuboyama_2023_2MI6,0.0052694010399344515,13.206963861222187
15B,int8_dyn,OBSCN_HUMAN_Tsuboyama_2023_1V1C,-0.005763276715719079,10.572447160460424
15B,int8_dyn,ODP2_GEOSE_Tsuboyama_2023_1W4G,-0.0060338374880183065,17.45230222270966
15B,int8_dyn,OPSD_HUMAN_Wan_2019,-0.008419568087428386,10.965663056032405
15B,int8_dyn,OTC_HUMAN_Lo_2023,-0.0002825393738541404,14.911004731368795
15B,int8_dyn,OTU7A_HUMAN_Tsuboyama_2023_2L2D,-0.02977609653771429,5.201034026398297
15B,int8_dyn,OXDA_RHOTO_Vanella_2023_activity,-0.00014625276096041917,13.209199316035011
15B,int8_dyn,OXDA_RHOTO_Vanella_2023_expression,0.0064412011792441826,13.386759541769528
15B,int8_dyn,P53_HUMAN_Giacomelli_2018_Null_Etoposide,-0.003317211366967332,16.541675459754096
15B,int8_dyn,P53_HUMAN_Giacomelli_2018_Null_Nutlin,-0.00369959895631361,16.541675459754096
15B,int8_dyn,P53_HUMAN_Giacomelli_2018_WT_Nutlin,-0.003563018010795338,16.541675459754096
15B,int8_dyn,P53_HUMAN_Kotler_2018,0.0013449030480672253,15.863909048025675
15B,int8_dyn,P84126_THETH_Chan_2017,-0.0006413846263190193,11.944299690167421
15B,int8_dyn,PABP_YEAST_Melamed_2013,-0.010885867832146734,13.962682398948036
15B,int8_dyn,PAI1_HUMAN_Huttinger_2021,0.007718482259134685,8.539794986231813
15B,int8_dyn,PA_I34A1_Wu_2015,-0.004345843833007512,3.5856321486741964
15B,int8_dyn,PHOT_CHLRE_Chen_2023,0.009053001606623035,18.432170882985808
15B,int8_dyn,PIN1_HUMAN_Tsuboyama_2023_1I6C,-0.013962550734238355,12.06478970179375
15B,int8_dyn,PITX2_HUMAN_Tsuboyama_2023_2L7M,0.007212380540377872,20.680851580853535
15B,int8_dyn,PKN1_HUMAN_Tsuboyama_2023_1URF,0.0024918620083212994,13.840290040422483
15B,int8_dyn,POLG_DEN26_Suphatrakul_2023,-0.00013957348499793465,8.069590284582171
15B,int8_dyn,POLG_PESV_Tsuboyama_2023_2MXD,0.066621264542351,5.324028318347453
15B,int8_dyn,PPARG_HUMAN_Majithia_2016,-0.0016513793996283388,14.04969888419804
15B,int8_dyn,PPM1D_HUMAN_Miller_2022,0.0012975123948345546,14.07667665641626
15B,int8_dyn,PR40A_HUMAN_Tsuboyama_2023_1UZC,-0.004961737901547081,12.20209935953332
15B,int8_dyn,PRKN_HUMAN_Clausen_2023,0.0006103256245766353,14.382722307204947
15B,int8_dyn,PSAE_PICP2_Tsuboyama_2023_1PSE,0.0016947181175531734,17.039495984865273
15B,int8_dyn,PTEN_HUMAN_Matreyek_2021,0.006805639130052998,7.268729740535976
15B,int8_dyn,PTEN_HUMAN_Mighell_2018,0.00829345469045667,6.976855225947062
15B,int8_dyn,Q2N0S5_9HIV1_Haddox_2018,-0.0042455022666105235,3.282186441295145
15B,int8_dyn,Q53Z42_HUMAN_McShan_2019_binding-TAPBPR,-0.0036984340046208874,9.954352024757771
15B,int8_dyn,Q53Z42_HUMAN_McShan_2019_expression,-0.005509942663844414,9.954352024757771
15B,int8_dyn,Q59976_STRSQ_Romero_2015,0.0011561982563793594,13.902205368305331
15B,int8_dyn,Q6WV12_9MAXI_Somermeyer_2022,-0.005115664132459799,2.930127009394065
15B,int8_dyn,Q837P4_ENTFA_Meier_2023,-0.00793530917214924,15.484547523264885
15B,int8_dyn,Q837P5_ENTFA_Meier_2023,-0.012508841858386577,14.762976424564247
15B,int8_dyn,Q8WTC7_9CNID_Somermeyer_2022,-0.0500780702513009,1.6470039043663383
15B,int8_dyn,R1AB_SARS2_Flynn_2022,-0.010796841847130478,5.170032874132109
15B,int8_dyn,RAD_ANTMA_Tsuboyama_2023_2CJJ,-0.0036482849040118115,20.316968568461
15B,int8_dyn,RAF1_HUMAN_Zinkus-Boltz_2019,0.004481409301319683,9.515388482609561
15B,int8_dyn,RASH_HUMAN_Bandaru_2017,-0.002056643332302821,13.435442768298731
15B,int8_dyn,RASK_HUMAN_Weng_2022_abundance,0.0055981626638073045,14.70267042908673
15B,int8_dyn,RASK_HUMAN_Weng_2022_binding-DARPin_K55,0.008941760787203101,14.806250492216696
15B,int8_dyn,RBP1_HUMAN_Tsuboyama_2023_2KWH,-0.007379681225898882,5.206893520760831
15B,int8_dyn,RCD1_ARATH_Tsuboyama_2023_5OAO,0.0032582704879893787,20.531641313836147
15B,int8_dyn,RCRO_LAMBD_Tsuboyama_2023_1ORC,0.011317278889636073,20.368990181448247
15B,int8_dyn,RD23A_HUMAN_Tsuboyama_2023_1IFY,0.003762768860630983,13.1978664635061
15B,int8_dyn,RDRP_I33A0_Li_2023,-0.0019390635422473212,6.163135799211779
15B,int8_dyn,REV_HV1H2_Fernandes_2016,0.006483464135476902,10.369832963274526
15B,int8_dyn,RFAH_ECOLI_Tsuboyama_2023_2LCL,-0.0003945616825016818,13.025896392610205
15B,int8_dyn,RL20_AQUAE_Tsuboyama_2023_1GYZ,0.0019100800649505256,30.630911834719527
15B,int8_dyn,RL40A_YEAST_Mavor_2016,-0.0007729667441399579,11.220391511645035
15B,int8_dyn,RL40A_YEAST_Roscoe_2013,0.0016209100274396926,11.044858671002679
15B,int8_dyn,RL40A_YEAST_Roscoe_2014,0.0046558721771112754,11.438708402760568
15B,int8_dyn,RNC_ECOLI_Weeks_2023,0.0015108389851267168,15.975215835700004
15B,int8_dyn,RPC1_BP434_Tsuboyama_2023_1R69,-0.005256910529955694,22.873542607918115
15B,int8_dyn,RPC1_LAMBD_Li_2019_high-expression,0.014454733621866223,11.494961208026746
15B,int8_dyn,RPC1_LAMBD_Li_2019_low-expression,0.008279426499859133,11.494961208026746
15B,int8_dyn,RS15_GEOSE_Tsuboyama_2023_1A32,-0.0034322701065767625,17.92292651891333
15B,int8_dyn,S22A1_HUMAN_Yee_2023_abundance,0.00292920337032776,10.886951569761127
15B,int8_dyn,S22A1_HUMAN_Yee_2023_activity,0.004376058480392797,10.990613677067902
15B,int8_dyn,SAV1_MOUSE_Tsuboyama_2023_2YSB,-0.00273623359098768,13.382668447442851
15B,int8_dyn,SBI_STAAM_Tsuboyama_2023_2JVG,0.014150544147576605,9.269443658535264
15B,int8_dyn,SC6A4_HUMAN_Young_2021,0.0024912941761372487,13.865054824470601
15B,int8_dyn,SCIN_STAAR_Tsuboyama_2023_2QFF,0.01170497495612538,11.704426261415367
15B,int8_dyn,SDA_BACSU_Tsuboyama_2023_1PV0,-0.0032383589949894764,34.85227637122565
15B,int8_dyn,SERC_HUMAN_Xie_2023,0.00377294388742766,10.882148001820735
15B,int8_dyn,SHOC2_HUMAN_Kwon_2022,0.01425241234308433,6.705838719276397
15B,int8_dyn,SOX30_HUMAN_Tsuboyama_2023_7JJK,0.0021504262137261865,10.701392919440483
15B,int8_dyn,SPA_STAAU_Tsuboyama_2023_1LP1,0.022282501420320004,7.367824463134859
15B,int8_dyn,SPG1_STRSG_Olson_2014,0.018426445073073505,14.334459297948776
15B,int8_dyn,SPG1_STRSG_Wu_2016,-0.0015083303216803234,18.557191286674097
15B,int8_dyn,SPG2_STRSG_Tsuboyama_2023_5UBS,0.01592249496980369,13.259309618050542
15B,int8_dyn,SPTN1_CHICK_Tsuboyama_2023_1TUD,0.003180653232880415,14.529630916562091
15B,int8_dyn,SQSTM_MOUSE_Tsuboyama_2023_2RRU,-0.004790418232804461,8.37150863704826
15B,int8_dyn,SR43C_ARATH_Tsuboyama_2023_2N88,0.0036697886852609107,17.593631744343032
15B,int8_dyn,SRBS1_HUMAN_Tsuboyama_2023_2O2W,0.008468569023029393,15.024876042993524
15B,int8_dyn,SRC_HUMAN_Ahler_2019,0.012722927212715729,10.682352104799888
15B,int8_dyn,SRC_HUMAN_Chakraborty_2023_binding-DAS_25uM,0.010346282816640129,10.810378641920336
15B,int8_dyn,SRC_HUMAN_Nguyen_2022,0.009045717282077037,10.694476492999247
15B,int8_dyn,SUMO1_HUMAN_Weile_2017,0.003219404548879201,10.867515237996088
15B,int8_dyn,SYUA_HUMAN_Newberry_2020,0.006937913092877418,10.9574854530395
15B,int8_dyn,TADBP_HUMAN_Bolognesi_2019,0.008229869613858597,7.458928076660816
15B,int8_dyn,TAT_HV1BR_Fernandes_2016,0.007563611800986601,4.3839837565114115
15B,int8_dyn,TCRG1_MOUSE_Tsuboyama_2023_1E0L,-0.009065537242575084,12.976919000825491
15B,int8_dyn,THO1_YEAST_Tsuboyama_2023_2WQG,0.015493177674198666,10.414928672331028
15B,int8_dyn,TNKS2_HUMAN_Tsuboyama_2023_5JRT,0.0003221357586278284,28.825557762548826
15B,int8_dyn,TPK1_HUMAN_Weile_2017,-0.002882195083683703,12.534048640209011
15B,int8_dyn,TPMT_HUMAN_Matreyek_2018,0.008566698275768392,12.499162215895137
15B,int8_dyn,TPOR_HUMAN_Bridgford_2020,-0.010228252664961301,9.50930111261342
15B,int8_dyn,TRPC_SACS2_Chan_2017,-0.0025920732252959766,17.526207929430456
15B,int8_dyn,TRPC_THEMA_Chan_2017,-0.004873421701367897,17.693307389007938
15B,int8_dyn,UBC9_HUMAN_Weile_2017,0.0021102429863929517,13.38446314458806
15B,int8_dyn,UBE4B_HUMAN_Tsuboyama_2023_3L1X,-0.00015494588513847996,17.587591854200323
15B,int8_dyn,UBR5_HUMAN_Tsuboyama_2023_1I2T,-0.0052721499522433435,10.859918255049958
15B,int8_dyn,VG08_BPP22_Tsuboyama_2023_2GP8,0.002957054688767946,16.377139011706113
15B,int8_dyn,VILI_CHICK_Tsuboyama_2023_1YU5,-0.0017340559439213976,21.51209621822538
15B,int8_dyn,VKOR1_HUMAN_Chiasson_2020_abundance,0.003886982298983599,15.115595210885916
15B,int8_dyn,VKOR1_HUMAN_Chiasson_2020_activity,0.001831292721362121,17.405468845609594
15B,int8_dyn,VRPI_BPT7_Tsuboyama_2023_2WNM,-0.0015772820937869914,9.098710560647403
15B,int8_dyn,YAIA_ECOLI_Tsuboyama_2023_2KVT,-0.0006562615207691413,19.163098784019425
15B,int8_dyn,YAP1_HUMAN_Araya_2012,0.022937049770678397,7.729125249146502
15B,int8_dyn,YNZC_BACSU_Tsuboyama_2023_2JVD,-0.0012972642985598082,24.994790533701902
15B,int4_wo,A0A192B1T2_9HIV1_Haddox_2018,-0.010964105544540498,3.8361399576102784
15B,int4_wo,A0A1I9GEU1_NEIME_Kennouche_2019,0.003773619482737599,9.076453640991502
15B,int4_wo,A0A247D711_LISMN_Stadelmann_2021,-0.012821891869141094,9.450128337164603
15B,int4_wo,A0A2Z5U3Z0_9INFA_Doud_2016,0.006190263767876347,7.6565109924869965
15B,int4_wo,A0A2Z5U3Z0_9INFA_Wu_2014,-0.0038890519785617084,7.254485403873579
15B,int4_wo,A4D664_9INFA_Soh_2019,-0.007653517830853995,4.908253082317469
15B,int4_wo,A4GRB6_PSEAI_Chen_2020,-0.0020684044100107712,6.848331352067011
15B,int4_wo,A4_HUMAN_Seuma_2022,0.008633402034627813,5.471831481798681
15B,int4_wo,AACC1_PSEAI_Dandage_2018,-0.006607257348690387,10.39974989422384
15B,int4_wo,ACE2_HUMAN_Chan_2020,0.007050268539286891,8.82203287296216
15B,int4_wo,ADRB2_HUMAN_Jones_2020,0.000707549412486741,12.332154860723774
15B,int4_wo,AICDA_HUMAN_Gajula_2014_3cycles,-0.025357760500949567,6.440337500388875
15B,int4_wo,AMFR_HUMAN_Tsuboyama_2023_4G3O,-0.026714365020153424,9.487139473946174
15B,int4_wo,AMIE_PSEAE_Wrenbeck_2017,-0.003895594040896788,5.956149534991896
15B,int4_wo,ANCSZ_Hobbs_2022,-0.0006139550112008729,10.668222011724781
15B,int4_wo,ARGR_ECOLI_Tsuboyama_2023_1AOY,-0.0054678755199013,5.420163948812005
15B,int4_wo,B2L11_HUMAN_Dutta_2010_binding-Mcl-1,0.02566046127117122,8.932002192140397
15B,int4_wo,BBC1_YEAST_Tsuboyama_2023_1TG0,0.01746503724365206,10.327173534995904
15B,int4_wo,BCHB_CHLTE_Tsuboyama_2023_2KRU,0.06741294807351411,4.950537065323608
15B,int4_wo,BLAT_ECOLX_Deng_2012,0.012441574154800517,4.9009406110244145
15B,int4_wo,BLAT_ECOLX_Firnberg_2014,0.016550550562139388,4.907216782591715
15B,int4_wo,BLAT_ECOLX_Jacquier_2013,0.02156962337067647,4.282614326898816
15B,int4_wo,BLAT_ECOLX_Stiffler_2015,0.021423059059917315,4.9009406110244145
15B,int4_wo,C6KNH7_9INFA_Lee_2018,0.0034714210100739717,5.7411735407746995
15B,int4_wo,CALM1_HUMAN_Weile_2017,-0.009835034164164091,6.423379370548395
15B,int4_wo,CAPSD_AAV2S_Sinai_2021,0.08804126161008531,4.3675694213808915
15B,int4_wo,CASP3_HUMAN_Roychowdhury_2020,0.016779654312947145,5.180238260618071
15B,int4_wo,CASP7_HUMAN_Roychowdhury_2020,0.011755169134608723,6.191762766721381
15B,int4_wo,CATR_CHLRE_Tsuboyama_2023_2AMI,-0.012182264448102997,11.762156247519801
15B,int4_wo,CBPA2_HUMAN_Tsuboyama_2023_1O6X,0.006491535709695517,12.249222147062873
15B,int4_wo,CBS_HUMAN_Sun_2020,-0.0033131010384077064,8.455279006423165
15B,int4_wo,CBX4_HUMAN_Tsuboyama_2023_2K28,-0.005425224430433251,11.97099009564493
15B,int4_wo,CCDB_ECOLI_Adkar_2012,0.012964108961358134,4.367621913703058
15B,int4_wo,CCDB_ECOLI_Tripathi_2016,0.010675039391041363,4.492743852409432
15B,int4_wo,CCR5_HUMAN_Gill_2023,0.002198439044730216,9.584890018444943
15B,int4_wo,CD19_HUMAN_Klesmith_2019_FMC_singles,-0.004684144675769192,4.01291980318135
15B,int4_wo,CP2C9_HUMAN_Amorosi_2021_abundance,-0.003819477952595962,9.134305773840385
15B,int4_wo,CP2C9_HUMAN_Amorosi_2021_activity,0.00015878061276886068,8.971992289546096
15B,int4_wo,CSN4_MOUSE_Tsuboyama_2023_1UFM,-0.007485824195872293,9.762053230752574
15B,int4_wo,CUE1_YEAST_Tsuboyama_2023_2MYX,-0.002492155281811792,10.972701017123349
15B,int4_wo,D7PM05_CLYGR_Somermeyer_2022,-0.02150588838488071,3.568295661075333
15B,int4_wo,DLG4_HUMAN_Faure_2021,-0.017207592604363386,9.275825573395236
15B,int4_wo,DLG4_RAT_McLaughlin_2012,-0.016833574150975084,7.288460754855406
15B,int4_wo,DN7A_SACS2_Tsuboyama_2023_1JIC,-0.0031722834464723015,5.612850410091177
15B,int4_wo,DNJA1_HUMAN_Tsuboyama_2023_2LO1,0.006403733611629381,11.603597361765338
15B,int4_wo,DOCK1_MOUSE_Tsuboyama_2023_2M0Y,-0.007414463718773856,12.4629042791265
15B,int4_wo,DYR_ECOLI_Nguyen_2023,0.004503010067312463,12.921272887945438
15B,int4_wo,DYR_ECOLI_Thompson_2019,-0.003606687659861829,11.693103279029657
15B,int4_wo,ENVZ_ECOLI_Ghose_2023,0.008708208804603504,4.629037549643551
15B,int4_wo,ENV_HV1B9_DuenasDecamp_2016,0.0015552421362120122,4.02649777824199
15B,int4_wo,ENV_HV1BR_Haddox_2016,-0.013451175307564595,2.9032668259225214
15B,int4_wo,EPHB2_HUMAN_Tsuboyama_2023_1F0M,0.00031301754858348296,13.89308188505933
15B,int4_wo,ESTA_BACSU_Nutschel_2020,0.0007031030565030627,7.965161444644557
15B,int4_wo,F7YBW8_MESOW_Aakre_2015,-0.0026318918795960045,13.236695562266132
15B,int4_wo,F7YBW8_MESOW_Ding_2023,0.0006551908945926499,15.072831992765122
15B,int4_wo,FECA_ECOLI_Tsuboyama_2023_2D1U,-0.010526113860110375,7.1338531207821285
15B,int4_wo,FKBP3_HUMAN_Tsuboyama_2023_2KFV,-0.010432779442907214,4.406953656148215
15B,int4_wo,GAL4_YEAST_Kitzman_2015,0.0027143617950805554,8.232332428711663
15B,int4_wo,GCN4_YEAST_Staller_2018,-0.0019312062030892863,44.398297670012994
15B,int4_wo,GDIA_HUMAN_Silverstein_2021,-0.005990460430283118,7.035418883990703
15B,int4_wo,GFP_AEQVI_Sarkisyan_2016,-0.025721730747203797,3.1684471710798268
15B,int4_wo,GLPA_HUMAN_Elazar_2016,0.012505903920032535,8.084399277600056
15B,int4_wo,GRB2_HUMAN_Faure_2021,-0.006154554717579863,9.65205728225478
15B,int4_wo,HCP_LAMBD_Tsuboyama_2023_2L6Q,-0.007170244515785518,7.889978792720348
15B,int4_wo,HECD1_HUMAN_Tsuboyama_2023_3DKM,0.0012294288179813262,15.240650957590619
15B,int4_wo,HEM3_HUMAN_Loggerenberg_2023,0.0024115444241802897,10.037196358756292
15B,int4_wo,HIS7_YEAST_Pokusaeva_2019,0.009669213873444382,6.519515599811733
15B,int4_wo,HMDH_HUMAN_Jiang_2019,0.0024327144609990747,8.954661837484094
15B,int4_wo,HSP82_YEAST_Cote-Hammarlof_2020_growth-H2O2,0.006156016868274883,8.055195933079839
15B,int4_wo,HSP82_YEAST_Flynn_2019,-0.003402861247600031,8.276013416544528
15B,int4_wo,HSP82_YEAST_Mishra_2016,0.0018038661318200977,8.849790434418345
15B,int4_wo,HXK4_HUMAN_Gersing_2022_activity,0.00932555648420419,7.70117297121581
15B,int4_wo,HXK4_HUMAN_Gersing_2023_abundance,-0.0022594964062045975,7.689983449322051
15B,int4_wo,I6TAH8_I68A0_Doud_2015,-0.0342827340884935,2.298860158589083
15B,int4_wo,IF1_ECOLI_Kelsic_2016,-0.010992675443662003,8.678853232927779
15B,int4_wo,ILF3_HUMAN_Tsuboyama_2023_2L33,-0.025305848295649608,5.476312117264325
15B,int4_wo,ISDH_STAAW_Tsuboyama_2023_2LHR,-0.0080690012831518,12.472836207623677
15B,int4_wo,KCNE1_HUMAN_Muhammad_2023_expression,-0.0091102479959516,5.066295532452101
15B,int4_wo,KCNE1_HUMAN_Muhammad_2023_function,-0.0037210358470233795,5.065703609390216
15B,int4_wo,KCNJ2_MOUSE_Coyote-Maestas_2022_function,0.0002869427859311102,10.707473406070628
15B,int4_wo,KCNJ2_MOUSE_Coyote-Maestas_2022_surface,-0.003243160870849471,10.715301246181719
15B,int4_wo,KKA2_KLEPN_Melnikov_2014,0.0023412693964619535,9.295616874567536
15B,int4_wo,LGK_LIPST_Klesmith_2015,0.0007759498553803201,8.973626942599667
15B,int4_wo,LYAM1_HUMAN_Elazar_2016,0.0018634218505049205,7.641513330433957
15B,int4_wo,MAFG_MOUSE_Tsuboyama_2023_1K1V,0.0856101250750248,3.3751784628888246
15B,int4_wo,MBD11_ARATH_Tsuboyama_2023_6ACV,-0.04716834527575475,5.455896795694728
15B,int4_wo,MET_HUMAN_Estevam_2023,0.0008657895647448122,10.554786488033335
15B,int4_wo,MK01_HUMAN_Brenan_2016,0.0014860411506175952,7.944974661629607
15B,int4_wo,MLAC_ECOLI_MacRae_2023,0.011578629926887463,8.945518234753786
15B,int4_wo,MSH2_HUMAN_Jia_2020,0.010921562078970076,4.531929739472508
15B,int4_wo,MTH3_HAEAE_RockahShmuel_2015,-0.000512227928406106,9.422864995489888
15B,int4_wo,MTHR_HUMAN_Weile_2021,0.005621928380183994,7.711548963845387
15B,int4_wo,MYO3_YEAST_Tsuboyama_2023_2BTT,0.006135167351993709,6.64256543782964
15B,int4_wo,NCAP_I34A1_Doud_2015,-0.030944765200205004,2.5195405056370705
15B,int4_wo,NKX31_HUMAN_Tsuboyama_2023_2L9R,0.005533205589347445,9.450667455304913
15B,int4_wo,NRAM_I33A0_Jiang_2016,-0.041972946557853885,5.609881263121389
15B,int4_wo,NUD15_HUMAN_Suiter_2020,0.0036283920011837,8.417728505615422
15B,int4_wo,NUSA_ECOLI_Tsuboyama_2023_1WCL,0.006790390510343358,13.957562889062457
15B,int4_wo,NUSG_MYCTU_Tsuboyama_2023_2MI6,0.012145637246879282,5.124912760339988
15B,int4_wo,OBSCN_HUMAN_Tsuboyama_2023_1V1C,0.0007463876181731388,8.581724953683818
15B,int4_wo,ODP2_GEOSE_Tsuboyama_2023_1W4G,-0.0055055880507861865,11.442922208701024
15B,int4_wo,OPSD_HUMAN_Wan_2019,0.01586700077452341,7.760006103226957
15B,int4_wo,OTC_HUMAN_Lo_2023,-0.004191444723593896,8.36131791060581
15B,int4_wo,OTU7A_HUMAN_Tsuboyama_2023_2L2D,-0.003433033527448892,4.581601024063517
15B,int4_wo,OXDA_RHOTO_Vanella_2023_activity,-0.008187519978919588,7.632635127964329
15B,int4_wo,OXDA_RHOTO_Vanella_2023_expression,-0.0014224063306426116,7.738736793655811
15B,int4_wo,P53_HUMAN_Giacomelli_2018_Null_Etoposide,-0.006285988237977103,10.40103354239931
15B,int4_wo,P53_HUMAN_Giacomelli_2018_Null_Nutlin,-0.006946702338953392,10.40103354239931
15B,int4_wo,P53_HUMAN_Giacomelli_2018_WT_Nutlin,-0.005338793075446602,10.40103354239931
15B,int4_wo,P53_HUMAN_Kotler_2018,-0.002408680282946163,9.232188699238336
15B,int4_wo,P84126_THETH_Chan_2017,0.009268939978546387,6.774238077506272
15B,int4_wo,PABP_YEAST_Melamed_2013,0.00036906752385768016,11.46560953295656
15B,int4_wo,PAI1_HUMAN_Huttinger_2021,0.004798721477603685,6.425108158546294
15B,int4_wo,PA_I34A1_Wu_2015,0.0007750211087589887,3.3033873183504565
15B,int4_wo,PHOT_CHLRE_Chen_2023,0.0024368988355565335,8.473246469258692
15B,int4_wo,PIN1_HUMAN_Tsuboyama_2023_1I6C,-0.007999384938845111,8.53017537944591
15B,int4_wo,PITX2_HUMAN_Tsuboyama_2023_2L7M,0.005735520431887187,13.28369777491431
15B,int4_wo,PKN1_HUMAN_Tsuboyama_2023_1URF,-0.0034837812401352086,7.098501191733834
15B,int4_wo,POLG_DEN26_Suphatrakul_2023,-0.006819568533872111,6.366941702411403
15B,int4_wo,POLG_PESV_Tsuboyama_2023_2MXD,0.06070657030239089,7.174630894141414
15B,int4_wo,PPARG_HUMAN_Majithia_2016,-0.00355595734709524,8.697401877523038
15B,int4_wo,PPM1D_HUMAN_Miller_2022,0.000602123854521186,10.061340580799868
15B,int4_wo,PR40A_HUMAN_Tsuboyama_2023_1UZC,-0.014302530298663352,7.183310899946177
15B,int4_wo,PRKN_HUMAN_Clausen_2023,0.0015908577414751601,9.03083974926244
15B,int4_wo,PSAE_PICP2_Tsuboyama_2023_1PSE,0.013587988930049422,8.190822901637521
15B,int4_wo,PTEN_HUMAN_Matreyek_2021,0.013227087278484817,4.258766971659395
15B,int4_wo,PTEN_HUMAN_Mighell_2018,0.024291840834986478,4.321984782654327
15B,int4_wo,Q2N0S5_9HIV1_Haddox_2018,-0.013722157700808313,3.8610277455693875
15B,int4_wo,Q53Z42_HUMAN_McShan_2019_binding-TAPBPR,-0.010606758905273184,6.6909741513544345
15B,int4_wo,Q53Z42_HUMAN_McShan_2019_expression,-0.007141310038103144,6.6909741513544345
15B,int4_wo,Q59976_STRSQ_Romero_2015,-0.0033651321777428134,9.647709425345472
15B,int4_wo,Q6WV12_9MAXI_Somermeyer_2022,0.002848595362994401,3.561757360561685
15B,int4_wo,Q837P4_ENTFA_Meier_2023,0.00857732430666791,7.991950818741478
15B,int4_wo,Q837P5_ENTFA_Meier_2023,-0.0019535332974887076,9.36485205600593
15B,int4_wo,Q8WTC7_9CNID_Somermeyer_2022,-0.010266019698210196,3.8312300834537725
15B,int4_wo,R1AB_SARS2_Flynn_2022,-0.01778180918987793,5.036196167806863
15B,int4_wo,RAD_ANTMA_Tsuboyama_2023_2CJJ,0.011782447061789436,9.590290548299127
15B,int4_wo,RAF1_HUMAN_Zinkus-Boltz_2019,0.023698660337879485,5.803409188159255
15B,int4_wo,RASH_HUMAN_Bandaru_2017,0.00583544356631871,5.5660020728364135
15B,int4_wo,RASK_HUMAN_Weng_2022_abundance,-0.00585962112144689,7.183309419587696
15B,int4_wo,RASK_HUMAN_Weng_2022_binding-DARPin_K55,0.0032825391858042896,7.262087488385846
15B,int4_wo,RBP1_HUMAN_Tsuboyama_2023_2KWH,-0.012320470509441073,5.932361894412355
15B,int4_wo,RCD1_ARATH_Tsuboyama_2023_5OAO,-0.02242680513408779,8.254935737319244
15B,int4_wo,RCRO_LAMBD_Tsuboyama_2023_1ORC,-0.002756507242556827,13.202974599837322
15B,int4_wo,RD23A_HUMAN_Tsuboyama_2023_1IFY,0.00676983671117759,11.620506114971265
15B,int4_wo,RDRP_I33A0_Li_2023,-0.0030563269316494224,4.727554063072841
15B,int4_wo,REV_HV1H2_Fernandes_2016,0.00017021732476263374,7.661490364039659
15B,int4_wo,RFAH_ECOLI_Tsuboyama_2023_2LCL,-0.002095799022140993,8.868365154063234
15B,int4_wo,RL20_AQUAE_Tsuboyama_2023_1GYZ,-0.0013339404687869871,14.83088175284157
15B,int4_wo,RL40A_YEAST_Mavor_2016,-0.014338900641429952,5.56797566889561
15B,int4_wo,RL40A_YEAST_Roscoe_2013,-0.02490852189185433,5.315746005397024
15B,int4_wo,RL40A_YEAST_Roscoe_2014,-0.011928877201580312,5.776942587382345
15B,int4_wo,RNC_ECOLI_Weeks_2023,0.0031657217119678283,8.202337678987915
15B,int4_wo,RPC1_BP434_Tsuboyama_2023_1R69,0.017063981066520406,16.13753806958907
15B,int4_wo,RPC1_LAMBD_Li_2019_high-expression,0.0013616427331055725,6.563019479799225
15B,int4_wo,RPC1_LAMBD_Li_2019_low-expression,-0.017733454190817288,6.563019479799225
15B,int4_wo,RS15_GEOSE_Tsuboyama_2023_1A32,0.018096760826519842,8.399199028051635
15B,int4_wo,S22A1_HUMAN_Yee_2023_abundance,0.0018999734263355217,7.496022464600044
15B,int4_wo,S22A1_HUMAN_Yee_2023_activity,0.002172598125289804,7.553209342057604
15B,int4_wo,SAV1_MOUSE_Tsuboyama_2023_2YSB,-0.0002713553642227917,7.173049674877995
15B,int4_wo,SBI_STAAM_Tsuboyama_2023_2JVG,-0.01541449813825807,5.574792589283727
15B,int4_wo,SC6A4_HUMAN_Young_2021,0.001621381030981306,9.528536860889917
15B,int4_wo,SCIN_STAAR_Tsuboyama_2023_2QFF,0.005809194493409053,9.05964806776185
15B,int4_wo,SDA_BACSU_Tsuboyama_2023_1PV0,0.00019308804773210397,18.88837629871879
15B,int4_wo,SERC_HUMAN_Xie_2023,-0.00024667509309928004,9.993466002592598
15B,int4_wo,SHOC2_HUMAN_Kwon_2022,0.0131923530912747,4.832646057354635
15B,int4_wo,SOX30_HUMAN_Tsuboyama_2023_7JJK,0.0346196234861354,5.313484237320729
15B,int4_wo,SPA_STAAU_Tsuboyama_2023_1LP1,0.0525124395699265,6.278596910190789
15B,int4_wo,SPG1_STRSG_Olson_2014,0.005235983712817582,10.960331145079705
15B,int4_wo,SPG1_STRSG_Wu_2016,0.0033001914509367958,15.687916706848952
15B,int4_wo,SPG2_STRSG_Tsuboyama_2023_5UBS,-0.00962247421473783,13.19898448613844
15B,int4_wo,SPTN1_CHICK_Tsuboyama_2023_1TUD,-0.007936630769845632,8.46168032509933
15B,int4_wo,SQSTM_MOUSE_Tsuboyama_2023_2RRU,-0.0037563254961499037,4.5772119096656905
15B,int4_wo,SR43C_ARATH_Tsuboyama_2023_2N88,-0.010379614414115612,9.71159880522176
15B,int4_wo,SRBS1_HUMAN_Tsuboyama_2023_2O2W,-0.0011496494521704426,7.678465196119692
15B,int4_wo,SRC_HUMAN_Ahler_2019,-0.003984345490403607,7.3506412609240375
15B,int4_wo,SRC_HUMAN_Chakraborty_2023_binding-DAS_25uM,-0.0033280396717583205,7.40925711059411
15B,int4_wo,SRC_HUMAN_Nguyen_2022,-0.006589576595798674,7.345250824300028
15B,int4_wo,SUMO1_HUMAN_Weile_2017,-0.006415979801010385,4.866556746802793
15B,int4_wo,SYUA_HUMAN_Newberry_2020,-0.0037407483191863045,8.555571076778655
15B,int4_wo,TADBP_HUMAN_Bolognesi_2019,0.008561082187648297,5.323729184110668
15B,int4_wo,TAT_HV1BR_Fernandes_2016,0.042516644015823,3.2079982998673686
15B,int4_wo,TCRG1_MOUSE_Tsuboyama_2023_1E0L,-0.015763065356985018,9.502424489347424
15B,int4_wo,THO1_YEAST_Tsuboyama_2023_2WQG,0.007775792000429438,9.868452786240635
15B,int4_wo,TNKS2_HUMAN_Tsuboyama_2023_5JRT,0.006569885769882378,12.038859614950663
15B,int4_wo,TPK1_HUMAN_Weile_2017,-0.007397093311432346,6.548741208986102
15B,int4_wo,TPMT_HUMAN_Matreyek_2018,0.0015548553034868129,7.01881932423043
15B,int4_wo,TPOR_HUMAN_Bridgford_2020,-0.0033690568638014007,7.141984010285943
15B,int4_wo,TRPC_SACS2_Chan_2017,0.004784473121811739,10.073325892957522
15B,int4_wo,TRPC_THEMA_Chan_2017,-0.007823790827702515,9.21726065994191
15B,int4_wo,UBC9_HUMAN_Weile_2017,-0.009719856416486206,7.846303893421366
15B,int4_wo,UBE4B_HUMAN_Tsuboyama_2023_3L1X,0.007295329160063202,9.265075396158204
15B,int4_wo,UBR5_HUMAN_Tsuboyama_2023_1I2T,0.006085264256176837,10.504191701863192
15B,int4_wo,VG08_BPP22_Tsuboyama_2023_2GP8,0.0043235278314914805,11.21689559840046
15B,int4_wo,VILI_CHICK_Tsuboyama_2023_1YU5,0.013561216035797907,12.237656994511594
15B,int4_wo,VKOR1_HUMAN_Chiasson_2020_abundance,0.004043530392576877,10.359204984428027
15B,int4_wo,VKOR1_HUMAN_Chiasson_2020_activity,-0.003539214445535177,11.15387964633657
15B,int4_wo,VRPI_BPT7_Tsuboyama_2023_2WNM,0.03199332282255812,6.526940546982237
15B,int4_wo,YAIA_ECOLI_Tsuboyama_2023_2KVT,0.002937396655686708,13.259683005558514
15B,int4_wo,YAP1_HUMAN_Araya_2012,-0.007768277664382595,6.037331009045955
15B,int4_wo,YNZC_BACSU_Tsuboyama_2023_2JVD,-0.0025535931847077142,14.09362986918576
